sentence,emotion,predicted_emotion
"""Okay lang ako! Ano ba kayo?""",anger,anger
"""Napinsala ang iyong tibialis anterior.""",fear,fear
"""Ha? Saan 'yun? Ay basta, ayos lang ako. Habulin na lang natin 'yung kriminal at baka makatakas siya!""",anger,anger
"""Nakakalungkot, nasa Kanluran siya.""",sadness,sadness
"""Tsk. Kailangan kong magtago. Alam na ng mga pulis na ako ang pumatay sa hayup na 'yun,"" sabi nung kriminal.",fear,fear
Ito na lang ang alaala ko sa kanya dahil . . . dahil . . . wala na rin si Demi na pusa niya.,sadness,sadness
Lagi kong sinisisi ang sarili ko dahil sa pagkamatay ni Demi at dahil napakahina ko noon.,sadness,sadness
"Pero kapag naaalala ko 'yung sinabi nung Huntres habang nasa digmaan, lumalakas ang loob ko. Gusto kong maging katulad niya. Kahit nasa gitna kami ng laban nun ay wala siyang pinakitang kahinaan, kahit na andaming namamatay sa paligid niya.",joy,joy
"""Sa burol na naman?"" sabay ngiti sa akin ni Akane.",joy,joy
Napangiti tuloy ako bigla.,joy,joy
Kahit papaano ay gumagaan ang pakiramdam ko at nawawala lahat ng problema ko nang panandalian. Napangiti ulit ako nung nakita ko ang mga berdeng bulaklak habang naglalakad ako.,joy,joy
"Huminga naman ako nang malalim para pigilan 'yung luha ko. Hanggang ngayon, nagsisisi pa rin ako sa nangyari.",sadness,sadness
"Kahit na alam kong magkasama na sila ni Mama ngayon, nalulungkot pa rin ako. Masakit na kapag gumigising ako, hindi ko siya nakikita sa tabi ko o sa loob ng kwarto.",sadness,sadness
Natatakot ako sa pwedeng mangyari pero ito ang dapat naming gawin.,fear,fear
"Kahit sinabi ko 'yun ay nag-aalala rin ako para kay Mama, at alam kong ganun din si Hiro.",fear,joy
Napaka-protektibo niya pagdating sa Mama niya. Siguro dahil natatakot siyang mawala o malayo ulit sa kanya.,fear,fear
Ganun din kasi ako kay Papa. Kahit na siya ang pinakamalakas sa amin ay natatakot pa rin ako kapag umaalis siya. Natatakot ako na baka kung anong mangyari sa kanya.,fear,fear
"""Paumanhin.""",sadness,sadness
"""Hindi talaga. Hati sila ni Dad. Marahil ay gusto niya lang ipagmalaki,"" sabay ngiti niya. Napangiti rin ako sa ideya na 'yun.",joy,joy
Bigla akong naawa sa kanya at kahit madilim ay kita ko ang lungkot sa mukha niya.,sadness,sadness
"""Eto,"" sabay abot ko ng berdeng bulaklak na hawak ko sa kanya. ""Punan mo ang iyong isipan ng masasaya at positibong pag-iisip.""",joy,joy
"""Salamat,"" tapos kinuha niya 'yung bulaklak.",joy,joy
"""Kung hindi 'to alam ni Sir Hideo, iligal 'to. Tatakas tayo? Pero baka makita niya tayo.""",fear,fear
"Tumayo si Akane at binalik niya 'yung mapa sabay sabing, ""bakit kasi umaga ang PE na klase natin? Sino bang sira ang tuktok ang nagmungkahi nito?""",anger,anger
Natawa naman ako sa sinabi niya hanggang sa umabot na ang pang-aasar niya kay Ken sa pagkatao niya.,joy,joy
"Kapag nag-aaway sila, gumagaan lagi ang kapaligiran. Kaya siguro labis akong naging malapit sa kanila nitong nagdaang taon dahil kapag kasama ko sila, nakakalimutan ko 'yung mga masasamang nangyari.",joy,joy
"""Anong ginagawa mo? Nakakakilabot, Akane.""",fear,fear
"""Hmm, 115 bpm. Tiyak na sabik,"" sabay ngiti niya sa akin.",joy,joy
"""Pfft. Nakakatawa 'yung reaksyon mo kanina!""",joy,joy
"""Pano nakakatakot 'yang itsura mo. Masyadong seryoso.""",fear,fear
"""Hoy Ken!"" sabay batok niya kay Ken.",anger,anger
"""Aray! Problema mo?! Sakit nun ha! Ginulo mo pa buhok ko!""",anger,anger
"""Magulo naman talaga buhok mo! Bakit ba kasi 6 AM ang minungkahi mong klase sa PE ha? May sira na ba 'yang utak mo?""",anger,anger
"""Talaga? Salamat."" Ngumiti naman si Riye sa kanya at nilagay niya sa loob ng bag 'yung libro.",joy,joy
Pinanood ko lang silang dalawa habang nag-uusap at napangiti ako.,joy,joy
"""Hindi niyo ako matatakasan.""",anger,anger
Nagsitayuan ang mga balahibo ko nung biglang may bumulong sa tenga ko.,fear,fear
Napabuntung-hininga na lang ako dahil sa pananakot na ginawa niya. Akala ko kung sino na!,anger,anger
"Aatakihin ako sa puso ng wala sa oras dahil kay Ma'am Michiko eh. Pero ang nakakainis, ako lang ang nagulat.",anger,sadness
"""Biro lang 'yan.""",joy,sadness
Nagtawanan lang kami doon at kahit papaano ay gumaan ulit ang kapaligiran.,joy,joy
"""Talaga po, Sir?"" Bigla akong namangha nung narinig ko 'yun.",joy,joy
Napatingin ulit ako kay Sir Hiroshi at lalo lang akong namangha.,joy,joy
"At nung umalis kami, pinangako ko sa sarili ko na hinding-hindi na ako sasakay dito. Sa sobrang bilis ay hindi nakayanan ng utak ko at nagdilim ang paligid ko.",fear,fear
"""Mabuti at gising ka na,"" sabi ni Hiro.",joy,joy
Matapos ang ilang minuto ay nawala na 'yung bigat ng sikmura ko at medyo umayos ang pakiramdam ko.,joy,joy
"""Teka, Sir. Hindi ba tayo mahuhuli nito dahil pumasok tayo sa Romania ng walang pasabi?"" tanong ni Akane habang nakasilip pa sa bintana at palakad-lakad.",fear,fear
Bigla namang umalog 'yung eroplano kaya napakapit ako sa upuan ko at pumikit.,fear,fear
"""Akemi, huwag kang pumunta sa bandang iyon,"" sabay turo ni Akane sa harapan. ""May naririnig akong mga mababangis na hayop. Sa tingin ko ay may mababangis na mga oso at baboy-ramo sa lugar na 'yun.""",fear,fear
"""S-siguro naman mekanismo 'yan ng kweba no?"" tanong ko sa kanila.",fear,fear
"""M-mukha nga. Hindi naman siguro tayo makukulong dito."" Mukhang hindi sigurado at natakot din si Akane.",fear,fear
"""Whoa . . . paanong . . . "" Hindi na naituloy ni Akane ang sasabihin niya at napanganga na lang din siya.",joy,joy
"""Oh. Magandang lugar. Hindi ko akalaing mayroong ganito.""",joy,joy
At kahit walang magsabi ay alam kong may tensyon na namamagitan sa aming lahat.,fear,fear
Tumingin siya sa akin tapos ngumiti kaya napangiti rin ako.,joy,joy
"""Masaya akong makita ka ulit, Rainie.""",joy,joy
Pagkatapos naming magpakilala ay wala nang nagsalita at naramdaman ko na naman ang tensyon sa pagitan naming lahat.,fear,fear
Kahit na sibil kami sa isa't isa ngayon ay may pagdududa pa rin kami sa kahihinatnan ng pulong na ito.,fear,fear
Bigla namang tumingin si Nel kay Krystal at alam kong anumang oras ay may mangyayari nang masama dahil bigla ulit tumaas ang tensyon sa paligid.,fear,fear
"""May ibig ka bang ipahiwatig?"" maangas na sabi ni Krystal . . . at literal ang ibig kong sabihin dahil sa namumuong yelo sa lamesa kung saan nakalapag ang kamay niya.",anger,anger
Uh oh. Naamoy ko ang gulo.,fear,fear
"Biglang tumahimik ang lahat at tanging 'yung tunog lang ng hangin na umiikot sa loob ang naririnig. Maging ang balat ko ay nararamdaman ang tensyon dahil tumaas ang mga balahibo ko at nabalutan ng pangingilabot. Pati sina Akane, Hiro at 'yung mga kasama nina Darwin, Krystal at Nel ay naging alerto rin. Isang salita o kahit kaunting kilos ay maaaring magsimula ng gulo.",fear,fear
"Bigla na lang akong nakaramdam ng sobrang bigat at sabay-sabay namin nilabas at itinutok ang aming mga armas sa isa't isa, pagkatapos ay biglang nagyelo ang lamesa at upuan.",fear,fear
Medyo nanginginig ako dahil bigla kong natutok ang baril ko na may balang palaso dahil nakaramdam ako ng bigat sa direksyon niya.,fear,fear
"Bigla ko ulit naramdaman ang bigat, pero sa pagkakataong ito, mas malala. Sobrang bigat sa pakiramdam ang nanggagaling sa tatlong ito.",fear,fear
"""Magaling. Nasabi mo ang punto mo nang maayos."" Narinig ko ang boses ni Hiro sa isip ko pero hindi ako makalingon sa likod dahil nakatingin sa akin 'yung tatlo.",joy,joy
"""Hindi. Mukha kang lider, tulad ng iyong ama.""",joy,joy
Napangiti naman ako at nabawasan ang bigat sa loob ko dahil doon. Ayoko kasing lumabas na bastos at sabihing nagmamarunong ako dahil sa mga nasabi ko. Gusto ko lang talagang magkaroon ng malapit na relasyon sa ibang mga tribo.,joy,joy
"""Pasensya na sa asal niya,"" biglang sabi nung isang lalaki na nasa likuran ni Nel. ""Nahihirapan kasi siya nitong mga nakaraang araw. Sa inyo tuloy nabubuhos,"" sabay hawak niya sa balikat ni Nel at nakita kong biglang napatigil si Nel.",sadness,sadness
Bigla naman silang nagtawanan habang kaming apat na nakaupo ay parang napahiya. Pero dahil doon ay nawala 'yung bumabalot na tensyon.,joy,joy
Napatingin ako kay Darwin at nakita kong ngumiti siya.,joy,joy
"""Nararapat pa nga. Baka biglang magbago na naman ang mood ng iba,"" sabi nung isa pang babae sa likod ni Krystal habang nakahawak sa balikat ni Krystal.",fear,fear
Nagamit ko na ang Black Dimension ng ilang beses nitong nakaraang ilang buwan kahit hindi ko pa masyadong kontrolado ang pagbukas at sara nun pero masasabi ko na sobrang mapanganib doon ngayon.,fear,fear
"Ang lugar na iyon ay sobrang tahimik at madalas akong nakakarinig ng maraming paghiging at paghuni, at ang tensyon sa kapaligiran ay masyadong mataas.",fear,fear
Pakiramdam ko ay laging may nakatingin sa akin kapag nandoon ako kaya nga hangga't maaari ay hindi muna ako naglalakbay doon kung hindi naman kailangan.,fear,fear
"""Siyempre. Matagumpay na nasalakay ng kaniyang grupo ang kuta ng mga Shinigami at nakuha nila ang mga mata ng kanilang mga kasama.""",joy,joy
Biglang bumalik ang tensyon sa loob ng silid at bumilis ang tibok ng puso ko dahil parang may malalaman akong hindi ko inaasahan.,fear,fear
Naramdaman ko ang mga daliri ni Akane sa balikat ko at siguradong napansin niya ang pagbilis ng heartbeat ko.,fear,fear
"""Mabuti naman sila. Sa katunayan, mas maraming mga Shinigami ang sumali sa amin nung nalaman nilang buhay pa sila at sila ang nangunguna. Sa tingin ko, maganda ang reputasyon ng mga magulang ko noon.""",joy,joy
"""Mabuti kung ganoon.""",joy,joy
"""Ayos na,"" sinabi ko habang nakangiti.",joy,joy
"""Oo. Ayos na. Lubos akong nasaktan noong mga unang buwan pagkatapos ng digmaan. Pero nakapagpatuloy na rin naman ako at marami na akong natutunan ngayon kaya ayos na ako.""",joy,joy
"""Naiintindihan ko. Mukhang hindi na kailangan mag-alala para sa iyo.""",joy,joy
"""Salamat nga pala dito. Nagpapainit ito sa akin dahil sa malamig na lugar tayo nakatira.""",joy,joy
"""Sige,"" sabi niya. Bigla naman siyang tumingin sa akin. ""Sige, mauna na kami. Masaya akong makita ka ulit, Rainie.""",joy,joy
"""Ayos lang 'no. 'Di ba naging kaklase mo siya dati bago kayo masangkot sa mundo ng mga Erityian kaya alam naming nagkukwentuhan kayo tungkol sa mga nangyari sa inyo. 'Di ba, Hiro?"" sabi ni Akane at nagsimula na lang maglakad si Hiro kaya sinundan na lang namin siya at narinig ko ang hagikgik ni Akane.",joy,joy
"""Shit, hindi ko alam kung paano lalapag!""",fear,anger
"""Yo-yo ka dyan! Ano ba ang ginagawa ninyo rito?!""",anger,anger
"""Mabuti. Hindi ko man lang napansin,"" sabay itinapon ito kay Reiji at nasambot naman ito.",joy,joy
"""Ang sakit nun ha!"" Nilagay naman ni Ken ang braso niya paikot sa leeg ni Akane at nagrambulan na naman sila.",anger,anger
Bigla akong kinabahan dahil baka nalaman ni Papa ang nangyaring lihim na pagpupulong sa pagitan ng apat na mag tribo kaya niya kami pinapatawag.,fear,fear
Baka nagalit siya dahil hindi namin sinabi o hindi man lang kami nagtanong sa kanya.,fear,fear
"""Nandito na sila,"" sabi ni Papa at ngumiti naman ang kasama niya.",joy,joy
"""Bakit po kayo nandito?"" tanong ko at ngumiti siya sa akin.",joy,joy
"Kahit 'yun lang ang sinabi niya ay alam ko na ang ibig niyang sabihin kaya napatingin ako kay— sa Mama ni Hiro, at nakangiti siya sa amin. ""Oo. Sasama ka sa akin.""",joy,joy
"""Na mapanganib ito. Nag-aalala siya sa atin.""",fear,fear
"""Nararamdaman mo rin ba ang presensya na iyon?"" Napatingin ako kay Hiro na diretso lang na nakatingin pero seryoso ang ekspresyon niya.",fear,fear
"Dahil sa huli, dahil sa mga Shinigami kung bakit nawala ang apat sa Great Seven, kasama ang asawa niya pati na si Mama. Alam kong masakit pa rin para sa kanya lahat ng nangyari kahit ilang taon na ang nakalipas, ganun din para kay Papa at kay Ma'am Michiko.",sadness,sadness
"Kapag kasi tungkol sa kanya, napapansin kong parang nagiging mahina si Papa. Nawawala ang awra ng pagiging Presidente niya. Ayaw ko naman siyang pilitin dahil alam kong traumatic at masakit para sa kanya ang mga nangyari sa kanila.",sadness,sadness
Napangiti naman ako habang tinitingnan ko siyang maglagay ng contacts.,joy,joy
Nakakamangha kung paano niya nagawang itago ang kaniyang pagkatao sa mahabang panahon.,joy,joy
Napatingin din ako sa paligid at may naramdaman akong kakaiba. Sinuri ko ang mga tao sa paligid at nakita ko ang ilang mga taong mukhang kahina-hinala na nagmamasid sa amin.,fear,fear
Napatingin din ako sa kalapit na gusali kung nasaan ang isa pang nagmamanman sa amin at nakita kong sinusundan niya pa rin kami ng tingin.,fear,fear
Napasandal na lang ako at huminga nang malalim.,fear,sadness
"Lalo pang tumataas ang lebel ng stress ko dahil hindi ko alam kung paano 'to sasabihin kina Darwin, Krystal at Nel.",fear,fear
Nakakamangha na nagawa niyang talunin ang limang 'yun sa loob lang ng ilang minuto.,joy,neutral
Narinig ko pa nga ang mahinang pagtawa ni Mama sa harapan namin kaya bigla akong nahiya.,joy,joy
"""Gumawa siya ng maliit na eroplano dati at tinawag nila itong Kaoru. Mukhang nagawa na niya talaga ang proyektong 'yun.""",joy,joy
"""Huwag kang bibitaw,"" sabi ni Hiro. At ang sunod kong namalayan, nagsasara na ang Black Dimension at nakita ko ang sakit sa kanyang ekspresyon.",fear,fear
"Napapikit si Hiro at alam kong unti-unti na niyang nararamdaman ang epekto ng Black Dimension sa katawan niya. Naramdaman ko rin ang lalong paghigpit ng braso ng Shinigami sa leeg ko, hanggang sa punto na hindi na ako makahinga.",fear,fear
"""H-Hiro . . ."" Tinapik ko ang kanyang mukha pero hindi siya tumutugon. ""Huwag na huwag kang mamamatay sa harap ko. Hiro... pakiusap, gumising ka.""",fear,fear
Bigla niyang iminulat ang mga mata at dumaing. Pagdilat niya ay tuluy-tuloy na ang pagtulo ng luha ko dahil sa takot at pasasalamat na buhay siya.,joy,joy
"""Patawad."" Pagkasabi niya nun ay napayakap na rin ako sa kanya.",sadness,sadness
Sobrang natakot ako sa nangyari sa kanya. Nung nakita ko siyang unti-unting nawawalan ng malay kanina ay parang bagyong pumasok ulit sa isip ko lahat ng nangyari noong digmaan. Ang pagkamatay ng mga taong kilala ko ay gumuhit sa isipan ko . . .,fear,fear
"Natakot akong may mawala na namang importante sa akin. Nawalan na ako ng aking ina, kaibigan, mga kasama, at mga guro. Ayoko nang may mawala ulit.",sadness,sadness
"Minura ko ang sarili ko dahil sa pag-iyak. Sa nagdaang taon, nagsanay ako para maging malakas, para maprotektahan ko ang mga taong mahalaga at sumosoporta sa akin. Pero hindi ko pa rin sila naprotektahan.",anger,anger
"""Iniligtas mo ako,"" bulong ni Hiro.",joy,joy
"""Halos mamatay ka na.""",fear,anger
"""Pero buhay pa rin ako."" Bumitiw siya at hinarap niya ako sa kanya, ""At dahil iyon sa'yo. Kaya huwag mong sabihing mahina ka dahil hindi ka ganoon.""",joy,joy
"""Sa tingin ko, napunta na tayo sa lugar na hinahanap natin,"" sabi niya at maging ako ay natulala sa nakita namin.",fear,fear
Alam kong mas malalim ang sugat ni Mama pagdating sa pagkawala ng mga taong mahalaga sa kanya pagkatapos ng nangyari dati.,sadness,sadness
Nawala sa kaniya ang asawa niya at ang mga malalapit na kaibigan at hindi niya nakita ang anak niya sa loob ng labinlimang taon.,sadness,sadness
"""Anong gagawin natin?"" tanong ko dahil hindi ko naman inaasahan na makakarating kami kaagad sa pakay naming lugar.",fear,fear
"""Magbantay muna tayo sa paligid mula dito. Kailangan nating hintayin sila bago gumawa ng anumang hakbang. Paparating sila, di ba?"" Tumango naman ako bilang kumpirmasyon.",fear,fear
Bigla naman akong may naramdamang presensya na papalapit sa amin kaya naging alerto ang isip at katawan ko.,fear,fear
"""Ano ang ginawa mo? Dalawa sa kritikal na bahagi ng katawan mo ay nasa delikadong kalagayan.""",fear,fear
"""Hindi. Kaya nga tinawag itong mga kritikal na bahagi ng katawan. Pwede kang mamatay kung lumala pa ang sugat mo.""",fear,fear
"""Dahil nalaman nilang nandito sa Japan sina Naomi at Rainie. Siyempre, bilang isa sa Great Seven, gusto nilang pabagsakin siya,"" sagot ni Darwin.",fear,fear
"""Sandali, bakit pati ako?"" Naintindihan ko ang tungkol sa nanay ni Hiro pero bakit na naman nila ako kailangan? Dahil pa rin ba sa kadahilanang ako ang anak ni Rielle/Akemi?",fear,fear
"""H-hindi maaari. Ang mga mata ko ay hindi naman ganoon . . .""",fear,sadness
Gusto kong sumunod sa kanila pero baka maging pabigat lang ako sa kanila dahil sa sugat ko. Sinubukan kong igalaw ang braso ko at konting galaw lang ay sobrang sakit ang nararamdaman ko sa balikat ko. Sa tingin ko ay hindi ko magagamit ang right limb ko.,sadness,sadness
Nasa panganib sila.,fear,fear
"""Ako ang kailangan ninyo, hindi ba?!"" sigaw ko at napatingin silang tatlo sa akin. Inabot ko agad ang isip nina Hiro at Darwin para balaan sila.",anger,anger
Naririnig ko silang dalawa na nagmumura sa mga isip nila habang pumupunta sa gusali sa harapan nila.,anger,anger
Napangiti ako dahil sinunod nila ako at mas minabuti nilang ituloy ang plano.,joy,joy
Napatingin naman ako sa lalaking inatake ko. Hindi na siya gumagalaw.,joy,joy
"""Kunin mo ako, kung kaya mo,"" malakas kong sabi at kinilabutan ako nung naramdaman ko ang sabay-sabay na pagbukas ng ilang bahagi ng Black Dimension.",fear,fear
Napangiti ako ng may tagumpay. Natupad ko ang aking tungkulin.,joy,joy
Pero hindi ko na yata kakayanin pa dahil lahat sila ay sabay-sabay na sumugod sa akin.,sadness,anger
Papatayin na ako ng mga Shinigami na ito.,fear,fear
Nakita ko sina Krystal at Nel sa tabi ko at ang mga salita ni ni Nel ay nagbigay sa akin ng konting lakas.,joy,joy
Hinawakan niya ang balikat ko at kahit na sobrang sakit ay hindi na ako makasigaw o makaiyak dahil wala na akong lakas para doon.,sadness,sadness
Para akong nabunutan ng tinik nung hindi ko na masyadong maramdaman ang sakit ng balikat at braso ko. Unti-unti na ring lumilinaw ang paningin ko at pagtingin ko sa paligid ay isa-isang nagbagsakan ang mga Shinigami.,joy,joy
Naramdaman ko naman bigla ang tuluy-tuloy na pagbukas at pagsara ng Black Dimension sa paligid namin at isa lang ang ibig sabihin nun—nagpapadala na sila ng mga karagdagang pwersa at alam na talaga nilang nandito kami. Malamang alam na rin nila ang mga plano natin.,fear,fear
"""Sabi ng walang ingat,"" dagdag naman ni Nel at tinignan siya nang masama ni Krystal pero tinawanan lang siya. Napangiti naman ako dahil kahit papaano ay natulungan ko sila.",joy,joy
"""Man, sira na ang plano natin!"" sabay upo ni Nel sa kaliwa ko at sumunod naman si Krystal sa kanya.",anger,anger
"""Oh. Isang guwapong lalaking may suot na salamin ang tumulong sa amin,"" sabi ni Nel at umakto pa siya na may hawak na salamin sa kamay niya at saka nilagay sa mga mata niya. ""Heck, sobrang bilis ng byahe na 'yon akala ko magsusuka na ako.""",joy,joy
"Napatigil naman ako sa pag-iisip nung naramdaman ko na naman ang pagbukas ng Black Dimension, at sa pagkakataong ito, kinilabutan ako dahil sobrang laking parte ang unti-unting bumubukas. Mukhang nakaramdam din nang masama sina Nel at Krystal dahil nag-iba ang galaw nila at naging pang-depensa ang mga posisyon nila.",fear,fear
"""Ano itong nakakakilabot na pakiramdam?""",fear,fear
Pagtingin ko doon sa matandang babae na tinawag niyang Izumi ay lalo akong kinilabutan dahil nakakatakot ang ekspresyon niya.,fear,fear
"""Isang salita pa at pupugutan kita ng ulo.""",anger,anger
"""Kung kaya mo, matandang bruha.""",anger,anger
"""Sasama ka sa amin, sa gusto mo man o hindi.""",anger,anger
"""Hindi ako sasama sa inyo kahit ano pang gawin n'yo. Mas pipiliin ko pang mamatay kaysa mapunta sa mga kamay ninyo.""",anger,anger
"""Kung ganoon, edi mamatay ka,"" sabi nung lalaki at bigla siyang sumugod sa amin.",anger,anger
May masama akong pakiramdam tungkol dito.,fear,fear
Kinilabutan ako dahil alam kong mapapagalitan ako pero hindi ko 'yun pinakita. Tumango lang ako dahil 'yun lang ang kaya kong gawin ngayon...,fear,fear
"Pero habang nakatingin ako sa likuran nila, kinilabutan ako dahil sa presensya nila.",fear,fear
"""Dapat sana ay ginawa ko na ito taon na ang nakararaan,"" sabi naman ni Papa at kahit hindi ko nakikita ang ekspresyon niya ay naramdaman ko ang sakit sa bawat salitang binitiwan niya.",sadness,sadness
"""Gawin mo ang lahat. Burahin mo ang lugar na ito kung saan siya labis na nagdusa.""",anger,anger
"""Hoy! Saan ka pupunta?!"" sigaw ni Nel nung bigla akong tumakbo.",fear,fear
Napatigil ako sa paglalakad at hinigpitan ko ang hawak sa palaso ko. Lalong lumakas ang ingay at kasabay nun ay ang pagbilis ng tibok ng puso ko dahil hindi ko alam kung ano ang paparating sa akin.,fear,fear
"""Habulin siya!""",anger,anger
"""Heh. Kung gayon, ikaw ang anak ng traydor na 'yun?"" sabi ng isa na mukhang pinuno ng grupo na 'to. Nag-init ang ulo ko nung marinig ko 'yun at hinarap ko siya.",anger,fear
"""Ako nga. Ako ang anak ni Rielle. May problema ka ba roon?""",anger,anger
"Talagang nakakainis kapag tinatawag siyang traydor. Hindi siya tanggap ng mga Senshins at hindi rin siya kinikilala ng mga Shinigami. Kung ako nga ay nasasaktan para sa kanya ngayon, gaano pa kaya kasakit ang naramdaman niya noon?",anger,anger
Gusto kong masaktan at umiyak para sa kanya pero alam kong ayaw niya 'yung mangyari. Nakakainis pero alam kong ang mga paghihirap niya ay para sa akin.,sadness,sadness
"""Hindi ako papayag na hawakan niyo siya,"" bulong ko habang binibitawan ang palaso mula sa pana.",anger,anger
Natamaan nito ang likod ng Shinigami at tumingin sa akin si Darwin ng may pagmamalaki.,joy,joy
"""Ayos ka lang ba?"" tanong ni Darwin nung makalapit na siya sa akin.",fear,fear
"""O-Oo. Nga pala, nasaan si Hiro?"" Magkasama sila nung pumasok sila rito. Bakit wala siya ngayon?",fear,fear
Sandali ko lang 'yun nakita pero naghalu-halo na ang emosyon ko dahil doon. Pagkakita ko sa sarili ko noong sanggol pa lang ako at hawak ng aking ina habang nakangiti siya ay nagparamdam sa akin na espesyal ako.,joy,joy
"Habang pinapanood ko ang aking ama na sinisira ang gusali, naramdaman ko ang isang pakiramdam ng kaginhawahan at kalungkutan. Sa nakikita ko sa kanyang mga kilos, alam kong gusto niyang gawin ito matapos ang lahat. Gusto niyang burahin ang lugar na ito kung saan nagdusa ang aking ina.",sadness,sadness
Nakatingin lang ako sa chip. Natatakot ako sa maaari kong malaman batay sa data na nakalap namin ni Darwin pero gusto kong makilala si Mama.,fear,fear
"""Oo. Natatakot akong malaman ang katotohanan.""",fear,fear
Ganito na naman. Ako na naman ang dahilan. Lagi ko na lang silang nadadamay sa sarili kong gulo. Akala ko malakas na ako para depensahan ang sarili ko at pagkakataon ko na para protektahan sila ngunit laging bumabalik ang lahat sa pangyayaring sila ang magpoprotekta sa akin. Ayaw ko nito. Ayaw ko ng pakiramdam na 'to.,anger,anger
Bigla naman siyang ngumiti sa akin at lumapit siya para yakapin ako.,joy,joy
Sabi ko hindi na ako iiyak pero paulit-ulit ko namang binabali ang pangakong 'yun.,sadness,sadness
"""Pasensya na, Rainie. Pasensya na kung hindi ko masabi ang tungkol sa iyong ina."" Tumango lang ako dahil naiintindihan ko naman ang sitwasyon ni Papa. Hinigpitan ko ang yakap ko sa kanya at ganun din ang ginawa niya sa akin.",sadness,sadness
"""Para sa ating ninuno, Ryou!"" sigaw nila habang nakataas ang mga sandata. ""Hayaan nating ang tagumpay na ito ang maging simula ng panibagong panahon! Shinigami!"" Isa na namang dumadagundong na sigaw ang pumuno sa paligid.",joy,joy
Bigla tuloy akong natauhan dahil hindi ko man lang ulit sila nakita para makapagpasalamat. Sila ang dahilan kung bakit ako nakaligtas sa laban. Kung hindi dahil sa kanila . . .,sadness,sadness
Akala ko ay magrereklamo siya pero ilang segundo lang ay naramdaman ko ang paglalim ng paghinga niya. Tinanggal ko ang kamay ko sa mga mata niya at napangiti ako nung nakita kong natutulog na siya.,joy,joy
Inuna kong tignan ang pictures na nakalagay doon at halos sumikip ang dibdib ko habang ginagawa ko 'yun.,sadness,sadness
Tiningnan ko ang mga larawan at tumulo ang mga luha ko nang walang tigil. Nararamdaman ko ang hirap at sakit na dinanas niya. Alam kong sobrang hirap ng pinagdaanan niya base sa mga kwentong naririnig ko pero ngayong nakikita ko ang nangyari ay mas malala pa pala 'to kaysa sa iniisip ko.,sadness,sadness
Parang lumubog ang puso ko nung narinig ko 'yun.,sadness,sadness
Gusto kong maalala ang nangyari noong bagong silang pa lang ako. Gusto kong maramdaman na hawak ako ng nanay ko sa huling hininga niya. Gusto kong maalala lahat ngunit hindi ko kaya.,sadness,sadness
Nakatingin lang ako sa paanan ko dahil pakiramdam ko ay maiiyak lang ulit ako kapag hinarap ko siya. Ilang beses akong huminga nang malalim para kumalma at saka ako humarap sa kanya.,sadness,sadness
Hindi ko pa kayang basahin ang iba pang files na nakalagay doon dahil sobrang bigat na kaagad ng pakiramdam ko. Baka ang pagbisita sa dati kong paaralan ay makakatulong sakin upang mabawasan ang sakit.,sadness,sadness
"""Nakakamiss,"" bulong ko at tumango naman si Darwin.",sadness,sadness
"""Masaya akong makita kayong dalawa ulit,"" bati niya sa amin at napansin kong wala siyang suot na contacts kaya kitang-kita ang berdeng mga mata niya.",joy,joy
"""Salamat sa pagsama sa akin,"" sabi niya at saka siya ngumiti.",joy,joy
Naging masaya din naman ako kaya walang anuman.,joy,joy
Huminga ako nang malalim at saka ako ngumiti sa kanya.,joy,joy
Ilang gabi na rin akong umiiyak dahil sa mga nangyari kay Mama nung nandoon siya sa Dungeon. Sobrang sakit makita lahat ng 'yun. Sobrang sakit malaman lahat ng pinagdaanan niya para sa akin.,sadness,sadness
Nandito ako ngayon sa harap ng puntod niya. Kanina pa ako nakaupo rito dahil gusto ko lang siyang makasama ngayong araw. Gusto kong nasa tabi niya ako ngayon dahil alam kong ilang buwan siyang naging mag-isa nung nasa tiyan niya pa lang ako. Gusto kong ibalik ang pagmamahal niya sa akin.,sadness,sadness
Bigla namang tumulo ang luha ko habang inaalala ang lahat ng 'yun.,sadness,sadness
"""Sobrang hinahangaan kita, Mama. Ang lakas mo. At kahit walang tao na nakikipag-usap tungkol sa iyo dito dahil sinabi nilang sumpa ka, ikaw pa rin ang aking bayani. Nakakalungkot lang na wala ka na rito.""",sadness,sadness
Pinunasan ko ang luha ko pero tuluy-tuloy pa rin silang tumutulo.,sadness,sadness
Ang daming mga tanong ngayon sa isip ko. Ang dami kong gustong gawin kasama sina Mama at Papa pero alam kong hinding-hindi na 'yun mangyayari kahit ano pang gawin ko.,sadness,sadness
"Hindi ko na napigilan ang sarili ko at napahagulgol na ako. Sobrang sakit para sa akin na hindi man lang kami naging buo. Ni hindi man lang niya nakasama ang pamilya niya nang matagal. Kung ganito na kasakit para sa akin, hindi ko maisip kung gaano kasakit ang naramdaman niya sa mga panahon na iyon.",sadness,sadness
Sobrang sakit at siguradong ganito rin ang nararamadaman ni Papa lalo na't nakita niya pa mismo ang pagkamatay ni Mama.,sadness,sadness
"""Namatay siya sa mga bisig niya.""",sadness,sadness
"""Hindi ko alam,"" sabi niya at nakita ko ang kalungkutan sa mga mata niya. ""Noong mga nakaraang buwan, inaalala ko ang ilang hindi pamilyar na alaala.""",sadness,sadness
"""Makikinig ako,"" sabi ko sa kanya. Napatingin siya sa akin at saglit siyang ngumiti.",joy,joy
"""Ngunit ang pag-alala ay kasing sakit ng paglimot.""",sadness,sadness
"""May bumuhat sa akin. Ang buong katawan niya ay dumudugo at naririnig ko ang sarili kong umiiyak. Nakita ko ang mukha ng Presidente. Ang lalaking humahawak sa akin ay may sinasabi sa kanya . . ."" Biglang naputol ang pagsasalita niya at nakita kong tumutulo na ang luha niya. Hindi ko alam kung bakit pero nararamdaman ko ang sakit niya na parang nandoon din ako. Hindi ko namalayan na umiiyak na rin pala ako.",sadness,sadness
"""Pagkatapos, nakita ko ang isang babae na malapit nang mamatay."" Napatigil ako nung marinig iyon. Halos lumubog ang puso ko dahil alam ko kung sino ang tinutukoy niya. ""Hindi ko maalala lahat ng sinabi niya ngunit namatay siyang nakangiti.",sadness,sadness
Ang paligid ay napuno ng iyak niya.,sadness,sadness
"""Hindi po ako makatulog."" Awtomatikong tumulo ang luha ko pagkasabi ko noon at agad kong tinago ang mukha ko sa saklob ng kapa na suot ko pero naramdaman ko ang kamay niya sa ulo ko.",sadness,sadness
"""Hindi mo kailangan itago ang mga luha mo."" Napatingin ako sa kanya at nakita kong tahimik lang siyang lumuluha habang nakatingin sa puntod ni Mama.",sadness,sadness
Naramdaman ko ang sakit sa bawat salitang binitiwan ni Papa kaya hinigpitan ko ang yakap ko sa kanya. Napangiti ako nung narinig kong ginawa rin 'to ni Mama sa kanya pero nasaktan pa rin ako dahil doon.,sadness,sadness
Ayan na naman ang malungkot niyang ngiti.,sadness,sadness
"Pero ang totoo, natatakot akong matulog dahil parang mapapanaginipan ko lahat ng nalaman ko kay Mama.",fear,fear
Nakaramdam ako ng pagbara sa lalamunan noong narinig ko 'yon mula sa kaniya.,sadness,fear
Tinatapik-tapik ni Papa ang balikat ko at gumaan ang pakiramdam ko. Pakiramdam ko ay bata ulit akong pinapatulog kaya naman napangiti ako.,joy,joy
"""Ikaw at ang nakakainis mong sixth sense. Ubos na nga!""",anger,anger
"""Hello ulit,"" masayang bati ni Gemma sa amin.",joy,joy
"""Hindi pa rin matatag pero unti-unti tayong bumabawi. Salamat sa inyong lahat.""",joy,joy
"""Gusto ko lang ipagdiwang ang ating tagumpay, at syempre, ang katapusan ng ating kasunduan.""",joy,joy
Pagkasabi niya nun ay nagkaroon ng tensyon sa silid at napatingin ako kina Hiro.,fear,fear
"""Wow. Magandang punto 'yan pero para kang isang humdrum na politiko."" Nagtawanan naman silang lahat nung sinabi 'yun ni Nel kaya medyo nahiya ako pero napangiti pa rin ako dahil mukhang nag-agree sila sa akin.",joy,joy
"""Wow. Salamat, Darwin. Gagamitin ko 'to.""",joy,joy
Masaya ako na hindi kami nauwi sa ganoon. Nasa tabi ko pa rin siya.,joy,joy
"""Salamat,"" rinig ko sa isip ko. ""Rainie.""",joy,joy
"""Nandito na ulit ako, Vince,"" bulong ko habang hinahaplos ang puntod niya.",sadness,sadness
Minumulto pa rin ako ng kamatayan niya at binibigyan ako nito ng mga bangungot.,sadness,sadness
Tuwing gabi ay pinipilit kong isipin na panaginip lang ang lahat at buhay pa rin siya. Nandito pa rin siya at hinihintay niya ang pagbabalik ko pero lalo lang akong nasasaktan.,sadness,sadness
Ni hindi man lang kami nakapagpaalam nang maayos sa isa't isa. Ni hindi ko man lang siya nayakap. Hindi ko man lang nasabi sa kanya lahat ng gusto kong sabihin.,sadness,sadness
"Pagtingin ko, lumapit siya sa puntod nina Akira at Mayu. Naglagay siya ng mga bulaklak sa harap ng mga puntod nila at nagdasal.",sadness,sadness
Natapos ang digmaan tatlong araw ang nakalipas at ang Tantei High ay nagluluksa pa rin sa mga Senshin na nawalan ng buhay. May madadagdagan na namang mga puntod dito.,sadness,sadness
"""Hindi ako makapaniwalang dito pa tayo magkikita-kita,"" sabi ni Michiko at nakita kong tumulo ang luha niya. May naramdaman akong presensya sa likuran at pagtingin ko, nandoon na rin si Hideo. Nakatalikod siya sa amin at nakatingin lang sa langit.",sadness,sadness
Habang nandito kami ngayon ay muli na naman akong nilalamon ng katotohanan na tatlo na lang kaming natira . . . na ang mga kaibigan namin ay wala na.,sadness,sadness
"""Kahit na maraming bagay na ang nangyari, masaya ako na kasama ko pa rin kayong dalawa,"" sabi ko habang pinipiligang tumulo ang luha ko. ""Kaya parang awa niyo na . . . wag na wag rin kayong mamamatay sa piling ko.""",sadness,sadness
Ang pagbabalik ko rito habang kasama sila ay mas nagpalinaw ng mga alalang iyon. Kung kaya ko lang ibalik ang oras na masaya kami . . . Kung kaya ko lang patigilin muli ang oras . . .,sadness,sadness
Nandito ako ngayon sa bago naming tirahan ni Nathan sa Teacher's Village at natutuwa ako dahil pinipilit niyang maging komportable ang paligid sa pagitan namin.,joy,joy
"Ngunit pagkatapos kong basahin ang mga nasa isip niya, nalungkot at nasaktan ako dahil nagsisimula na siyang maalala ang digmaan labinlimang taon ang nakalipas noong siya ay isang taong gulang pa lamang. Maaaring hindi niya namamalayan na tinutulak niya ang mga ito palayo sa dulo ng isip niya ngunit ang ikalawang digmaan ang naging dahilan para maalala niya ulit ito.",sadness,sadness
Nagulat naman ako nung biglang may tumulong luha sa mga mata niya at parang bumagsak ang puso ko nung nakita ko 'yun.,sadness,sadness
Niyakap ko ang anak ko dahil alam kong sinisisi niya rin ang sarili niya sa nangyari. Bakit sa ganito pang paraan niya maaalala ang tatay niya?,sadness,sadness
"""Pinili niyang protektahan ka. Ginawa niya ang lahat para iligtas ang ating kinabukasan, kaya sa halip na humingi ng tawad, magpasalamat ka sa iyong ama. Magagawa mo ba 'yan para sa akin, Nathan?""",sadness,sadness
Tumulo ang mga luha ko habang inaalala ko ang mga masasaya naming alala at ang miserable ng pakiramdam ko dahil patuloy na bumabalik ang lahat ng mga alalang iyon . . . ngunit hindi kailanman ay siya. At hindi magiging siya.,sadness,sadness
"""Hi Mitsuo! Maligayang pagdating sa pamilyang Atama!"" masayang sabi ni Akira.",joy,joy
Nagulat naman kami nung sinimangutan lang kami ni Mitsuo at pumunta siya sa bandang gilid. Nagkatinginan lang kami nina Michiko at nakita kong nadismaya sila.,sadness,sadness
Napatingin naman ako doon kay Mitsuo at halos magkasalubong na ang kilay niya. Ang bastos naman ng lalaking ito.,anger,neutral
"""Yung isang miyembro. 'Yung babae,"" sabay ngiti niya nang nakakaloko.",joy,joy
"""Success! Nagulat ko siya!"" masayang sabi ni Akira.",joy,joy
"""Pfft. Hahaha! Labanan ba 'to ng ekspresyon ng mukha? Ikaw, walang ekspresyon,"" sabay turo ni Michiko kay Hideo. ""Ito namang si Mitsuo parang laging galit!""",joy,joy
"""Tss. Gusto ko nang umalis agad sa lugar na 'to. Bakit kailangan kong makasama ang mga tao na 'to? Sisipain ko ang matandang 'yon pagbalik ko.""",anger,fear
"""Sikat talaga tayo,"" sabay tawa ni Michiko dahil nga maraming nakatingin sa amin.",joy,joy
"""Hindi ba, Hiroshi? Paglaki mo, ikaw naman ang titignan. Kaya kailangan pogi ka. At huwag na huwag kang tutulad kay Hideo o dito sa Mitsuo na 'to. Walang ekspresyon ang mukha nila.""",joy,joy
Napangiti naman ako nung sinabi niya 'yun at natawa si Akira nung tumango si Hiroshi pagkatapos non. Hindi ko tuloy alam kung seryoso bang sagot 'yun ni Hiroshi o pinagtitripan niya lang kami.,joy,joy
"Kahit ba bata, hindi niya rin papansinin? Okay, puno na ako sa kabastusan niya.",anger,anger
"""Hey,"" sabay hampas ko sa likod niya at narinig ko pa ang pagsingap nina Akira, Michiko at Akemi. Maski ako nagulat dahil masyado yatang napalakas ang pagpalo ko. ""Tinatawag ka ng bata.""",anger,anger
"""Tsk!"" Tinignan niya ako nang masama at muntik na akong mapaatras pero hindi ako nagpatinag.",anger,anger
"""Umaangal ka na ba ngayon?""",anger,anger
"""H-hindi, sir.""",fear,fear
"""Mabuting bata, Vince,"" sabay tawa nung matanda na parang nang-aasar.",joy,joy
"""Damn you, old fart, pinagtitripan mo ba ako?!""",anger,anger
"""Damn! May mas malala pa pala kay Hideo sa pag-alaga ng bata! Hahaha!""",joy,joy
Kahit ayaw ko ay natawa na rin ako dahil sa itsura niya na halos kapareho nung ekspresyon niya nung iniwan siya nung matandang lalaki kasama ang isang bata sa bahay nila.,joy,joy
"""Kung gayon, hindi naman pala masamang maging mausisa.""",joy,joy
"""Teka,"" sabay hawak ko sa balikat niya. ""Huwag mo siyang hawakan."" Tumingin ako kay Michiko at kumuha kaagad siya ng guwantes.",fear,fear
"""Huh? Baliw ka ba? Kailangan mong baligtarin 'tong katawan para makita mo 'yun! Makikita tayo ng mga pulis na humdrum! Baka bigla na lang tayong paalisin dito dahil ginalaw natin 'to,"" pabulong na sabi ni Michiko sa kanya.",fear,fear
"""Ugh! Ang kulit!""",anger,anger
"""Whoa! Akala ko 'di tayo aabot!"" sabi ni Michiko.",fear,fear
"""Muntik na akong mamatay sa sobrang kaba!"" dagdag ni Akira.",fear,fear
Wow. Makakatulong agad iyon pero nakakalungkot nang konti. Makakalimutan niya rin ba ang mga tao pagkatapos ng mahabang panahon? Mawawala ba ang kaniyang alaala?,sadness,sadness
Nagising ako habang hinihingal at pawis na pawis. Katulad na bangungot na naman. Damn. Hindi epektibo ang binigay na gamot ni Dr. Miwako.,anger,anger
Lumapit ako sa kanya at tinapik ko ang balikat niya pero mukhang napalakas kaya tumingin siya nang masama sa akin. Nung nakita niya ako ay bumalik sa galit na ekspresyon ang mukha niya.,anger,anger
Nagulat ako nung bigla niya akong hinigit sa bewang at tinakpan niya ang bibig ko. Nagtago kami sa likod ng puno at ramdam ko ang paghinga niya sa tenga ko. Papalag na sana ako pero bigla siyang bumulong sa akin.,fear,fear
Bigla ko namang narinig ang boses nina Sir Kyo at Sir Tora habang naglalakad kaya nataranta ako. Hindi nila mapapalamas ang ganitong uri ng paglabag sa patakaran.,fear,fear
Tumayo muna ako para kumuha ng papel at panulat para sa aming dalawa. Hindi ko rin napigilan ang pagngiti ko. Hindi ako makapaniwala na nasasabik ako dito. Nakakakabog-damdamin talaga kapag may inaaral kang bago.,joy,joy
"""Kahit naman hampasin ko siya ng tubo, wala pa ring ekspresyon 'yung mukha niya,"" sabi ko naman at biglang tumawa si Akira nang malakas.",joy,neutral
Bigla namang lumingon sa akin si Akemi at ngumiti nang nakakaloko.,joy,joy
"""Oo nga! Wow, minsan ko lang makita ang mga miyembro nila.""",joy,joy
"""Mukha kang may kumpiyansa at kalkulado sa panlabas pero ang totoo, kinakabahan ka at hindi kampante sa sarili mo.""",sadness,sadness
"""Sir Eiichi!"" tumili ako at nginitian niya lang ako.",joy,joy
Lampas doon ay ang mga mababangis at masasamang nilalang na libreng nakakagala para magsilbing proteksyon namin mula sa mga hindi imbitadong bisita. Ngunit hindi kami kabilang sa hindi nila aatakihin.,fear,fear
"Walang anumang babala, isang halimaw ang biglang sumugod sa akin.",fear,fear
Agad akong tumalon papunta sa mga sanga ng puno sa tabi ko at sumalpok nang diretso ang ulo ng nilalang sa puno. Nayanig nang matindi ang puno at muntik na akong mahulog diretso sa halimaw.,fear,fear
"Ang mababang ungol nito ay nagpatayo ng balahibo ko at nang lumiwanag ang paligid dahil sa liwanag ng buwan, namilipit ang sikmura ko dahil sa nakakakilabot na itsura ng nilalang na ito.",fear,fear
"Hindi na ako nakapagsalita dahil umalog na naman nang malakas ang puno. Sabi ko ay hindi na ako titingin sa baba pero nang nakita ko ulit ang itsura niya, nakaramdam ako ng takot.",fear,fear
"May malapad at mahabang balat, mukha itong baboy-ramo pero kasing laki ng leon. Ang panga at mga ngipin nito ay parang sa pating habang ang katawan ay nababalot ng matutulis na balahibo. Nakaramdam ako ng hilo sa pagtitig dito ng ilang segundo at nagsimulang lamunin ng takot ang aking mga pandama.",fear,fear
"Akala ko sapat na ang isang halimaw para takutin ako nang husto, dalawa . . . tatlo . . . anim . . . anim pa ang lumitaw at pinalibutan kami. Binalot ang isipan at katawan ko ng nginig at takot.",fear,fear
"""Shit, sabi nang tumigil ka!"" sigaw ni Mitsuo at lumuhod siya para makita ko siya. ""Naamoy ng mga nilalang na 'to ang takot at naaakit sila rito. Kung ayaw mong mas dumami pa ang lumapit, kumalma ka!""",anger,anger
Pagkarinig ko nun ay lalong bumilis ang tibok ng puso ko pero bago pa madagdagan ang nararamdaman kong takot ay sinubukan kong kalmahin ang sarili ko.,fear,fear
"""Pahawak saglit,"" hinga ko. ""Pakiusap."" Nanatili akong tahimik ngunit pagkatapos ng ilang segundo, gumalaw siya at inilagay ang kanyang likod sa harap ko.",fear,fear
"""Siya?"" May panunuksong ngiti ang lumabas sa kaniyang labi.",joy,joy
Natakot ako noong marinig ang Council of Elders. Sila ay isang grupo ng mga tagapayo at tagapangalaga na tumutulong sa mga pinuno sa kanilang mga desisyon at batas.,fear,fear
"Ang kanilang katapatan sa tribo ay ganap, ngunit iyon din ang dahilan kung bakit sila ay itinuturing walang puso.",fear,sadness
"Gagawin nila ang lahat upang protektahan ang mga Senshin at ang lugar na ito, kahit na nagdudulot ito ng panganib at banta sa iba.",fear,fear
Binawi ni Sir Kyo ang maikling patalim niya at kita naman sa mukha ni Mitsuo ang inis.,anger,anger
"""Ngunit hindi ako isang tao na maaari mong sundan ng walang ingat,"" sabi niya nang may seryosong tono at ramdam ko ang mga kilabot sa aking katawan. Ang unang pumasok sa isip ko ay ang tumakas, ngunit ayokong mapagkamalang duwag. Hindi sa harapan niya.",fear,fear
"Nakikita ko ang isang malawak at disyertong bukirin, na may mga uwak at buwitre na lumilipad sa paligid nito. Pula ang langit dahil sa paglubog ng araw at pinatindi nito ang nakakatakot na paligid. Naririnig ko rin ang mga boses, ang ilan sa kanila ay galit at ang iba naman ay umiiyak nang buong puso. Nakatayo sa gitna ng bukirin ang isang matandang lalaki na hawak ang kanyang sandata—isang bardiche.",fear,fear
"Sa sandaling ito, ako naman ang nagbago ang ekspresyon. Matatanggap ko pa kung sinabi niyang kakaiba o matapang pero ang sabihing tanga ako? Wow. May lakas ng loob ang lalaking ito.",anger,anger
"""Hey."" Humakbang ako palapit at sinampal siya nang malakas. ""Tawagin mo na ako ng kahit ano pero hindi ako tanga."" Pagkatapos kong kunin ang pamaypay sa tabi ko, itinuro ko ito sa kaniya. ""Tandaan mo 'yon at sana hindi iyon maalis sa mga alaala mo.""",anger,anger
"Pareho kaming natahimik pagkatapos noon. Hindi ko alam ang nangyari pero pagkatapos ng ilang mga segundo, ngumiti kami sa isa't isa. Sa oras na ito, alam kong may nagbago sa pagitan namin.",joy,joy
"""Salamat, Naomi,"" sabi niya. ""May utang ako sa'yo.""",joy,joy
"""Mmm."" Tumango siya sa akin pero naiiyak na siya.",sadness,sadness
"""Gusto mo ba ng sorbetes?"" tanong ko para makabawi at biglang nagliwanag ang mukha niya kaya napangiti ako.",joy,joy
Awtomatikong gumalaw ang paa ko at sinipa ko siya sa ilalim ng mesa. Nakaramdam siya ng sakit pero napangiwi na lang siya at sinamaan ako ng tingin.,anger,anger
"""Sabi ko sa'yo wag mo kong tawaging tanga. Palamigin mo munas ang ulo mo at samahan mo siya."" Pagkatapos kong sabihin 'yon ay nagmartsa ako palabas.",anger,anger
"""Nakakainis siya. Tinatawag niya akong tanga at nakakatawa. Sino ba siya? Bwisit siya.""",anger,anger
"Well, nakakapikon ang lalaking iyon. Nakakainis siya.",anger,anger
"""Tapos—hahahaha! Sabi sa kanya ni Mitsuo, ""pakiusap wag mo na akong hampasin"" tapos natulala lang si Naomi kanina at napasagot siya ng ""okay"" My gosh kung nakita mo lang 'yung itsura nila kanina! Nakakatawa talaga!""",joy,joy
"Kahit na inasar niya ako nang walang tigil kanina, napangiti ako nang makita ko ang maamo niyang mukha. Ang pagkikita nila ni Koharu pagkatapos ng mahabang panahon ay tila labis na nagpasiya sa kanya.",joy,joy
"Nasa ika-13 na pahina na ako nang mabasa ko ang bahaging iyon, at namangha ako dahil ang mga kemikal na iyon ay maaaring magdulot ng emosyon na tinatawag na pag-ibig. Nakakatuwa ang bahagi tungkol sa agham pero mas sabik akong basahin ang sikolohikal na pagpapaliwanag nito.",joy,joy
"""Mapanganib ang pag-ibig, at kasunod lang nito ang kamatayan.""",fear,fear
"""Matagal na rin simula nung seryoso akong nakipaglaban,"" mahinang sabi ni Mitsuo. ""Oras na para wasakin ang mga kalaban.""",joy,joy
My knees gave up on me as I feel the pain coursing through my leg. Bumigay ang mga tuhod ko at naramdaman ko ang sakit na bumabalot sa binti ko. Nataranta ako dahil baka makita itong oportunidad ni Haruka para umatake pero mas pinili niyang tumakbo sa direksyon ng kasama niya.,fear,fear
"""Pasensya! Hindi ko sinasadya. Dahil sa hangin, nagbago 'yung direksyon ng target.""",fear,fear
"""Pfft. Nakakatawa 'yung itsura niyo,"" dagdag pa ni Akira.",joy,joy
"""Pakiramdam ko ay responsable ako sa kung anong nangyari."" Napatigil naman ako no'ng narinig ko 'yon kay Mitsuo.",sadness,sadness
"""Pero kung naging mas mabilis ako sa kilos ko, sana hindi kayo nandito. Nandoon ako pero hindi ko man lang kayo naprotektahang dalawa. Lalaki ako pero hinayaan kong masaktan ang dalawang babae sa harap ko.""",sadness,sadness
"""Hindi ko siya inaasahag maging maginoo. Ang tumatak na impresyon ko sa kanya ay maiksi ang pasensya at walang emosyon pero ngayon ay nasaksihan ko ang pagiging maalaga niya. Wow.""",joy,joy
"""Baka nga maling desisyon ang pagpunta dito. Damn it, old fart. Kasalanan mo tong lahat.""",anger,anger
"""Narinig mo pala, huh?"" kalmado niyang pagkakasabi at ang tono niya ay nakakatindig-balahibo.",fear,fear
Lumayo siya sa akin at kinabahan ako sa pagsigaw niya. Ramdam na ramdam ko ang galit niya at alam kong sumobra na ako.,fear,fear
"""Layuan mo ako,"" malamig niyang sabi at saka nagmartsa papunta sa pintuan.",anger,anger
"""P-paumanhin!"" biglang sigaw ng lalaki at bigla siyang lumuhod kaya napatayo ako.",fear,fear
"""Salamat,"" sinabi ko at nginitian siya pabalik.",joy,joy
"""Anong ginagawa mo?!"" sigaw niya pero hindi ko siya pinansin at tinulak ko siya paupo sa bangko. Gaya ng dati, sinamaan lang niya ako ng tingin at tinaasan ng kilay.",anger,anger
"""Huwag kang mag-isip ng kung ano-ano,"" malamig niyang sabi.",anger,anger
"Wala akong maalala mula sa mga magulang ko kundi ang paboritong linya ng nanay ko: Ang alaala ng isang tao ay malinaw na makikita sa kaniyang mga mata. Tama siya, dahil ngayon, pinuno ng mga alaala ni Mitsuo ang isip ko. Isang karagatan ng dugo, daan-daang bangkay, iyak ng mga tao sa buong lugar, at siya na nakatayo sa gitna ng lahat ng iyon. Gamit ang lahat ng natitirang lakas ko sa pag-iisip, nilipat ko ang mga mata ko sa sugat niya at nanghina ang mga tuhod ko at lumalim ang hininga ko.",sadness,sadness
"Oo, malamig ang gabi, pero nanginig ang katawan ko dahil sa katakot-takot niyang mga alala. Dahan-dahan kong kinalma ang sarili ko at tinignan ko siya nang masama pero hindi ko inaasahan ang nakita ko.",fear,fear
"""Oo at nakakakilabot 'yon.""",fear,fear
"""Dapat matuto ka sa mga eksperto,"" sinabi ko ng may kumpiyansa.",joy,joy
"""Tama nga ang teorya natin,"" sabi ko at namangha sa mga salitang nakasulat sa mga libro.",joy,joy
Sabay naming tinawag ang mga pangalan nila dahil masyadong mabigat ang presensya nila na umaabot pa sa puntong nakakasakal ito.,fear,joy
"""Oohh. Matagal na rin simula nung ganito ka kawala sa sarili,"" biglang sabi ni Akira at tiningnan niya ako ng may nakakalokong ngiti.",joy,joy
"""Oo, dahil mayroon akong sintomas na katulad nung nakasulat sa libro."" Pagkasabi ko no'n ay saglit na natawa si Mayu kaya naman nagtaka ako.",joy,joy
"Matapos kong basahin ang tala na iyon, biglang sumagi sa isip ko ang mga nakakatakot na mukha nina Akemi at Mitsuo, at agad akong nanginig. Ang ideya na sila'y mga Shinigami ay labis na nakakakilabot at nakakabahala.",fear,fear
"""Mas mabuti kung hindi mo alam,"" sabi niya at ang mapanghamak niyang ngiti ay labis na ikinainis ko.",anger,anger
"Seryoso talaga ako tungkol doon pero tinitigan lang niya ako na para bang may sinabi akong katawa-tawa, at makalipas ang ilang segundo ay bigla siyang humalakhak.",joy,joy
"""Nakakatawa ka talaga,"" dagdag niya pa kaya sinamaan ko siya ng tingin.",anger,anger
"""Mas pinapahirap mo kasi ang pag-alis ko."" Pagkasabi niya no'n ay may kung ano akong naramdaman pero hindi ko alam kung ano. Huminto lang ako sa paglalakad pero hindi ko siya nilingon. ""Palagi kang nagpapakita at hindi ko alam kung paano ka haharapin, kaya gusto kong tapusin na ito dito. Itigil na natin ito.""",sadness,sadness
Ito na ba ang konsepto niya ng closure? Hindi ko nga alam kung ano ang ibig niyang sabihin dito. Hindi ko siya maintindihan at ayoko ng pakiramdam na nalilito.,sadness,sadness
"""Kalilimutan mo na ako,"" sabi niya at may kumirot sa dibdib ko.",sadness,sadness
"""Pero . . . gusto kita,"" sabi ko at nawala ang boses ko. Naiinis at desperado na ako dahil hindi ko maintindihan ang lahat kaya't nasabi ko ang mga salitang iyon. Gusto kong bawiin ang mga salitang 'yon pero hindi ko alam kung paano.",sadness,sadness
"""Pakiusap, huwag."" Pagkarinig ko noon ay parang may tumama sa puso ko. Sa unang pagkakataon ay nasaktan ako.",sadness,sadness
Naaalala ko na naman. Ni hindi ko nga alam kung ano ang kailangang itigil. Sigurado akong ako lang ang may nararamdaman pero ang pahayag na iyon ay mas lalong nagpagulo sa akin at ang pagkalito ay isa sa mga bagay na pinaka-ayaw ko.,anger,anger
Kumain lang kami at naghintay ng ilang oras pero nagulat na lang kami nang biglang bumukas ang pinto. Hinihingal si Akemi habang nakatitig siya sa amin na para bang nakakita ng multo.,fear,fear
"Gusto ko siya, inamin ko na iyon, pero sa tingin ko ay hindi ito tama. Oo, mahusay at malumanay siya na tao sa kabila ng kanyang anyo at kilos, pero ang kanyang mga alaala . . . ang mga pag-iisip na nakita ko ay nagpakita ng ibang bagay.",fear,sadness
"Ang kanyang mga nanlilisik na mata, tusong ngiti, ang kanyang damit na basang-basa sa dugo ng mga tao at ang espada na hawak niya . . . ang kanyang mga alaala ay nagdulot sa akin ng panginginig sa takot.",fear,fear
"""Miss!"" sabay hawi sa akin ng isang babae. ""Tumakbo ka na! May mamamatay-tao d'yan! Dali!""",fear,fear
Nag-iisip ako ng plano para patigilin siya ngunit napahinto agad ako nang makita ko ang katawan na nakahiga sa likod niya. Nagilitan ang lalaki at ang kaniyang dugo ay nagpintura sa cobblestones ng parke.,fear,fear
"Umikot ang mamamatay-tao at nagtama ang aming mga mata. Noong nakita ko ang mukha niyang may peklat, muntik na akong hindi huminga.",fear,fear
Natigilan ako sa takot at pagtataka ngunit ang naglalagablab at matindi niyang mga berdeng mata ay walang pinakitang awa.,fear,fear
"""Tumakbo na kayo! Ngayon na! Papatayin niya ang lahat!"" Epektibo ang babala ko dahil sa sobrang takot sa boses ko na walang halong pagpapanggap. Lahat sila ay nagmamadaling umalis sa lugar at pagkatapos ng ilang mga segundo, ang natira na lang ay ang lalaki, ang patay na katawan, at ako.",fear,fear
"""Ikaw . . ."" Tinuro niya ulit ako. ""Katulad kita! Hindi mo ako maloloko!"" Dumagundong siya sa tawa na nagpatakot sa akin ngunit panandalian lamang.",fear,fear
Mukha siyang isang baliw at sobra akong natakot. Inabot ko ang pamaypay ko ngunit napatigil ako nang sumigaw siya sa akin.,fear,fear
"""Katulad ka lang din nila!"" sigaw niya at hinawakan niya ang kutsilyo gamit ang dalawa niyang kamay at itinutok sa dibdib ko. ""Gusto mo 'kong patayin! Mamatay ka! Mamatay ka!""",anger,anger
Umikot siya at nung nagtama ang mga mata namin ay nanginig ang katawan ko na parang ang takot at taranta na dapat kanina ko naramdaman ay ngayon lang umepekto. Lumuhod siya sa harap ko at dahan dahan akong hinila para yakapin.,fear,fear
"Hindi ko alam ngunit nagsimulang tumulo ang mga luha ko mula sa mga mata ko. Hinampas ko ang likod niya dahil naiinis, naguguluhan at natatakot ako nang sabay sabay pero hindi siya nagreklamo. Sa halip ay hinila niya ako palapit.",sadness,sadness
"""At ito ang dahilan kung bakit ayokong mapalapit ka sa akin,"" hinga niya at naramdaman ko ang tibok ng puso niya sa kaniyang dibdib.",sadness,sadness
"""Ngunit masaya ako na ligtas ka. Sobrang saya ko at nagpapasalamat.""",joy,joy
"""Sinungaling,"" sinabi ko sa gitna ng mga iyak ko.",sadness,sadness
"Naputol ang usapan namin nung may malakas na bumagsak at sumigaw si Akira. Noong lumingon ako, wala ng malay si Akemi sa sahig.",fear,fear
"""Salamat sa lahat,"" bigla niyang sabi kaya napatingin ako sa kanya. Nakatitig siya sa langit na may kalmadong ekspresyon.",joy,joy
Salamat pero hindi ako karapat-dapat mahalin. Baka masaktan at masira lang kita kaya ibigay mo ang puso mo sa taong talagang kayang protektahan ka. Pero ang nararamdaman mo para sa akin ay pahahalagahan ko.,sadness,sadness
"Kahit unti-unti nang nawawala ang aking mga pandama, naramdaman ko ang mga luha ko na tumutulo sa pisngi ko at nakita ko ang nahihirapan niyang ngiti. Gusto ko sanang magsalita ngunit pinagtaksilan ako ng boses ko at iyon na ang huling mga salita na narinig ko bago ako mawalan ng malay.",sadness,sadness
"Nagulat naman ako nang bigla niya akong niyakap at naramdaman ko ang pagpipigil niya sa pag-iyak. Doon ko lang din napansin na nasa silid ako ng ospital at nandito rin sina Michiko, Mayu at Hideo.",sadness,sadness
Hindi sila sumagot at iyon ay nagpa-inis sa akin.,anger,anger
"""Wala na sila,"" sinabi niya nang malumanay ngunit ang boses niya ay umalingawngaw sa buong kwarto. ""At hindi na sila babalik pa kahit kailan.""",sadness,sadness
"""Hindi dapat ako mapalapit sa kanila. Misyon lang ito at habang nasa misyon, isinasantabi dapat ang nararamdaman o mabibigo ka lang sa huli o mas malala, mamamatay ka. Habang tumatagal ako rito, mas lalo lang akong naguguluhan. Minsan, pakiramdam ko ay masyado akong komportable na nakakalimutan ko na hindi ako nababagay dito. Na hindi ako isang Senshin.""",sadness,sadness
"""Kung gayon, talaga ngang Shinigami siya,"" sabi ni Akira at mukha siyang nanlulumo.",sadness,sadness
Napangiti ako sa sagot niya at nakita ko ang labi niyang gumalaw rin. Namiss ko kung pano kami mag-asaran at masaya ako na maayos pa rin siyang nakakapag-isip kahit na nasa mahirap kami na sitwasyon.,joy,joy
"Kita sa mga mata niya ang pag-aalala at alam kong dahil 'yon sa binabalak ko. Dahil sa huli nga naman, nawala sa kaniya ang anak niya dahil sa isang misyon na walang kasiguraduhan tulad nito.",sadness,sadness
"""Ang lugar na 'yon?"" Binigyan niya ako ng nananakot na ngiti at nagbigay iyon sakin ng kilabot.",fear,fear
Gagalaw na sana ako ngunit may naramdaman akong presensya sa paligid ko. Tumaas ang lebel ng pandama ko dulot ng pagkabalisa at dahan dahan kong inihanda ang armas ko. Nanigas ang katawan ko noong nakarinig ako ng nakakatakot na tawa ngunit ang parke ay nanatiling walang tao.,fear,fear
Bigla na lang tumaas ang balahibo ko sa batok at may nagsalita malapit sa tenga ko.,fear,fear
Nag-init ang buong katawan ko na para bang itinapon ako sa apoy. Hindi ako makahinga nang maayos at ang mga pandama ko ay unti-unting naglalaho.,fear,fear
Hinila ng Shinigami ang buhok ko at sumilay ang kanyang mukha sa harapan ko. Hindi ko alam kung nahihibang na ako ngunit ang mukha niya ay puno ng mga peklat na hindi ko na matukoy ang kaniyang anyo.,fear,fear
Ang tindi ng kaniyang titig ay sapat na para masuka ako pero ang mga salita niya ay tumusok sa akin na parang lason at naalala ko ang alaalang nakita ko kanina.,fear,joy
Magsasalita na sana ako pero pareho kaming napatigil. Pareho naming naramdaman ang nakabibinging presensya na nagkukubli sa paligid namin. Hindi pa tuluyang gumagana ang mga pandama ko ngunit sapat na ito para malaman ang panganib na haharapin namin.,fear,fear
"Bumilis ang tibok ng puso ko at parang tumaas ang lebel ng adrenaline at serotonin ko. Nang kailangan ko ng dibersyon mula sa lahat ng mga nararamdaman ko, bigla siyang kumuha ng baril at nagpaputok sa kaliwang bahagi.",fear,fear
Magtatanong pa lang sana ako kay Mitsuo pero nagulat ako nang bigla na lang nawala ang lalaki. Pinangunahan ako ng instinct at pinili kong lumayo sa kaniya. Tinulak ko siya at hinayaan ko ang sarili ko na mahulog sa lapag. Muntik na akong mawalan ng malay dahil sa sakit ngunit nagawa ko pa rin na maging alerto.,fear,fear
Nanatili akong nakaupo at nanginginig ang buong katawan ko sa takot. Mukhang handa nang pumatay ng kahit sino yung Huntres at iba ang naramdaman ni Mitsuo.,fear,fear
"Ang boses sa likod ko ay nagdala ng kilabot sa akin at ang tanging magagawa ko na lamang ay ang paggamit ng sixth sense ko. Nagawa kong patigilin ang oras sa paligid ko ngunit sa tatlong segundo lamang para makalipat ako ng posisyon. Noong naubos na ang oras, isinaksak ng Huntres ang kaniyang mukhang anino na patalim sa lugar kung nasaan ako tatlong segundo ang nakaraan.",fear,fear
Narinig ko siyang tumawa at napangiti ako noon ng konti. Mas gusto ko ang pagkatao niya na ito.,joy,joy
"""Hindi naman masama ang maging mausisa tungkol sa isang bagay o tao, pero minsan, pwede rin itong maging delikado. Tulad na lang ng ginawa mo."" Bigla naman siyang lumingon kaya napatigil ako nang magkaharap na ang mga mukha namin. ""Itinaya mo ang buhay mo para hanapin ako at nang makita kitang walang malay ay natakot ay sa unang pagkakataon.""",fear,fear
"""Oo. Siguro dapat sinabi ko na ito sa iyo dati pa. Siguro hindi ka na sana nakialam sa akin pagkatapos nito at siguro mawawala na rin ang nararamdaman mo sa akin at mag-iiba na.""",sadness,sadness
Biglang napalitan ng isang nakakainis na ngiti ang gulat niyang mukha at biglang bumilis ang tibok ng puso ko. Naalala ko ang mga reaksyon na kasama sa atraksyon at pag-ibig at isa ito sa mga palatandaan maliban na lang kung takot ang nararamdaman ko.,joy,joy
Bigla naman akong nalungkot. Si Shou ay itinuturing na mahusay na tao na nagtatag ng tribong Senshin. Ginawa lang ni Ishida Jikko ang sa tingin niya ay makatwiran ngunit kay Shou ay nilabag niya ang etiko ng isang Senshin. Maaaring pagkakaiba ito sa kanilang mga paniniwala.,sadness,sadness
"""Maging alerto ka. May tao dito,"" mahinang sabi ni Mitsuo at agad ko namang hinawakan ang pamaypay ko.",fear,fear
Pagkarinig ko no'n ay napatingin ako kay Mitsuo at nakita kong namumutla siya. Hindi ko alam kung paniniwalaan ko ba ang sinabi niya pero sa kalagayan ni Mitsuo ay mukhang totoo 'yon.,fear,fear
"""Iligtas mo ang sarili mo,"" bigla niyang sinabi at iyon ay nagpatigil sa akin ng segundo. ""Hindi ako marunong lumangoy at magiging pabigat lang ako sa'yo. Kaya pakiusap, iwan mo na ako dito at iligtas—""",sadness,sadness
"""Salamat kasi hindi mo ako binitawan. Salamat kasi hinayaan mo akong makita ulit ang mukha mo pagkatapos ng walang hanggang kadiliman.""",joy,joy
"Napangiti naman ako habang nakatingin sa likod niya. Alam kong masama siya, isang taong makakasira sa akin ngunit hindi ko mapigilan ang sarili ko na mahumaling sa kaniya.",joy,joy
"""Mayroon ka bang nagugustuhan?"" Tanong ko na nagpabasag sa katahimikan. Hindi ko siya tinignan dahil natatakot akong makita ang ekspresyon niya.",fear,fear
"""Dahil medyo kakaiba siya at kahit papano ay may pagkakatulad kami. Nakita ko ang sarili ko sa kaniya,"" sabi niya at ang paraan ng pagtingin niya sa akin ay nagparamdam sa akin kaba.",fear,fear
"Kung gayon, ang sinabi ko noong nakaraan ay nasa isip pa rin niya. Oo gusto ko siya pero hindi ko alam kung bakit. Ngumiti ako sa kanya at siya naman ang nagulat.",joy,joy
Wala siyang sinabi na kahit ano ngunit dahan dahan niya akong hinila palapit sa kaniya at ang sunod ko na lang na naalala ay niyayakap niya na ako. Umiikot ang paningin ko at ang puso ko ay handa nang sumabog sa kahit anong oras pero ang init niya ay nagpakalma sa akin.,joy,joy
"""Ito ang Shima, ang isla ng mga makasalanan,"" sabi niya at ang mga iyak at sigaw dulot ng sakit ng mga taong nandoon ang pumuno sa mga tenga ko.",fear,fear
"Nagsimula naman siyang maglakad kaya agad akong sumunod sa kanya pero napapahinto ako kapag may naririnig akong sumisigaw. Ang mga hagulgol nila ay pinagsamang sakit at galit, tunog na maaaring maging dahilan ng pagkabalisa sa ibang tao.",fear,fear
Napatingin ulit ako sa gubat at lalo akong natakot dahil kakaiba ang mga nakikita kong puno at halaman. Parang tanging sa lugar na ito lang matatagpuan ang mga ito at may kakaibang anyo pa na tila hindi likha ng kalikasan.,fear,fear
Gumalaw ako palapit sa kaniya dahil ang kapaligiran ay nakakagambala at ayokong maging solo sa ganitong klaseng lugar.,fear,fear
Isa sa kanila ang tumingin sa akin at ang kanilang berdeng mga mata ay nanlilisik at nakakatakot na parang may naglagay ng mga esmeralda sa kanilang iris. Nagtago ako sa likuran ni Mitsuo dahil kakaiba ang tingin nila sa akin at hindi ko rin alam kung ano ang kaya nilang gawin.,fear,fear
"""Tara na,"" bulong ni Mitsuo pero hindi ako gumalaw dahil kakaiba talaga ang pakiramdam ko sa lugar na 'to.",fear,fear
"Wala akong nagawa kundi ang magpahatak sa kanya at sinundan naman namin ang tatlong lalaki. Pagpasok namin sa gubat, biglang natakpan ng matataas at malalaking puno ang sinag ng araw at mas lalong naging nakakatakot ang lugar.",fear,fear
Sunod-sunod na ugong mula sa mga malalaking leon at leopardo sa harapan ang sumalubong sa amin at nanigas ako sa takot at pagkalito. Ang kanilang mga katawan ay doble sa laki kaysa sa karaniwan at mas mukhang mabangis sila.,fear,fear
Halos makalimutan kong huminga nang sabihin niya iyon at naging mas maingat ako dahil sa panganib na binibigay ng lugar na ito. Ang ilan sa mga halaman at puno na nadaanan namin ay naglalabas ng kakaibang amoy at mga kemikal na ayon sa kanya ay maaaring magparalisa o magdulot ng halusinasyon.,fear,fear
"Hindi ko alam kung ilang minuto o oras kaming naglakad, at kung ilang beses akong napasigaw at nataranta dahil sa iba't ibang hayop at halaman na pwedeng maging dahilan ng pagkamatay ko. Ang kanang kamay ko ay hawak pa rin ni Mitsuo habang ang kaliwa ko ay nakabantay sa aking sandata kung sakaling may masamang mangyari.",fear,fear
Bigla na lang akong hinawakan sa dalawang braso ng dalawa pang lalaki habang itinutok ng nagsasalita ang kanyang sibat kay Mitsuo.,fear,fear
"""Mitsuo!"" sigaw ko, natatakot sa sitwasyon. Gusto kong abutin ang aking pamaypay ngunit hindi ko maigalaw ang aking mga braso dahil sa kanilang lakas.",fear,fear
"""Ano ba'ng ginagawa mo, Lionel?"" singhal ni Mitsuo habang masamang nakatingin sa lalaki.",anger,anger
"Sabay na napatingin sa akin sina Lionel at Mitsuo at gusto ko lang na pumunta sa tabi ni Mitsuo. Sa hindi pamilyar na lugar at sitwasyon na ito, si Mitsuo lang ang pwede kong asahan.",fear,fear
"""Teka, anong ginagawa niyo? Mitsuo!"" sigaw ko habang hinahatak nila ako palayo. Nagpaumanhin lang si Mitsuo at nanatili sa kanyang pwesto.",fear,fear
"""Patawad,"" sabi niya.",sadness,sadness
"""Ano'ng nangyayari? Saan nila ako dadalhin?"" tanong ko at nararamdaman ko ang lumalaking takot papunta sa aking lalamunan.",fear,fear
"Hinatak ako ng mga lalaki palayo sa kanila at naramdaman ko ang sakit ng kanilang pagkakahawak sa akin. Imbes na sigawan sila, pinagmasdan ko ang paligid at halos mapasigaw ako nang makita ko ang lupang kulay dugo.",fear,fear
Kung anu-ano na ang tumatakbo sa isip ko dahil sa mga nangyayari at hindi ko alam kung ano ang gagawin. Hindi ito ang normal kong sarili at nababagabag ako dahil hindi ako makapag-isip ng maayos. Masyadong mabilis ang lahat at wala akong ideya kung ano ang gagawin.,anger,anger
"Napahawak ako sa ulo ko nang marinig ko 'yon. Narinig ko ang isang taong gumagamit ng kanyang boses sa utak at nakakagambala ang kanyang mga iniisip. Sinubukan kong huwag pansinin ang kanyang mga iniisip ngunit masyadong malakas ang mga ito. Ang nakikita ko lang ay dugo, isang bundok ng bangkay, at berdeng mga mata.",fear,fear
Napatingin naman ako sa harapan niya at nakita ko ang isang lalaki na may hawak na scythe. Bigla kong naalala ang nakita ko sa isip ni Mitsuo dati at halos napatigil ako sa paghinga.,fear,fear
"""Curse you, fucking Jikko!"" sigaw ng lalaki at dumura sa lupa.",anger,anger
"Iwinasiwas ng Executioner ang kanyang scythe at agad kong sinarado ang bintana. Sumigaw nang may galit ang lalaki ngunit ilang segundo lang ay nawala na rin ito. Kinombulsyon ang aking katawan, iniisip ang nangyaring eksena sa labas.",fear,fear
Hindi na ako makahinga at nilalamig ang buong katawan ko dahil sa nangyari. Iba't ibang pag-iisip mula sa ilang mga Erityian na nakakagamit ng boses sa utak nila ang nakarating sa isip ko at halos mabaliw na ako dahil dito.,fear,fear
Kinilabutan naman ako sa sinabi niya at hindi ko alam kung dapat ko ba siyang seryosohin. Nagpasya akong sumilip sa maliit na butas na nadiskubre ko kanina at nakita ko ang isang walang buhay na katawan na nakasalampak sa lupa. Napasigaw ako nang may takot nang mapagtanto kong wala ang ulo ng katawan. Sinara ko kaagad ang bintana at napasandal ako sa pader habang nakatingin kay Naia.,fear,fear
Itinigil ko ang pagbabasa sa isip niya dahil nakaramdam ako ng awa. Dapat ay naglalaro siya kasama ang ibang bata at tinatamasa ang kanyang kabataan pero nandito siya at nabubuhay sa isang lugar ng kalupitan at karahasan.,sadness,sadness
Lalo akong nakaramdam ng awa kaya lumapit ako sa kanya.,sadness,sadness
"Ngumiti ako sa kanya at tinitigan niya naman ako nang may pagtataka. Maaaring bata pa siya para maunawaan ang konsepto, ngunit gusto ko pa rin siyang kausapin tungkol dito.",joy,joy
Natahimik pagkarinig ko no'n at hindi ko alam kung saan ako mas nagulat—sa pagkamatay ng mga magulang niya o ang kaalaman niya tungkol dito. Ang bata niya pa para maranasan at malaman ang mga bagay tulad nito at nalulungkot ako dahil sa ganitong lugar siya nakatira.,sadness,sadness
Bigla namang bumukas ang pinto at nakita ko ang isa sa mga lalaking nagdala sa akin dito. Tumayo si Naia at tumakbo papunta ro'n kaya sumunod ako pero tinignan niya ako nang masama.,anger,anger
"""Huwag ka nang makialam sa kanya,"" sabi niya habang nakatitig nang matalim sa akin, ang kanyang scythe ay nakatutok sa aking direksyon.",anger,anger
Nanigas ang aking katawan nang marinig ko ang buo kong pangalan mula sa kanyang bibig. Paano niya . . .,fear,fear
"Nagsimulang mataranta ang katawan ko habang lumalabas ang abo at iba pang materyales mula sa bulkan. Tumakbo ako patungo sa pinto, kumatok nang malakas at sumigaw ng tulong, ngunit natabunan ang aking boses ng malakas na ingay sa loob ng aking ulo.",fear,fear
"""Paano n'yo nagawa sa akin ito, mga Senshin! Papatayin ko kayong lahat! Panoorin n'yo ako!"" sigaw ng babae habang umiikot sa kanya ang mga buwitre, uwak, at lawin. Ang hubad niyang katawan ay puno ng malalim na sugat at hiwa.",anger,anger
"Hinawakan ko ang aking tiyan nang makita kong dinadagsa ng mga buwitre ang kanyang mga sugat, na parang minamadali nila ang kanyang kamatayan. Isa sa mga uwak ay tinutukan ang kanyang mga mata kaya't kusa kong ipinikit ang aking mga mata, iniisip ang maaaring mangyari kung ako ang nasa kanyang kalagayan.",fear,fear
"Ang kanyang mga daing at mura ay pumuno sa paligid, ngunit bigla akong napadilat nang mapagtanto ko kung sino ang may-ari ng tinig na iyon—ang Huntres na nakasalubong namin sa dagat.",fear,fear
"""TAMA NA! HUWAG!"" napasigaw ang Huntres. ""Hindi ko sinasadya! Maniwala kayo sa akin! Pakiusap!""",fear,anger
"Bigla akong nakaramdam ng takot dahil nagsimulang mapuno at mapalitan ng mga hindi pamilyar na alaala ang aking isipan, at sa isang iglap, hindi ko na maalala ang sarili kong mga alaala.",fear,fear
"Hindi ko alam kung ilang oras akong nakaupo lang doon, pinipilit tanggalin ang mga alaalang hindi naman sa akin. Paulit-ulit kong binabanggit ang mga pangalan ng aking mga kaibigan at kasama ngunit naramdaman ko ang lumalaking takot sa aking lalamunan nang hindi ko maalala ang kanilang mga mukha.",fear,fear
"""Talaga bang . . ."" Hindi ko na naituloy ang sasabihin ko dahil umagos ang luha ko.",sadness,sadness
"""Sa anong rason?!"" Itinuro ko ang aking pamaypay sa direksyon niya at unti-unting lumilinaw ang mga alaalang inaalala ko kanina.",anger,anger
Gusto ko nang tumigil sa pagbabasa ng mga alaala niya pero nakita ko pa rin ang sarili ko na patuloy na tinitignan ang mga ito hanggang sa pagkamatay ng mga magulang ko. Kinuyom ko ang aking dibdib dahil parang sasabog ang puso ko sa kahit anong segundo.,sadness,sadness
"""Pinatay mo ang mga magulang ko dahil natakot ka sa abilidad ng nanay ko?"" marahan kong tanong habang tuluy-tuloy na ang pag-agos ng luha sa mukha ko.",sadness,sadness
"""Nakasusuklam ka,"" sabi ko. ""Paano ka nangahas na pagdudahan ang katapatan ng mga magulang ko at ng angkan namin kahit na ang ginawa lang nila ay walang iba kundi suportahan ang Presidente!""",anger,sadness
"""Hindi! Pinahalagahan sila ni Sir Hideyoshi bilang mga kaibigan, at dahil sa mga pagdududa mo, nawala sila... nawala sila sa akin.""",anger,anger
"Parang mga lason ang mga salitang lumalabas sa kanyang bibig at hindi ko na mapigilan ang sarili ko. Hinagupit ko ang aking pamaypay patungo sa kanya, handang-handa nang putulin ang kanyang lalamunan ngunit may isang puwersa na pumigil sa aking kamay.",anger,fear
Noong nakita ko siya ay nawala ang kakarampot na lakas na pinanghahawakan ko naging dahilan upang maiyak ako. Hinila niya ako palapit sa dibdib niya at umiyak ako nang buong puso.,sadness,sadness
Ilang minuto lang siyang nakatingin sa akin hanggang sa bigla niya na lang akong niyakap. Hindi ko alam kung bakit pero may kung ano akong naramdaman nang gawin niya 'yon. Biglang tumulo ang luha ko at bumigat ang pakiramdam ko.,sadness,sadness
Halos hindi ako makahinga nang maalala ko ang mga taong 'yon at hindi ko akalaing magagawa ko silang kalimutan. Napagtanto ko na nalimutan ko ang sarili kong mga alaala ng ilang minuto at tinakot ako nito nang sobra. Ngunit ang mga alaala ni Mitsuo ay nakatulong sa akin upang maalala sila at nakaramdam ako ng pagsisisi pagkatapos makalimutan ang sarili kong buhay.,fear,fear
"""Huwag mo akong iwan,"" sabi ko, takot na mawala ulit ang sarili kong mga alaala.",fear,fear
"""Akala ko mababaliw na ako. Natakot ako,"" sabi ko sa kanya at naramdaman ko ang paghigpit ng hawak niya sa kamay ko.",fear,fear
"Lahat ng tao dito, ang mga bilanggo at maging ang mga Executioner, ay may kanya-kanyang bahagi ng kabaliwan. Akala ko ay kaya kitang protektahan, ngunit hindi ko naisip ang iyong kakayahan. Siguro'y mahirap ito para sa iyo. Pasensya na.",sadness,sadness
"""Natatakot na ako. Gusto ko nang umalis sa lugar na ito,"" sabi ko sa kanya.",fear,fear
At akala ko ay nagawa kong itago ito sa likod ng aking isipan.,sadness,sadness
Bakit ka umiiyak?,sadness,sadness
"""Basta . . . hindi ko na alam kung paano harapin si Hideo,"" Sabi ko habang naaalala ang aming pagkabata.",sadness,sadness
"""Naaalala ko pa rin ang sinabi niya bago siya pumanaw."" Tumingin siya sa akin at bumilis ang tibok ng puso ko sa pagtitig niya. ""Ang kasalanan ng magulang ay hindi kasalanan ng anak. Pakiusap, alagaan mo siya."" Iyon ang kanyang mga huling salita.",sadness,sadness
"""Pasensya na kung hindi ko nasabi sa iyo ang totoo,"" aniya, binasag ang katahimikan.",sadness,sadness
"Kusang tumulo ang luha ko nang marinig ang mga salitang iyon, naaalala ang mga paghihirap na pinagdaanan ng aking mga magulang dahil sa mga ideya ng Konseho.",sadness,sadness
"""Bakit?"" tanong ko, pilit na pinakalma ang sarili kahit magulo na ang aking isip at mukha.",sadness,sadness
"""Dahil nagsisisi ako, kilala ko ang mga magulang mo, mga kaibigan, namatay sila dahil sa akin at pamilya ko."" Sumagot siya at nakita ko ang pagsisisi at pagiging dalisay sa kanyang mga mata. Nagulat naman ako nang bigla siyang lumuhod sa harapan ko at yumuko.",sadness,sadness
"""Mula sa kaibuturan ng aking puso, humihingi ako ng kapatawaran sa aking mga nagawa"" sabi niya habang yumuyuko bilang paghingi ng tawad.",sadness,sadness
"""Pasensya na kung ngayon ko lang nalaman ang katotohanan,"" sabi ko nang may nanginginig na boses.",sadness,sadness
"""Nabuhay ako nang mapayapa habang kayo ay napagbintangan at pinatay. Pasensya na.""",sadness,sadness
"""Pero alam mo, maganda na nakabalik ka na,"" biglang sabi ni Michiko habang nakatingin kay Mitsuo.",joy,joy
"""Alam na natin ang tungkol kay Shima matapos ang insidenteng pagtakas sa bilangguan,"" dagdag ni Mayu.",sadness,sadness
"""Pero pinahirapan mo siya,"" sabi ni Hideo, at iyon ang nagpatahik sa amin",sadness,sadness
"Kahit wala ang mga magulang ko sa tabi ko, nandito pa rin sila para sa akin. Swerte ko at mayroon akong mga taong tulad nila sa buhay ko. Sila ang tinuturing kong tunay na pamilya.",joy,joy
"""Hideo . . ."" Sinilip ko siya at mukhang nag-aalala siya. ""Kumalma ka""",fear,fear
"""Walang aalis sa lugar na ito,"" babala ni Hideo at nakita niya siya.",fear,fear
"""Tapos na ako sa inyong lahat kaya itigil na ninyo ang kalokohan na ito,"" matigas niyang sabi ngunit nabasa ko ang kanyang isip.",anger,anger
"""Oo,"" huminga ako. Natatakot ako hindi para sa sarili ko kundi para sa ipinagbubuntis ko. Hindi ko alam ang gagawin.",fear,fear
"""Pasensya na,"" bulong niya.",sadness,sadness
"""Bakit ka humihingi ng tawad?"" tanong ko. Hindi ko alam pero nasaktan ako sa sinabi niya.",sadness,sadness
Hindi ako karapat-dapat maging ama. Hindi ko kaya. Ako—,sadness,fear
"""Huwag mong maliitin ang sarili mo, Vince,"" mahina kong sabi.",sadness,sadness
Pero ayun ang totoo. Ang mga kamay ko ay nababad na sa dugo ng mga tao. Nakapatay na ako ng daan-daang tao. Ang isang marumi tulad ko ay hindi maaaring magkaroon ng isang bagay na puro.,sadness,sadness
"""Ibig sabihin ba nun, mali ang ginawa mo?"" tanong ko habang pinipigilan ang luha ko. Tumahimik siya at tinitigan ako nang matagal. Tumayo siya at hinawakan ang kamay ko.",sadness,sadness
"""Hindi. Pasensya na,"" sabi niya at niyakap ako.",sadness,sadness
"Ang akin lang... ayokong matawag kayong dalawa bilang asawa at anak ng isang mamamatay tao. Pero gagawin ko ang lahat para protektahan kayo kaya wag kang mag-alala. Desisyon ko ito at gagawin ko ang lahat para mailayo kayo sa peligro""",sadness,sadness
May narinig naman akong pagkatok sa pinto kaya napatingin ako ro'n. Sinundan ito ng dalawang katok tapos tatlong katok ulit. Napangiti naman ako at naalala ko ang sinabi niya noon.,joy,joy
"""Bagay sayo,"" pagputol nya sa akin. Bumilis naman ang tibok ng puso ko sa sinabi niya at tinignan ko rin siya. Nakasuot siya ng itim na yukata at ang gwapo niya rito.",joy,anger
"Nilapitan niya ako at hinawakan ang kamay ko. Kahit na magkasama na kami, nagagawa niya pa rin patibukin ang puso ko sa kanyang mga simpleng mga kilos",joy,joy
Natawa naman kami pareho at naramdaman ko ang paghigpit ng hawak niya sa kamay ko.,joy,joy
"Bigla kong naisip kaming tatlo habang naglalakad, ang anak namin ay nasa kanyang mga bisig habang masaya akong nakatingin sa kanila. Doon pa lang kuntento na ako.",joy,joy
"Oo, dahil siya ang pinakamalaking regalo na ibinigay mo sa akin, at isang paalala na dapat ka niyang protektahan kapag wala ako.",joy,joy
"""Sana makapunta tayo sa piyesta next year kasama si Nathan,"" sabi ko at ngumiti lang siya.",joy,joy
"""Ako rin."" Naka-ngiti kong sabi, ""baka gusto niya ng isang nakababatang kapatid at sa tingin ko magaling talaga siya sa pag-aalaga sa iba.""",joy,joy
"""Pasensya na kung ganito ang ipinagawa ko sa iyo,"" sabi niya na parang nanghihingi ng tawad.",sadness,sadness
"Nangako ako na hindi na ako iiyak pagkatapos kong manganak kay Nathan, pero ginulong mga salita niya ang emosyon ko.",sadness,sadness
"""Syempre naman,"" sabi ko. ""Nagtutulungan na tayo simula noong bata pa tayo. Huwag ka ng mag-alala.""",joy,joy
"Umupo ako sa gilid ng kama at nakita ko ang mga litrato na nakapatong sa ibabaw ng mesa—Mga litrato namin nung bata pa kami; Hideo at ako; Akira, Akemi at ako; Ang pamilya Atama; at ang sarili kong pamilya. Minsan, nais kong mapanatili ang buhay tulad ng mga sandali sa mga larawan, ngunit alam kong imposible iyon.",sadness,sadness
"""Ayaw kong matawag siyang anak ng isang mamatay tao.""",sadness,sadness
"""Ano ang nangyayari?"" Tanong ko, at ramdam ko ang takot sa aking boses.",fear,fear
"""Iyon ang babala para sa mga nanghihimasok,"" sabi niya at tumayo siya.",fear,fear
"""Ano ba ito . . ."" Nawala ang boses ko nang makita ko ang silid sa harap ko.",fear,fear
"""Ang pasilyo . . ."" Nawala ang boses ko nang makita ko ang ekspresyon ni Vince.",fear,fear
Hindi ko alam ang eksaktong detalye ngunit sigurado akong ito ang Black Dimension,fear,fear
Kinilabutan ako sa sinabi niya kahit na may ideya na ako tungkol doon.,fear,fear
Hindi ko alam kung papaanong nangyari ang bagay na 'yon pero nakababahala dahil mayroon silang pwedeng daanan papunta rito.,fear,fear
"""Kumusta si Hideo?"" tanong ko naman nang maalala ko ang nangyari sa Medical department pero hindi ako sinagot ni Vince. ""Bakit? Ano nangyari sa kanya?""",fear,fear
"""Nasa... estado siya ng coma.""",fear,fear
"""Hideo,"" tawag ko, umaasang naririnig niya ako, ""huwag kang sumuko. Alam kong mahirap pero hindi ka pwedeng sumuko . . . para kay Akemi at sa atin.""",sadness,sadness
"""Hindi ko pa siya nakitang ganito kahina,"" sabi naman ni Michiko.",sadness,sadness
"Natakot ako na baka mapalitan ng mga alaala niya ang akin, tulad ng nangyari kay Shima.",sadness,sadness
"""Ayos na siya ngayon pero kailangan niya ng pahinga,"" sabi niya at nakita ko ang bakas ng pagkakasala sa kanyang mga mata. ""Magpahinga ka rin.""",joy,joy
"""Bagay sayo,"" sabi ko at nagtatakang tinignan niya ako, ""ang maging ama, ibig kong sabihin.""",joy,anger
"""Tanga,"" bulong ko habang pilit na pinipigilan ang pag-iyak. ""Iyon ang pinakamagandang narinig ko sa mga nakalipas na linggo.""",joy,joy
"""Sa isang sandali, nais kong itigil ang oras para lang tignan ang pamilya ko—ang dalawang lalaking nakapagpabago ng mundo ko.""",joy,joy
Naging alerto ako matapos niyang sabihin iyon dahil hindi naging maganda ang huling pagkikita namin.,fear,fear
"""Natatakot ako.""",fear,fear
Halos kilabutan naman ako nang marinig ko ang mas malakas na sigawan sa silangang banda ng gubat. Kahit hindi ko nakikita ay ramdam kong nag-iba ang simoy ng hangin.,fear,fear
"""Oh Diyos. Nandito ka talaga, Akemi.""",joy,joy
"Ayos lang siya. Mag-iisang taon na siya sa dalawang buwan,"" sabi ko at naalala ko ang nangyari kanina. Iyan ang patuloy na sinasabi ko sa sarili ko.",joy,joy
"""Rainie,"" sabi niya nang nakangiti. ""Kumusta naman ang anak mo?""",joy,joy
"""Naomi, pakiusap. Kailangan ko siyang makita. Gusto ko siyang makita. Pakiusap.""",sadness,sadness
"""Kaunti na lang. Makikita ko na siya.""",joy,joy
Kinilabutan ako nang makita ko ang buong paligid ko at naaalala ko ang bawat punong nadaanan namin.,fear,fear
"""Sino ka naman para mag-desisyon kung anong nararapat sa kanya?"" tanong ko at pinatigil ko ang oras nila. Sinugod ko sila gamit ang aking abaniko at dalawa sa kanila ay natumba.",anger,anger
"""Pero masasabi ko na dapat kang mamatay dahil sa mga sinabi mo. Pagsalitaan mo pa siya ng masama at mamatay ka sa mga kamay ko.""",anger,anger
"""Proprotektahan ko siya gamit ang buhay ko kaya huwag kang mag-alala,"" dagdag niya at agad na tumulo ang luha ko.",sadness,sadness
"""Bobo. Huwag mong sabihin iyan""",anger,sadness
"""Naomi, hindi mo kailangang gawin ito,"" sabi ni Akemi. ""May sarili kang pamilya na dapat protektahan, kaya pakiusap . . .""",sadness,sadness
"""Wala akong pakialam' sigaw niya. ""Sabi mo, protektahan mo ako, di ba? Kaya umusad na tayo! Pupunta ako sa campus sa ayaw at sa gusto mo.""",anger,anger
"""Hideo! Tulungan mo siya. Pakiusap—""",sadness,fear
"""Huwag mo silang hawakan"" sigaw ko.",anger,anger
"""Alam kong kailangan mong pumunta kay Akemi, ngunit may pabor akong hihilingin."" Umiiyak si Nathan habang humahawak sa damit ng kanyang ama.",sadness,sadness
"""Pasensya na Nathan. Alagaan mo ang iyong ina para sa akin.""",sadness,sadness
"""Hindi . . . Vince . . . huwag mong sabihin iyan . . .""",sadness,sadness
"""Nandito ako. Dapat kang kumalma at mag-isip nang mabuti. Ligtas ka kaya hindi mo na kailangang mag-alala."" Ayun ang ibig sabihin ng mga katok niya.",joy,joy
"""Pero pasensya na, Nathalie, hindi kita kayang iligtas""",sadness,sadness
Napaupo na ako nang makita ko kung paano niya pinugutan ng ulo ang Elite na kalaban niya . . . at kung paano siya sinaksak sa puso ng Elite na 'yon.,fear,anger
"""Patawad.""",sadness,sadness
"""Huwag mong sabihin iyan! Pakiusap, huwag mong sabihin iyan.""",sadness,sadness
"""Pakiusap, kalimutan mo na lang ako,"" mahina niyang sabi. ""Gamitin mo ang pakiramdam mo, Nathalie.""",sadness,sadness
"""Ano bang sinasabi mo?""",sadness,anger
"""Ayoko nang masaktan ka pa.""",sadness,sadness
"""Tanga ka ba? Mas gugustuhin kong mabuhay sa sakit kaysa kalimutan ka.""",sadness,sadness
Paano niya nasabi sa akin ang mga salitang iyon? Paano niya nasabi na dapat ko siyang kalimutan?,sadness,joy
"""Pero . . . pero hindi ko na kayang mabuhay kasama ka at mas masasaktan lamang kita.""",sadness,sadness
"""Wala akong pakialam. Kung ayaw mo na akong kasama, hayaan mong mabuhay ka sa mga alaala ko.""",sadness,sadness
"""Sabihin mo kay Nathan na dapat niyang tuparin ang hiling ko."" sabi niya habang nakangiti at nagtuluy-tuloy ang agos ng luha ko.",sadness,sadness
"""Pasensya na sa sinabi ko kanina. Ang totoo niyan, natatakot akong makalimutan mo ako.""",fear,fear
"""Paano ko makakalimutan ang isang tulad mo?"" Pagsagot ko at ngumiti ulit siya.",sadness,sadness
"Siguro dahil nasanay na ako na kalimutan ang mga tao paminsan-minsan kaya naisip ko na lahat ay ganoon din. Pero alam mo ba? Kung mabibigyan ako ng pagkakataong mabuhay muli, pipiliin ko pa rin na alalahanin ka. Kahit na mabura ang mga alaala ko, basta nandito ka pa sa isip ko, sapat na iyon.",sadness,sadness
"""Palagi kitang iisipin, Nathalie.""",sadness,sadness
At iyon ang mga huling salitang narinig ko mula sa lalaking maaaring makalimot sa lahat.,sadness,fear
"Masyado akong wasak para mag-isip. Sa loob lang ng isang gabi, nawalan ako ng kaibigan, ng tahanan, at ng pinakamahalagang tao sa buhay ko.",sadness,sadness
Wala akong silbi. Walang kapangyarihan. Kung ginamit ko lang ang kakayahan ko . . . kung nanatili lang ako sa tabi niya . . .,sadness,sadness
Ano ang silbi ng kapangyarihang ito kung hindi ko man lang mapigilan ang kanyang kamatayan?,sadness,sadness
"Hindi ko nailigtas ang iyong ina kaya hayaan mong ako naman ang mag-alaga sa iyo,"" sabi ko at tila tumigil na ang ulan. ""Magsimula tayo ng bagong buhay, Rainie. Ikaw at ako.""",sadness,sadness
"""Sige. Salamat.""",joy,joy
"""Rainie, iyon ba ang pangalan mo?"" tanong niya at tumango si Rainie.",joy,joy
"Diyos ko po, Naomi.",joy,joy
"""Gusto kong makilala si Papa pero wala naman siyang litrato at ayaw ko namang pilitin si Mama,"" nasabi niya sa sarili.",sadness,sadness
"""Maligayang kaarawan, Rainie,"" palagi kong sinasabi tuwing ika-31 ng Disyembre.",joy,joy
"""Thank you, Mama,"" sabay ngiti niya. ""Ayoko nang mag-birthday kung ganito ang nangyayari kay Mama lagi. Hindi ko alam kung ano ang nangyari pero mas gugustuhin ko nang huwag mag-celebrate kung 'yon ang dahilan kung bakit siya malungkot.""",sadness,sadness
"Ilang taon na ang nakalilipas pero gano'n pa rin ang nararamdaman ko. Sinubukan kong kumilala ng ibang tao pero nabigo ako. Kahit sino man sila o gaano man sila karami, hindi nila mapapagaling ang mga hindi nakikitang sugat na ito.",sadness,sadness
Hindi kailanman nila mapapalitan ang mahalagang taong nawala sa akin.,sadness,sadness
"At tuwing Bisperas ng Bagong Taon, sa halip na magpuyat, lagi akong umiiyak hangang makatulog.",sadness,sadness
Opo. Dalawa. Mukha naman silang mabait.,joy,joy
Hindi ko alam kung ilang oras akong umiyak nang malaman ko ang sinapit nina Mayu at Akira.,sadness,sadness
Nakaramdam ako ng pagsisisi at awa dahil sana ay may nagawa ako para iligtas sila ngunit hindi ko alam ang kanilang sitwasyon.,sadness,sadness
"""Magkikita pa tayo sa tamang panahon. Paalam muna, Nathalie.""",sadness,sadness
"""Pasensya na, Nathan,"" humihikbi kong sabi habang niyayakap siya nang mahigpit at naramdaman ko ang kamay niya sa aking likod. ""Pasensya na.""",sadness,sadness
"""Naaalala kita, at sapat na iyon para sa akin."" ""Pwede ba kitang tawaging . . . Nanay?""",joy,joy
"""Mahirap lang kontrolin ang mga alaala ko, kaya mag-ingat ka sa iyo,"" babala ko dahil ang ika-anim niyang pakiramdam ay nagbibigay-daan sa kanya na maalala ang lahat.",fear,sadness
""" Pasensya na, kasi . . . nami-miss ko na ang tatay mo,"" pag-amin ko habang pinipigilan ang nagbabadyang luha sa mga mata ko.",sadness,sadness
"""Lumipas na ang mahigit isang dekada pero parang kahapon lang nangyari ito. Malinaw pa rin ang mga alaala at may dulot na sakit pa rin hanggang ngayon.""",sadness,sadness
"Bawat minuto, bawat oras, at bawat araw, lagi kitang iisipin. Kahit gaano man kasakit, lagi kitang aalalahanin tulad ng sinabi mo sa akin bago ka umalis dahil ang alaala mo ang tahanan ko, ang aking kanlungan.",sadness,sadness
"""Hindi kita malilimutan, Vince.""",sadness,sadness
"""Halata naman na hindi siya nakikinig.""",anger,anger
"""Dahil natapos na ninyong apat ang inyong importanteng paksa, kailangan niyo lang gawin ang bagay na iyon para makapagtapos. Inaasahan ko ang magagandang resulta mula sa inyo.""",joy,joy
"Tatlong minuto, pitong segundo. Iyon na ang oras na lumipas pagkatapos niyang sabihin 'yon. Hindi ko na napigilan ang ngiti sa aking mukha. Sa wakas, gagawin natin iyon.""",joy,joy
"""Tara na, Reina,"" "" tawag ni Kana kaya napatingin ako sa kanya. Tumayo naman ako at kumapit ako sa braso niya.",sadness,neutral
"""Kana, tama ang narinig ko, hindi ba?"" Sabi ko. ""Crap, nasasabik na ako.""",joy,joy
"""Huminahon ka, J. Hinuhusgahan ka na naman ng mga meganerds."" sabi niya at tinignan ko naman nang masama ang dalawa.",anger,anger
"""Tumigil ka na sa pagbibigay sa kanya ng kasinungalingan, Kana,"" sabi ni Hayate, ""baka paniwalaan niya lahat ng sasabihin mo""",anger,anger
"""Excuse me? Hindi ako nagsisinungaling.""",anger,anger
"""Sigurado ka ba?"" singit ni Hiroshi habang inaayos ang kanyang salamin. ""Gusto mo bang bilangin ko ang mga kasinungalingan na sinabi mo simula nang magsimula kang manirahan dito?""",anger,anger
"""Tumigil na kayo, mga gago!"" sabi ko habang tinitigan ang dalawa.",anger,anger
"""Hindi ka ba romantiko?""",anger,anger
"""Ako pa. Nga pala, meron pa tayong 361 na araw, apat na oras—""",anger,fear
"""Sige, tumigil ka na o hindi na ako sasama sa iyo.""",anger,anger
"""Hoy, sa tingin mo kaya natin ito? Sa tingin mo makakapagtapos tayo sa tamang oras?"" tanong ko sa kanyahabang naglalakad kami pabalik sa dorm.",fear,fear
"""Mga transferees,"" sabi ni Sir Tora, tinatawag ang kanilang atensyon. ""Maligayang pagdating sa Tantei High.""",joy,joy
Nang nasa tapat na kami ng dorm ay agad naman akong napangiti dahil sa wakas ay makakaalis na kami sa lugar na 'to.,joy,joy
Palaging nakakabagot para sa akin ang pag-aaral. Mahusay ako pero hindi ito masaya. Hindi naman ako tulad nina Hayate at Hiroshi na mahal talaga ang pag-aaral. Sumunod lang ako sa daloy dahil kailangan namin ito.,sadness,sadness
"Pinagmasdan ko ang kanyang maliliit na paggalaw at nang buksan niya ang kanyang mga mata, tumayo ako sa tabi ng kanyang kama",joy,joy
"""Alas-6:07:43, Kana. Eksaktong oras na nagising ka,"" Sabi ko pero tinarayan niya lang ako.",joy,joy
"""Oh, manahimik ka na nga.""",anger,anger
"""Goddamnit, J, alas-6 pa lang ng umaga. Nababaliw ka na ba?""",anger,anger
"""Magandang umaga,"" Sabi ni Hiroshi, nasa kwarto namin ang hologram niya.",joy,joy
"""Himala. Ang n'yong nagising,"" sabi ko naman.",joy,joy
"""Oops. Kailangan ko nang umalis,"" sabi ni Hiroshi at tumaas naman ang kilay ni Kana.",fear,fear
"""Ano ba ang ginagawa mo dito? Manyak,"" sabi niya at dahil doon ay lumingon si Hiroshi.",anger,anger
"""Yung meganerd na yon,"" bulong niya habang sinusuot ang kanyang damit.",anger,anger
"""Yup. Ilang paalala mula kay Sir Eiichi,"" sagot ko naman.",joy,joy
"""Ano 'yung iniisip niya?"" bigla niyang tanong sa sarili.",anger,anger
Bakit? Mahiyain ka ba? Hindi ka ba cute na bata?,joy,joy
"""Hindi ba may pulong ka pang pupuntahan?"" Sabi niya sa isang mas mababa at mas malamig na tono.",anger,anger
"""Hoy, sinasabi mo ba na umalis ako?"" napalakas kong sabi kaya napatingin sila sa amin.",anger,anger
"""Medyo,"" sabay tanggal niya ng kamay ko sa balikat niya.",anger,anger
"""Siraulo ka! Halos ako ang nagpalaki sa 'yo!""",anger,anger
"""J, hindi ka talaga makatalo sa bata na iyon sa pagtatalo,"" komento ni Kana.",anger,anger
"""Hindi lang niya alam kung paano siya pakitunguhan,"" dagdag ni Hayate.",anger,anger
"""Siguro kaya siya lumaki ng ganoon,"" dagdag pa ni Hiroshi.",anger,anger
"""Maraming salamat,"" Sarkastikong sabi at lahat sila ay natawa.",joy,joy
"""Sir, tanong,"" sabay taas ng kamay ng isang taga-Mimi. ""Paano kung mabigo kaming itala ito ng araw-araw?""",fear,fear
"Mayroon nga akong ugali na iisa-isahin ang mga transferees sa unang linggo at bilangin silang lahat. Pupunta ako sa opisina ng administrasyon para kumpirmahin ang aking hinuha at ako ay tatlong magkakasunod na taon ng tumpak. Nakakalungkot, hindi ko magagawa iyon ngayong taon.",sadness,sadness
"""Naghahanap ka na kaagad?"" rinig ko sa harapan.",joy,joy
"""Well, mukhang mayroon na tayo ngayong unang potensyal na target,"" Sabi niya habang pareho kaming nanonood ng balita na ipinapalabas.",joy,joy
"""Salamat""",joy,joy
"""Bwiset na mamamatay tao,"" bulong ng inspector habang nakatingin sa putol-putol na katawan sa lupa.",anger,sadness
"""Hayaan mo sila,"" sabi niya kanina. ""Matutulungan nila tayo. Magtiwala ka sa akin.""",joy,joy
"""Grabe itong mamamatay tao,"" komento ni Hiroshi habang sinisiyasat ang bangkay gamit ang device na kanyang inimbento para itala ang estado ng bangkay at agad na ipapadala sa kanyang server.",fear,fear
"""Sampung oras na ang nakakalipas ng mamatay siya,"" dagdag ko naman nang mahawakan ang paa niya. ""Ngunit isang oras pagkatapos niyang mamatay ay kinatay siya""",sadness,sadness
"Biglang, nakaramdam ako ng panginginig ng aking gulugod, na parang may nakatitig sa amin mula sa likod.",fear,fear
"""Naramdaman mo din 'yon?"" tanong ni Hayate",fear,fear
"""Oo. Ang pagkauhaw niya sa dugo ay maihahambing sa isang Shinigami,"" Sumagot ako at mas lalo kong naramdaman ito, bilang isang Shinigami tracker at lahat.",fear,fear
"""Sandali,"" babala ko.",fear,fear
"Naramdaman ko ang isang mahina ngunit nakakatakot na presensya, katulad ng naramdaman natin kanina.",fear,fear
"""Isang Shinigami?"" tanong ni Hayate, biglang dumipense ang kanyang katawan.",fear,fear
"""Oo. Nararamdaman ko ang dimensyon na iyon.""",fear,fear
"""Mukhang may bisita tayo,"" sabi ko at natahimik naman sina Hiroshi at Kana sa kabilang linya.",fear,fear
"""Sino ka?"" tanong ko pero tinitigan niya lang ako at hindi ako nakagalaw dahil sa takot.",fear,fear
"""Patayin mo sila,"" utos niya at lumabas pa ang dalawang Shinigami habang bumalik siya sa lugar na iyon.",anger,anger
"""Shinigamis?"" rinig ko sa boses ni Hiroshi galing sa device pero hindi namin siya sinagot. Mas mabuti nang mag-focus sila sa paghahanap ng ibidensya. ""Huwag puma—hoy, saan ka pupunta?""",fear,fear
"""A-ano . . ."" Bulong niya bago siya bumagsak sa lupa.",sadness,sadness
"""Ayos ka lang ba?"" tanong niya at sakto namang dumating din si Hiroshi na mukhang tumakbo papunta rito.",sadness,sadness
"Tiningnan niya si Kana at tulad ng ginawa niya sa akin, binigyan niya siya ng mabilis na ngiti. ""Bagal mo, meganerd.""",joy,joy
"""Anong nangyari?"" tanong ni Hiroshi habang nakatingin kay Hayate.",sadness,sadness
"""Nga pala, kailangan na nating umalis,"" pag-iiba ni Hiroshi habang nagta-type sa KT. ""Nakahanap na tayo ng importanteng ibidensya.""",fear,fear
Sa mamamtay tao na yon? tanong ko naman.,fear,fear
"""Paano mo . . ."" Nawala ang kanyang boses ngunit pagkaraan ng ilang segundo, ngumiti ito ng mabilis sa kanya. "" Hindi mo talaga ako binigo, Atama""",joy,joy
"""Oo,"" agad na sagot ni Hiroshi. ""Lahat ng kasalukuyang mga impormasyon ukol sa paghahanap tungkol kay Rick Torres ay nakasentro sa lugar na iyon at may mataas na posibilidad na nandoon siya.""",fear,fear
"""Ano'ng sabi mo, duwag?""",anger,anger
"""Tignan mo ang ginawa mo,"" sabay turo niya sa mga wala nang malay na lalaki. ""Wala man lang tayong nakuhang impormasyon sa kanila.""",anger,anger
"""Reina! Tumigil ka! Da—!""",fear,fear
"Sinuntok ko ang kanyang dibdib. ""May sinasabi ka ba?"" inosente kong tanong habang nauubo siya.",anger,anger
"""Tumigil kayo . . ."" sigaw ko habang tumatalon patungo sa kanya, ""sa pagbaril sa amin!""",anger,anger
"""Pwede ka na bang kausapin nang maayos ngayon?"" tanong ko at dahan-dahan siyang tumingin sa akin.",anger,anger
"""P-pinadala niya ba kayo rito?"" tanong niya habang nakatingin sa tatlo na ngayon ay naglalakad na papunta sa amin. ""Niloko mo ko! H-hindi ako a-ang pumatay sa kanya!""",fear,fear
"""Sino ba 'to? Fuck off.""",anger,anger
"""Oo na! Basta huwag mo lang saktan ang pamilya ko.""",fear,fear
Pagkabasa ko no'n ay napatingin ako sa wala nang malay na Rick Torres at naintindihan ko na kung bakit gano'n ang ikinilos niya kanina. Tatlong taon siyang nabubuhay sa takot dahil sa lalaking ito na gusto siyang pagbintangan na mamatay tao,sadness,sadness
"""Ibig sabihin ba ay alam ng pumapatay na nandito tayo?"" tanong ni Kana at kaming apat ay dumepensa.",fear,fear
"""Mataas ang posibilidad,"" sagot ni Hayate.",fear,fear
"""Nahanap na siguro natin ang pumapatay ng tao at ang kanyang mga motibo,"" bulong ko.",joy,joy
"""Ano bang ginagawa mo? Wala ka na ba sa sarili mo?"" sabi ni Kana at ganoon din ang sasabihin ko.",fear,anger
"Hindi naman,"" sagot niya. ""Pero hey, hindi mo kailangang mag-alala. Itong paaralan ay chakushoku.""",joy,joy
"""Sino yan?"" tanong ni Hayate.",fear,fear
"Pumunta kami sa pangunahing lagusan para magtanong pero may kakaiba akong naramdaman sa lugar na 'yon. Kusang umabot ang kamay ko sa aking dagger pero napagtanto kong dalang-dala ko lang pala ang taser at posas. Pero ang ikinagulat ko ay ginawa rin ng guwardiya ang parehong bagay—ipinatong din niya ang kamay niya sa ibabaw ng kanyang holster, na parang nakaramdam siya ng isang uri ng panganib.",fear,fear
"""Sino ka na man?"" Tanong ko at nakita ko ang isang estudyante na lumingon sa direksyon namin na may hindi mapakaling ekspresyon. ""Nakita na kita.""",fear,fear
"""May naramdaman ka ba kanina?"" tanong ko ulit sa kanya.",fear,fear
"""Oo,"" mahina niyang sagot. ""Lagi kong nararamdaman pero hindi ko masundan. Para itong halo-halong presensiya ng madaming Shinigamis.""",fear,fear
"""Bakit?"" agad niyang tanong. ""Anong meron?""",fear,fear
"""Diretso tayo sa punto,"" sagot ko naman. ""Mamatay ka kapag umalis ka sa paaralan na ito.""",anger,anger
"""May kaugnayan ba ito sa balita kaninang umaga?"" seryoso niyang tanong at tumango naman si Hayate.",fear,fear
"""Pero naaalala kong nakaramdam ako ng kakaiba noong tumingin ako sa kanyang mga anak,"" sagot niya. ""Medyo asul ang kanilang balat.""",sadness,sadness
"""Kana! Huwag mo siyang hahayaang makatakas!"" sigaw ko habang tumatakbo papunta kina Luke at Hayate.",anger,anger
"""Anong nangyari? Bakit hindi ka makagalaw?"" Tanong ko, nagaalala at nababahala sa kalagayan niya.",fear,fear
"""N-neuromuscular blocker,"" sabi niya nang may hirap. ""P-paralyzing agent.""",fear,fear
"""Tulungan mo si Kana,"" mahinang sabi ni Hayate. ""Mapanganib siya. Tinamaan niya ang aking mga hita, upang hindi ako makalaban""",fear,fear
"""Baliw ang lalaking ito,â€ sabi ni Kana habang ibinabaon ang kuko niya sa kanyang balat.",anger,anger
"""Sang-ayon ako. Paano natin siya dapat itumba?""",fear,fear
"""Sabi ni Hayate dapat maging maingat tayo. May kaalaman sa medisina ang lalaking ito at magagamit niya ito tulad ng nangyari kay Hayate.""",fear,fear
"""Wow. Parang nasa medieval na lugar tayo sa mga armas niyo,"" komento niya. ""Pero sino ba kayo at niligtas n'yo ang halimaw na 'yon?""",joy,joy
"""Halimaw? Ikaw ang halimaw dito,"" sabi ko naman. ""Pumatay ka ng maraming tao dahil lang hindi ka nila pinapasok.""",anger,anger
"""Hinayaan nilang mamatay ang mga anak ko,"" sabi niya ng may matinding galit sa mga mata. ""Kung inuna lang nila ang mga anaka ko sa halip na ang mga pribilehiyo at may karapatan na mga bata, hindi sana nangyari ito!""",anger,anger
"""Dahil nakita n'yo ang mukha ko, hindi ko hahayaang makalabas kayo rito ng buhay,"" sabi niya habang binabantayan ang kilos namin. ""Matagal na din nung huli akong nakahiwa ng babae.""",anger,anger
"""Patayin ba natin siya? Isa siyang baliw,"" sambit ni Kana ngunit hindi ako pumayag.",anger,anger
"Hindi. Dapat natin siyang hulihin ng buhay at hayaan siyang magdusa sa mga resulta ng kanyang ginawa. Bukod pa rito, hindi nila iyon ituturing bilang isang pag-aresto at kailangan nating hulihin ang isa pa.",anger,anger
"""Damn, mas nagiging mahirap ito. Kung meron lang tayong pampakalma para—""",anger,anger
"""Whoa, malaking karayom ito,"" komento ni Kana habang tinitignan ang syringe na hawak niya. ""Baka mawalan ako ng malay kapag itinurok ito sa akin.""",fear,fear
"""Ano ang nasa loob ng lalagyan na ito?"" tanong niya at lalo lang kumunot ang noo ng lalaki.",anger,anger
"""Kana! Huwag! May natitira pa siyang isang syringe!"" sigaw ko pero hindi na makontrol ni Kana ang galaw niya. Tumakbo ako patungo sa direksyon nila pero hindi ako makakarating sa oras kaya inihagis ko nalang ang espada ko patungo sa direksyon niya, umaasa na matitigilan nito ang galaw niya.""",fear,fear
Ginawa niya ngunit huli na ang lahat.,fear,fear
"""Diyos ko, Kana, huwag kang mamatay!"" sigaw ko at agad kong pinindot ang emergency button sa KT para humingi ng tulong kina Hiroshi.",fear,fear
"""T-tulungan niyo ako! Si Kana ay . . .""",fear,fear
"""Manahimik ka! Wala kang alam! Hindi mo alam kung ano ang pinagdaanan—!""",anger,anger
"""No! Kung inuna nila ako, kung inuna nila sila, hindi mangyayari—!""",anger,anger
"""Sinubukan mong gamutin sila mag-isa pero wala kang gamit at gamot. Kung dinala mo sila sa ospital mula sa simula, malamang ay naagapan pa ng mga doktor ang kalagayan nila. Ito ang iyong huling pag-asa at ito ang nagpahamak sa kanilang buhay. Ginamit mo ang mga sintomas ng kolera para patayin ang mga taong sa tingin mo ay kumuha ng buhay ng iyong mga anak. Ang pag-aalis ng tubig sa katawan, ang pagkulubot at pag-asul ng balat, at ang paglantad ng kanilang tiyan at bituka kung saan namumuo ang bakterya ng kolera. Ginamit mo sila upang ipaalala sa iyong mga biktima ang kanilang ginawa at pinangyari mo ang pagkadurog ng kanilang mga katawan upang hamunin ang pulisya. Sa tingin mo ba ay magiging proud ang iyong mga anak sa ginawa mo?""",anger,anger
"""5:17:29 P.M. Sarado na ang kaso na ito,"" Bulong ko habang nakatingin sa papalubog na araw sa dugo-pulang kalangitan.",joy,joy
"""Kumusta ang lagay niya?"" tanong ko nang makarating kami sa ospital kung nasaan si Kana.",sadness,sadness
"""Nagsisimula ng maging maayos ang kanyang vitals,"" sabi ni Dr. Gardan at nagsimulang manghina ang aking tuhod. ""Ngunit kailangan pa rin natin siyang obserbahan sa susunod na ilang oras.""",sadness,sadness
"""Kayong dalawa,"" biglang tawag ni Hiroshi kaya napatingin kami sa kanya. ""Sinabi ko ng patapos pa lang ang transportasyon.""",anger,anger
"""Paumanhin,"" agad na sabi ni Hayate. ""Hindi namin inaasahan ang pagsulpot ng mga Shinigami, kaya kailangan naming gawin ito,"" paliwanag niya.",fear,fear
"""T-tama siya,"" dagdag ko naman. ""Ngunit nangako kami, hindi na ito mauulit pang muli""",fear,fear
"""A-Anyway . . ."" sabi ko, pinuputol ang katahimikan. ""Ano ang nangyari sa mga armas? Nasaan ang mga ito?""",fear,fear
"""Humihingi kami ng kapatawaran,"" dagdag ko ulit.",sadness,sadness
"""Madaming nangyari sa araw na ito. Kailangan na nating magpahinga,"" sabi ni Hayate.",sadness,sadness
"""Tanga ka!"" Sigaw ko bago ko siya sapukin sa ulo.",anger,anger
"""May mangyayari ba? Ilalabas mo pa rin ang iyong mga armas kung lumitaw ang isang Shinigami,"" pagtatalo niya.",anger,anger
"""Tanda? Hoy, magka respeto ka naman! Si Sir Aiwa ang lolo mo!""",anger,anger
"""Sinabi niya na maaari lang akong magkaroon ng access sa mga restricted rooms at laboratories sa Technology department kapag graduate na ako. Hindi man lang niya binawi ang kanyang utos pagkatapos ng kanyang kamatayan. Anong klaseng kalokohan iyon?""",anger,anger
"""Bakit mo pa inaalala ang mga iyon?"" tanong ni Hayate. Oh. Sinubukan niyang basahin ang nasa utak ko.",anger,anger
Heh. Nahihiya ka ba? Ang cute mo,joy,joy
"""Ano ang gusto mo, Shinigami?"" matapang kong tanong habang mahigpit na hinawakan ang aking mga espada.",anger,anger
"""Ang mga Shinigami . . . ang mga taong pinakamumuhian ko,"" bulong niya. Kumikislap ang kanyang berdeng mga mata sa galit habang itinapon niya ang kamay sa lupa. ""Hahabulin ko sila. Lahat sila.""",anger,joy
"Huminga siya ng malalim. ""Nagawa nilang subaybayan ang mga armas. Si Sir Tora iyon. Ngayon ay hindi ko na magagawang ipagpatuloy ang pananaliksik na iyon.""",fear,fear
"""Tingnan mo para malaman mo.""",anger,anger
"""Ibig sabihin lamang ay mahina ang proteksyon mo sa iyong mga datos,"" biglang sabi ni Kana. ""Nahanap ka nang ganoon kadali . . . mukhang malabo ang hinaharap ng Technology department.""",anger,anger
"""Talaga bang hindi mo alam kung paano pigilan ang sarili mo, hindi ba?"" komento ko.",anger,anger
"""Sinabi ko lang ang katotohanan,"" walang pake niyang sabi.",anger,anger
"""Puwede mo itong sabihin nang mas maayos,"" bulong ko pero hindi niya ako pinansin.",anger,anger
"Ngumiti ako sa kanya. ""Oo. kaunti lang.""",joy,joy
"Tumingin siya nang diretso sa aking mga mata at ngumiti. ""Ang mga lihim ay dapat ganoon,"" sabi niya. ""Ingat, J. Hindi mo gugustuhing lumalim.""",joy,joy
"""Karumaldumal iyon.""",sadness,sadness
"""Bakit nakatayo lang kayo r'yan?!"" Nagulat naman ako nang sumigaw sa amin ang isang opisyales. ""Tumulong kayo! Ang dami pang nangangailangan ng tulong!""",anger,anger
"""Sa tingin ko may mga suspek na tayo ngayon,"" napansin ko, habang iniisip ang sampung taong lumabas bago ang pagsabog.",joy,sadness
"""Oo. Oras na para makilala ang ating pangalawang pakay.""",joy,joy
"""Shit!"" mura ko habang tumatakbo mula sa mga bubong ng mga gusali.",anger,anger
"""Anong nangyari dito?"" tanong ni Kana.",fear,fear
"""Reina? Anong nangyari"" tanong naman ni Hayate. ""May biglang pagbabago ng temperatura sa lugar na 'yon""",fear,fear
"""Ano ba ang gusto mo?"" tanong ko.",anger,anger
"""Ang tagapagmana,"" sabi niya. ""At ang iyong kamatayan.""",anger,anger
"""Sinabi ko na sa iyo,"" sabi niya habang humahangin sa paligid namin. ""Kung hindi mo masasabi sa amin kung nasaan ang tagapagmana, sapat na ang iyong kamatayan.""",anger,anger
"""Reina, Umalis ka dito!""",fear,fear
"""Nakatakas siya,"" sagot naman niya. ""Muntik ko na siyang mahuli""",anger,fear
"""May kinalaman ba ito sa unang insidente?"" mahinang tanong ni Kana.",sadness,sadness
Hindi ko kaya. Hindi ba kayo nagtataka sa sinasabi ng Shinigamis na nakalaban natin?,fear,fear
"""Hindi ko alam,"" mataray niyang sagot. ""Hindi ako bahagi ng mga angkan na kailangan ang kanilang mga tagapagmana upang gumana.""",anger,anger
"""Sinabi mo ba na hinahabol nila ang tagapagmana ng isa sa mga angkan na ito?"" tanong ni Hayate.",fear,anger
"""Iyon ang may pinakamalaking posibilidad, hindi ba?""",fear,fear
"""Ano? Sino . . ."" Bumigat ang boses ko. Hindi ko maisip kung gaano kahirap ang araw na iyon.",fear,fear
"Kumislap ang isang sutil na ngiti mula sa kanya. ""Sa ikatlong eksibisyon ng mamamatay-tao.""",joy,joy
"Ano ang iyong ibig sabihin, bida-bida?",anger,anger
"""Sabi nila, kailangan mong maging katulad nila para maintindihan sila,"" pang-aasar ni Hiroshi.",anger,joy
"""Hindi ko alam na ganyan ka ka-bobo,"" sagot niya. ""Ah. At kung ako ay isang Shinigami, patay ka na sana sa oras na magkita tayo.""",anger,anger
"""Shit, wala ngang dala na armas ang gago na iyon!"" Bulong ko habang nagmamadali patungo sa kanilang direksyon.",fear,fear
"""Sandali, Reina, saan ka pupunta?"" rinig kong sabi ni Hiroshi. ""May cellphone siya! Huwag mo siyang iwan mag-isa!",fear,fear
"""Huwag kang gagalaw, terorista, o hihiwain ko ang bibig mo,"" Babala ko habang inilalagay ang punyal sa kanyang bibig.",anger,anger
"Agad naman akong lumingon at sinamaan ko ng tingin si Hayate.. ""Alam mo at hindi mo sinabi sa amin!""",anger,anger
"""Tumigil ka na, tanga! Muntik ka nang mamatay!""",anger,anger
"""Nandito siya,"" he said. ""Tumawag ka ng tulong. Nahuli na itong hayop na ito.""",anger,anger
"""Baliw nga talaga siya,"" bulong ko habang naaalala ang ginawa niya.",anger,anger
"""Diskriminado na ang mga minorya at nahaharap sa prehuwisya sa kanilang pang-araw-araw na buhay. Nagagalit ako na may mga taong tulad niya, na hindi nagpapakita ng anumang respeto at pagsisisi,"" sabi ni Kana habang mahigpit na hinawakan ang kanyang karit.",anger,anger
"""Sa tingin nila mas nakakataas sila sa lahat. Akala nila na ang mga ginagawa nila ay laging tama. Sana maranasan niya ang impyerno""",anger,anger
"""Ano ba talaga ang ginawa sayo ng Shinigamis?""",sadness,sadness
"""Magaling,"" komento niya habang nakatingin kay Hayate. Ngumisi siya at tumingin kay Hiroshi, ""at dapat mas pagbutihan mo.""",joy,joy
"""Nararamdaman mo din ba iyon?"" tanong ko kay Hayate. ""Meron bang malapit na Shinigamis sa atin?""",fear,fear
"""Hindi ko alam. Parang may tao sa paligid pero hindi ko maramdaman ang presensya niya.""",fear,fear
"""Shit. Huli na tayo,"" mura ko sa sarili ko. ""Pero bakit naman nila siya papatayin?""",anger,anger
"""Isang Erityian?"" Bulong ko habang nakatitig nang may pagkasindak sa monitor. ""Shinigami?""",fear,fear
"""Pero bakit niya alam ang paraan ng pagsulat ng Erityian?""",fear,fear
"""Nararamdaman ko ang mahina na presensya ng Black Dimension. Parang may paparating.""",fear,fear
"""Isang Shinigami,"" alerto ko at agad na tumakbo ang tatlo sa amin patungo sa direksyon na iyon.",fear,fear
"""Masama ito. Kailangan natin siyang mailabas doon,"" sabi ni Hayate.",fear,anger
"Pinapatakbo na siya ng galit niya. Hindi siya nag-iisip. Kung magpapatuloy ito, maaaring mamatay silang dalawa.",fear,fear
"""Tumindig, Teshin,"" utos ng lalaki. ""Hindi kita sinanay para patayin ng mga simpleng estudyante na ito.""",anger,anger
"""Mabuti na lang hindi kami nilabanan ng mga Elite na iyon."" sabi ko.",fear,fear
"Naasar si Hiroshi. ""Dahil hindi nila kami tinuring bilang mga banta.""",anger,anger
"""Ako . . . kailangan kong . . . patayin s-ila . . .""",anger,anger
"""Kana, kumalma ka. Pakiusap.""",sadness,sadness
"""Kailangan ko silang patayin,"" Paulit-ulit na binubulong ni Kana habang mahigpit niyang hinahawakan ang kanyang karit.",anger,anger
"""Huwag mong pasasalitaan—""",anger,anger
"At ako ang nag-iisang nakaligtas galing sa Hansen clan."" Tumulo ang dugo niya sa kanyang karit at napaluhod siya. ""At babawiin ko ang dugo namin gamit ang dugo nila.",anger,anger
"""Pero nag-aalala din ako tungkol sa humdrum na iyon.""",fear,fear
"""Nagiging delikado na dito,"" mahinang sabi ni Hayate. ""Tara na""",fear,fear
"""Tangang 'to,"" sabi ni Hayate.",anger,anger
"""Pasalamat ka hindi pa ako makagalaw,"" Sabi ni Kana habang nandidiring nakatingin sa kanya.",anger,anger
"""Maayos na ba ang pakiramdam mo?"" tanong ko sa kanya pero hindi agad siya nakasagot. Nakatitig lang siya sa kisame at saka ko lang napagtanto kung gaano kamali ang tanong ko. Syempre naman, hindi siya maayos.",sadness,sadness
"""Alam namin,"" pagputol niya sa sinabi ni Kana. ""Alam namin kung gaano kahirap para sayo ang mabuhay sa estado mong iyan.""",sadness,sadness
"""Dapat sinabi mo sa amin,"" sabi ko. ""Dapat sinabi mo sa administrasyon ang tungkol dito. Tutulungan ka nila.""",sadness,sadness
"Tumawa siya ng may pagkukunwari.""Tutulungan ako? Wala silang paraan para tulungan ang isang taong nawala na ang lahat.""",sadness,joy
Sa tingin mo ba mas karapat-dapat sa atensyon nila ang isang tao mula sa isang nawalang angkan kaysa sa nawawalang tagapagmana nila?,sadness,sadness
"""Alam mo, pumasok ako sa paaralan na iyon dahil akala ko matutulungan nila ako. At akala ko magiging parte na ako nito. Mali pala ako.""",sadness,sadness
"""Paano naman tayo?"" tanong ko. ""Sa tingin mo ba hindi ka nararapat dito kasama namin?""",sadness,anger
"Kung hindi ka nila matutulungan, umasa ka sa amin. Magkaibigan naman tayo.",sadness,sadness
"""Hindi ka na lang mula sa angkan ng Hansen. Parte ka na rin ng pamilya Atama. Kung may kailangan ka, sabihin mo lang sa amin. Hindi mo kailangang gawin ang lahat ng ito mag-isa. Hindi ka na nag-iisa, Kana. Kaya pakiusap, hayaan mong tulungan ka namin.""",sadness,sadness
"""Kung . . . kung pinahihintulutan akong sabihin ang nais ko . . . pakiusap . . . tulungan niyo akong makita ang dulo nito. Gusto . . . gusto kong maghiganti sa clan ko,"" humihikbi siya. ""Gusto ko nang makalaya sa nakakapagod na paghihiganti na ito. Pakiusap . . . tulungan niyo ako.""",sadness,sadness
"""Okay na ngayon""",joy,joy
"""Hindi ko na susuotin yan kahit kailan,"" matigas kong sabi matapos kong maalala ang pinagdaanan namin dahil sa device na 'yon.",fear,fear
"""Teka, Huwag mong sabihin na sa kanya mo gagamitin?""",fear,fear
"""Kahit hindi siya pumayag?""",anger,anger
"""D-Daddy . . ."" umiiyak na sabi ni Kana.",sadness,sadness
"""Mabuhay ka, anak. Kailangan mo. Pasensya na.""",sadness,sadness
"""Okay lang. Huwag kang matakot. Magiging maayos din ang lahat. Ipikit mo lang ang mata mo. Nandito lang ako.""",sadness,sadness
"""Wala na ako dito pagising mo. Pasensya na kung iiwan kita. Pero maging malakas ka. Patuloy mong protektahan ang buhay mo, kahit mag-isa ka. Mahal kita.""",sadness,sadness
"""Kung ganoon, mas madali na ngayon,"" dagdag ni Hiroshi.",joy,joy
"""Sapat na ang pahinga ko,"" bulong niya. ""Panahon na para maghiganti.""",anger,anger
"""Kailangan kong hanapin ang Elite na iyon. Siya ang pumatay sa aking ama.""",anger,anger
"""Kana, ang Elite ng Reaper na iyong kinalaban noong gabing iyon ay si Takeshi,"" sabi ko at kita sa mata niya ang matinding galit. ""At alam namin kung paano siya hahanapin"".",anger,anger
"""Hindi ko alam ang kanyang mga motibo o kung bakit kailangan niyang isali ang kanyang sarili sa gulo na ito, ngunit isang bagay ang sigurado, ibinabahagi niya ang parehong krimen ng pagpatay sa daan-daang inosenteng tao at hindi ko siya kailanman mapapatawad sa bagay na iyon.""",anger,sadness
"""Kaya mo na ngayon lumaban nag todo, 'di ba?"" sabi ko habang tumatakbo kami sa mga gusali. Ngumiti siya. ""Siguro nga""",joy,joy
"""Mag-ingat kayong dalawa,"" biglang sabi ni Hayate sa earpiece namin. ""Pumasok kayo sa isang lugar na mataas ang pressure.""",fear,fear
"""Oo. Nararamdaman ko ang presensya nito. Mag-ingat tayo. Maaring magbukas ang Black Dimension anumang oras"".",fear,fear
"""Magbabayad ka sa mga ginawa mong krimen, mamamatay tao ka,"" pagmumura niya.",anger,anger
"""Hindi, bata. Babayaran mo ang krimen ng iyong angkan. Sasabihin mo sa akin ang tungkol sa tagapagmana. Iyan ay—!""",anger,anger
"""Ikaw . . ."" umangal si Kana habang tinititigan nang masama ang humdrum. ""Nandoon ka rin. Ikaw rin, pumatay sa lahat!""",anger,anger
"""Malapit na kami,"" sabi ni Hayate kaya nakahinga ako nang maluwag.",joy,joy
"""Nasaan ka?"" Bulong ko. ""Nagiging mapanganib na dito.""",fear,fear
"""Ano ba ang sinasabi mo?"" Pagmumura ni Kana. ""Tulungan ang sino? Ang taong pumatay⁠ —""",anger,anger
Damn it!,anger,anger
"Napangiti naman ako sa narinig ko. ""Yeah. Alam kong may mga rason sila""",joy,joy
"""Sa likod mo!"" alerto kong sabi kay Kana dahil may nagbubukas na Black Dimension malapit sa kaniya.",fear,fear
"""Dapat sana sinabi mo muna sa amin kung may mga paputok sa paligid, humdrum,"" galit na sabi ni Kana habang tinititigan nang masama si Ariel na nakaluhod pa rin.",anger,anger
"""Pasensya na kung ginamit ko ang mukha niya. Kailangan kong mabuhay. Huwag kang mag-alala, malapit na ang dulo. Hindi mo na makikita ang mukha na ito pagkatapos nito.""",sadness,sadness
"""Kana, pakiusap, kumalma ka,"" pagmamakaawa ko.",sadness,sadness
"""Paano ko gagawin?! Ang mukha na iyon . . . iyon ang mukha ng nanay ko! Paano mo nagagamit—!""",anger,anger
"""Hindi!"" sigaw niya nang madaplisan ng punyal ko ang pisngi niya. ""Sawa na ako sa mga laro mo!""",anger,anger
"""Kailangan mong mas husayan pa dyan, bata—!""",anger,anger
"""Ayos lang. Magiging okay ang lahat,"" malumanay niyang sabi habang tumingin sa direksyon namin.",joy,joy
"Ngumiti si Ariel. ""Oo. Ito lang ang paraan.""",joy,joy
"""N-Nakamit ko na ang . . . paghihiganti ko . . ."" bulong niya. ""M-Makakasama ko na rin ang . . . pamilya ko. P-Pasensya na sa mga . . . ginawa ko . . .""",sadness,sadness
"""Ngunit kung alam ko lang . . . ang angkan ninyo . . . bago ang mga . . . salot na iyon . . . kung alam ko lang . . .""",sadness,sadness
"""Kami ang Senshins,"" sabi ko. ""Hindi lang ang mga Erityian ang Shinigamis. Pasensya na kung nagdusa ka dahil sa kanila.""",sadness,sadness
"""N-Naintindin ko . . . s-salamat . . . sa pagsasabi . . . sa akin . . ."" Lumipat ang tingin niya kay Kana. ""At . . . s-salamat . . . sa . . . kabaitan mo. Ang mga magulang mo . . . at angkan mo . . . ay ipagmamalaki ka . . .""",joy,joy
"""Alam ko,"" iyak niya. ""Alam ko.""",sadness,sadness
"""Okay na . . . ngayon,"" bulong niya, parang kumbinsihin ang sarili niya. ""Okay na . . . ngayon . . . Pwede na . . . ako magpahinga ngayon . . .""",sadness,sadness
Pasensya na. Pasensya na.,sadness,sadness
"""Hindi ko dapat ginawa iyon. Para mailigtas ang tatlong tao, pumatay ako ng daan-daan. Nandiri ako sa sarili ko pero medyo nakahinga pa rin ako nang maluwag ng ligtas ang pamilya ko. Siguro nagiging halimaw na ako. Tulad ng mga berdeng mata na kriminal.""",sadness,joy
Hindi ko na alam ang gagawin ko. Dapat sana pinatay ko na lang ang sarili ko noong makita nila ako. Ngayon hindi ko na nga alam ang gagawin sa buhay ko.,sadness,fear
"Kahit sino, tapusin niyo na ang paghihirap ko.",sadness,sadness
"""Huwag kang masyadong mag-alala,"" sabi niya habang pinupunasan ang mga luha sa kanyang mata at mukha. ""Magiging okay ako.""",sadness,sadness
"Ngumiti siya habang itinuturo ang puno sa likod natin. ""May negosyo ako doon.""",joy,joy
"""Sana pwede pa ako magtagal dito,"" bulong niya habang nakatingin sa dalawa.",sadness,sadness
"""Hindi pwede. Alam mo naman na nandito lang ako dahil sa mga personal na bagay na kailangan kong gawin.""",sadness,sadness
"""Lagpas isang tao na akong nandito, at sa totoo lang, naging masaya na talaga ang buhay ko rito na halos makalimutan ko na may buhay pa ako sa labas ng campus na ito.""",sadness,sadness
"""Alam kong mahirap, mahirap tanggapin, ang magpaalam sa isang kaibigan,"" sabi niya at hindi ko alam kung nagloloko lang ba ang mata ko pero nakikita ko ang lungkot sa mukha niya. ""Pero may mga panahon na kailangan mo.""",sadness,sadness
"Tawa ni Kana. ""My god, J, ang clingy mo. Don't worry, I'll contact you later.""",joy,joy
"""Kung gayon, paalam na muna"" sabi niya.",sadness,sadness
"""Well, ibabalik ko na ang pangalang Kana dahil alternatibong pangalan lang ito, pero pwede mo niyo pa rin akong tawagin sa pangalang iyon,""",joy,joy
"""Bukod sa bango, isa sa mga kanji ang ibig sabihin ay umaagos at buhay,"" paliwanag niya. ""Dapat kang mabuhay ng malaya at hayaan ang oras mo na dumaloy mula ngayon.""",joy,joy
"""Gusto ko iyan,"" sabi niya habang iniabot ang kamay niya. ""Mamimiss ko ang mga away natin.""",joy,joy
"""Pagtitripan mo na naman,"" sabi ni Hayate kaya napangiti ako. ""Hindi ako magtataka kung magtanim siya ng galit sa iyo kapag lumaki siya.""",joy,joy
"""Wala na si Kana kaya sila na lang ang guguluhin ko. Sawa na ako sa inyong dalawa.""",joy,joy
"Higit isang dekada na mula noong gabing iyon. Ang makita ang aking mga magulang na mamatay sa harap ko ay sapat na para magkaroon ako ng bangungot araw-araw, ngunit ang pinagsisihan ko pa rin ay ang hindi ko pagprotekta sa aking kapatid.",sadness,sadness
"""Sa tingin mo ba ayos lang sina Mom at Dad?"" tanong ni Krystal, na anim na taong gulang, tuwing may gulo sa labas ng bahay namin.",sadness,sadness
"Pipilitin kong ngumiti at sinabing, ""Oo naman. Malakas sila. Talagang malakas.""",sadness,joy
"""Huwag kang mag-alala. Kung may mangyari man, ipagtatanggol kita gamit ang buhay ko at lagi akong nasa tabi mo. Ayos lang ba iyon sa iyo?""",joy,sadness
"Masaya siyang tumatango at sa mga sandaling iyon, nakakaramdam ako ng katiyakan. Kahit papaano, kasama ko siya. Hindi ako nag-iisa.",joy,joy
Ngunit ang lahat ng iyon ay kinuha sa akin.,sadness,sadness
"Winter, protektahan mo ang kapatid mo. Ipangako mo sa akin?",fear,anger
"""Ako si Winter Alveria,"" sabi ko habang mas lalo hinigpitan ang pagkakahawak sa leeg niya. ""Ang pinuno ng pamilyang Alveria. At balang araw, babawiin ko ang lahat ng kinuha ng angkan mo sa akin.""",anger,anger
"""W-wag. . . nagmamakaawa ako 'wag mong p-patayin. . .""",fear,fear
"""Panahon na para patayin ang naglalagablab na apoy,"" sabi ko habang itinaas ko ang aking braso. ""Mga kapwa Huntres, muling nating kuhatin ang ating karapatan!""",anger,anger
"""Krystal!"" sigaw ko, malakas ang tibok ng puso ko dahil sa takot na may nangyari sa kanya.",fear,fear
"""Hindi, pakiusap huwag,"" bulong ko sa pagitan ng aking mga iyak. ""Krystal . . .""",sadness,sadness
"Parang hinihila ang puso ko. Hindi ako umiyak noong kasama ko siya. Gusto kong ipakita sa kanya na kaya ko siyang protektahan . . . na malakas ako. Pero ngayon, lahat ng gusto kong mapanatili, na gusto kong protektahan, ay nawala sa akin.",sadness,sadness
"""Babawiin ko ang lahat,"" bulong ko sa aking sarili habang palayo ako sa pillar of flames. ""Ipinapangako ko.""",anger,anger
"""Pero pinatay nila ang mga magulang ko!"" umiiyak niyang sabi habang mahigpit niyang hinahawakan ang kanyang kutsilyo hanggang mamuti na ang kanyang mga kamao.",anger,anger
"""May kapatid ako na halos kasing edad mo at hindi ko siya naprotektahan,"" sabi ko sa isip ko pero nagulat ako nang maramdaman kong napaurong ang batang lalaki. Narinig niya kaya iyon? ""Ayoko nang maranasan ulit ang sakit na iyon.""",sadness,sadness
Dalawang taon na ang lumipas pero malinaw pa rin sa akin kung paano sila pinatay ni Pierre.,fear,fear
"""Ang mga may Wind attributes ay maaaring manipulahin ang hangin sa paligid, at lumilikha ito ng ilang superior mirages,"" tumawa siya. ""Nandito na tayo.""",joy,joy
"Nagsimulang gumapang ang panginginig sa katawan ko habang pinapanood ko ang pagbabago ng kanilang mga mata sa iba't ibang kulay: kayumanggi, lila at asul.",fear,fear
"""Ayos ka na ba?"" malumanay niyang tanong.",joy,joy
"""Sa totoo lang, hindi,"" sagot ko. ""Naguguluhan pa rin ako. Hindi ko alam kung ano ang gagawin ko. Hindi ko nga alam kung karapat-dapat ba talaga akong nandito. At . . .""",fear,fear
"""Oh. Kaya mo na pala gamitin ang iyong inner voice. Mahusay."" Tumingin sa akin si Isaz, may ngiti siya sa kanyang labi. ""Malakas ang loob mo, ngunit kailangan makasabay ang katawan mo.""",joy,joy
"""Bakit mo ako iniwan? Bakit hindi ka bumalik para sa akin?""",sadness,sadness
Ang panaginip tungkol sa aking kapatid na may ganoong ekspresyon sa kanyang mukha ay nakakasakit ng puso.,sadness,sadness
Nagsimula siyang maglakad palayo at masakit panoorin kung gaano kabagal ang paglalakad niya.,sadness,sadness
"""Pinagtataasan mo ba ako ng boses?"" tanong niya, kahit parang tunog babala ito.",anger,fear
"Nung araw na iyon, Si Hilda ang naging pinakanakakatakot na tao para sa akin.",fear,fear
"Nanginig ako ng makita ko ang ngisi niya. ""W-wala. Hindi ako . . . ibig kong sabihin, Hindi ko—""",fear,anger
"""Bakit nila ginagawa iyon?"" tanong ko, punong-puno sa galit.",anger,anger
"""Masaya ako na buhay ka pa rin, Leo,"" sabi niya.",joy,joy
"""Pasensya na . . ."" ngiwi ni Leo.",sadness,sadness
"""Minerva . . . patay na siya,"" sabi niya, nanginginig ang boses. ""Sinakripisyo niya ang sarili niya para iligtas tayo sa nakakatakot na apoy na iyon.""",sadness,fear
"""Sabi niya ayaw niyang mabuhay ang anak niya sa parehong paraan. Gusto niyang mabuhay nang normal ang anak niya. At kahit alam kong imposible iyon, gusto kong tuparin ang hiling niya.""",sadness,sadness
"Ngumiti siya nang malungkot. ""Sabi niya ay nabigo siyang protektahan ang iyong ama, ang ating master. Siya yung tipo ng tao na sinasarili ang lahat. Pero huwag kang mag-alala. Sigurado ako na kapag dumating ang tamang panahon, makakasama natin siya.""",sadness,sadness
"""Hindi pa rin ako sigurado kung siya ito,"" sabi niya, ""pero gusto ko siyang patuloy na bantayan.""",joy,joy
"""Mga kapwa Huntres,"" tawag ko. ""Ako si Winter Alveria, anak ni Ark, inapo ni Lord Ivankov at Lady Yllka. Sa ngalan ng ating mga ninuno, ipinapangako ko, darating ang taglamig at matatapos din ang impyernong ito""",joy,joy
"""Tumigil ka, Winter,"" utos ni Riyo, nakakatakot ang tono niya. Doon ko lang napagtanto na kalahati na ng loob ng kubo ang napayelo ko.",anger,anger
"""Mali sila,"" bulong niya. ""A . . . Ayoko na ulit iyong makita""",fear,sadness
"""Ang ating panganay na kapatid . . . n-nagmakaawa siya kay Allen na itigil ang pagsunog sa mga nayon sa Timog . . . pero ang halimaw na iyon,"" pinipigil niya ang kaniyang luha,",sadness,sadness
"Sinubukan niyang hindi magpatangay sa takot pero halata ito, ""s-sinunog niya siya ng buhay.""",fear,fear
"Bigla siyang ngumiti, isang bagay na hindi ko inaasahan na makita sa kanya. ""Pagkatapos ng lahat, ikaw ang tunay na pinuno ng tribo ng Huntres, Lady Winter.""",joy,joy
"""Pero gumana naman ito!"" kumikinang ang mukha niya.",joy,anger
"At alam ko na talaga na siya ang kapatid ko."" Lumitaw ang isang malungkot ngunit malungkot na ngiti sa mukha niya. ""Si Kelsey ay . . . buhay at ligtas.""",sadness,sadness
"""Hoy, ikaw na may balabal!"" sigaw niya. ""Matanda ka na ba? Halika nga rito, Tanda!""",anger,anger
"""Kasalanan mo ito lahat,"" sigaw niya.",anger,anger
"""A-ano ang nangyari?"" mahina kong tanong habang nakahawak ako sa braso ni Dalan.",fear,fear
"""H-hindi sila nagyelo. Sumabog lang sila sa niyebe,"" mahinahon niyang sabi. ""Ikaw, Lady Winter, binura mo sila.""",fear,fear
Sinamaan ko siya ng tingin at halos gusto ko siyang gawing yelo doon mismo. Sana nandito si Hale. At least nakokontrol ko ang batang iyon.,anger,anger
"""Isaz,"" tawag ko, nanginginig ang boses ko, ""pakiusap . . . tulungan mo siya. Ayoko . . . ayoko na siyang mawala ulit.""",sadness,sadness
"""Gagawin ko,"" sabi niya. ""Huwag kang mag-alala, aalagaan ko siya.""",joy,joy
"""Panahon na upang simulan ang digmaang ito,"" pagdedeklara ko. ""Ipaalam sa lahat ng ating mga kaalyado. Sa loob ng ilang buwan, sasalakayin natin ang White Division. Babawiin natin ang ating karapatan at tatapusin ko ang trahedyang ito.""",anger,anger
"""Mom, Dad,"" bulong ko habang tinititigan ang nag-iisang litrato naming pamilya. ""Maipaghihiganti ko na rin ang inyong pagkamatay.""",sadness,sadness
"""Kung kaya mo akong patayin."" Ipinadyak ko ang aking kanang paa at nagyelo ang apoy na nakapaligid sa kanya. ""At ngayon, babawiin ko ang lahat ng kinuha mo sa akin.""",anger,anger
"""Mga kakampi at kaalyado!"" sigaw ko habang tinititigan nang masama si Pierre.",anger,anger
"""Gagawin ako ng lahat upang mabawi ang ating lugar, ang ating karangalan at ang kapayapaan sa pagitan ng mga Huntres' divisions,"" bulalas ko, ""kahit na ang ibig sabihin pa noon ay pagpatay sa iyo at sa iyong mga tagasunod.""",anger,anger
"""Huwag mong maliitin ang apoy ko, bata.""",anger,anger
"""Huwag kang mamatay. Pakiusap""",sadness,sadness
"""Pasensya na . . . Glace,"" ungol ni Dad. ""U-umalis ka na at hanapin mo ang mga anak natin. P-protektahan mo sila.""",sadness,sadness
"""Tapos na . . ."" bulong ko. ""Mom . . . Dad . . . tapos na . . .""",joy,joy
"""Kung may mangyari man, ipagtatanggol kita gamit ang buhay ko at palagi akong nasa tabi mo. Pasensya na,"" ""Sabi ko at pumiyok ang aking boses."". ""Pasensya na sa pagsira ko sa pangako ko. Pasensya na sa pag-iwan sa inyo. Patawarin mo ako.""",sadness,sadness
"""So, paano mo sila nakilala?"" tanong ko at kumikinang ang kanyang mga mata.",joy,joy
"""Pasensya na pero mayroon din akong ibang pamilya na naghihintay sa akin.""",sadness,sadness
"""Hindi ka ba marunong kumatok?"" pagmamaktol niya.",anger,anger
"At sa unang pagkakataon, ngumiti ako sa harap ng isang malaking madla.",joy,joy
"""Nakauwi na tayo,"" malumanay kong sabi.",joy,joy
"Sa pagkakataong ito, ang naramdam ko lang ay puro saya at walang galit.",joy,joy
Nakatingin sa akin ang kanyang namumugtong mga mata na may halonh pag-aalala habang patuloy na hinihimas ni Jett ang kanyang mga baril.,anger,fear
Agad na nagiba ang timpla sa paligid ng banggitin ang kanyang pangalan. Nakaramdam ako ng kirot sa aking dibdib at galit nang maalala ko ang nangyari sa kanya noong laban kay Nox.,sadness,sadness
"Bilang isang Keeper, dapat kong protektahan ang aking grupo ngunit halos mamatay siya dahil sa mga pagkukulang ko.",sadness,anger
"Hindi ako naniniwala sa mga diyos ngunit sa unang pagkakataon, tahimik akong nagdasal. Gusto ko lang makita siyang gising at maayos bago ako umalis.",fear,sadness
Papunta na sana ako sa banyo pero nakatanggap ako ng mensahe mula kay Commander Priam kaya agad akong pumunta sa kanyang opisina.,fear,fear
"""Agent Naia,"" tumawag siya. ""Sigurado ka bang kaya mo ito?""",sadness,anger
"Tumango ako nang hindi nagdalawang-isip. Tanging ang mga pinuno ng mga tribo lamang ang may kapangyarihang makapasok sa Shima mula sa labas, ngunit abala siya sa pag-aasikaso ng mga naging resulta ng pagbagsak ng Nox. Bilang isang taong nanirahan doon nang matagal-tagal na rin, hiniling niya sa akin na dalhin ang mga kriminal sa lugar na iyon.",fear,fear
"Sa totoo lang, medyo nagulat ako na alam niya ang aking nakaraan.",fear,fear
"Nang una akong dumating dito, sigurado akong binago ko ang aking pagkatao upang maiwasan nilang malaman ang aking koneksyon sa Shima. Nagpasalamat na lang ako na hindi siya nagtanong tungkol dito.",joy,joy
"""Maraming mga executive na kailangan mong i-escort at masyadong delikado para sa iyo na hawakan sila nang mag-isa. Kaya, ito.""",fear,fear
Napatitig ako sa kagamitan nang may pagkamangha. Talagang tumataas ang laro ng mga Senshin at Custos sa larangang ito.,sadness,sadness
"""Mag-ingat at bumalik ka nang buhay,"" sabi niya at sumaludo ako.",fear,fear
Pinagmamasdan ko ang kagamitan habang naglalakad ako sa aking kwarto nang makita ko ang isang pigura na nakatayo sa pintuan.,joy,joy
"""Ano? Gusto mo bang ipacheck sa akin 'yan?"" Tinanong ko habang tinuturo ang baril na nakasuksok sa kanyang baywang.",anger,anger
Tahimik akong sinundan ni Jett nang pumasok ako sa aking kwarto at nanatili siyang nakatayo habang ako'y naupo sa gilid ng aking kama.,fear,fear
"""Mag-isa ka talagang pupunta,"" mahina niyang sabi. ""Oo. Mag-isa"", diin ko.",sadness,sadness
"Kahit na hindi ito sinabi nina Cliff at Jett nang malakas dati, alam kong gusto nilang sumama sa akin, ngunit mahirap maglakbay kasama ang mga outsider. Ayaw kong ilagay sa panganib ang kanilang mga buhay.",fear,fear
"""hindi,"" matigas kong sinabi. ""Hindi kayo tatagal ng isang minuto doon.""",anger,anger
"Sa isang iglap, ang dulo ng aking espada ay dumikit sa kanyang leeg at siya'y nanatiling nakatayo, may patak ng pawis na tumulo sa kanyang mukha.",fear,fear
"Kung hindi mo kayang ipagtanggol ang sarili mo laban doon, hindi talaga.",anger,anger
"""Hindi patas yan,"" nagreklamo siya. ""Hindi ako handa.""",anger,anger
"Ibinaba ko ang aking espada at ngumiti sa kanya. ""Ang hindi handa ang unang namamatay,"" sabi ko habang kinuha ang aking bagahe. ""Huwag masyadong mamiss ako.""",sadness,sadness
Handa na akong umalis sa aking silid ngunit huminto ako nang marinig kong tawagin niya ang aking pangalan.,fear,fear
"""Naia."" Nang humarap ako, nahuli ko ang baril na tinapon niya sa aking direksyon. ""Ingatan mo."" Isang ngiti ang bumakas sa aking mga labi nang marinig ko ang linyang iyon.",joy,joy
"""Isa akong Keeper,"" sabi ko. ""Kailangan kong manatiling buhay para mapanatili ang aking koponan na hindi mamatay.""",anger,anger
Ang ngiti sa aking mukha ay unti-unting nawala habang naglakad ako palayo mula sa lugar na kumupkop sa akin mula pagkabata. Panahon na upang bumalik sa lugar ng mga sumpa at kaguluhan.,fear,joy
"Nawala na ako sa bilang ng oras habang ako'y napadpad nang ilang araw sa gitna ng karagatan. Sa kabutihang palad, sapat pa rin ang aking mga suplay at kalmado ang dagat.",joy,joy
"Siguradong gising na si Nel sa mga oras na ito. Naiisip ko na ang kanyang galit na mukha, tinatanong sina Cliff at Jett tungkol sa akin.",fear,fear
"Isang ngiti ang tumakas sa aking mga labi habang inaalala ko ang buhay ko sa CIA. Hindi ito kailanman naging madali, ngunit mas kaunting alalahanin iyon kumpara sa kung saan ako papunta.",joy,joy
"Ang Shima ay matagal nang naging paksa ng mga mito at usap-usapan sa mga Erityian. Marami ang naniniwalang hindi ito totoo, hanggang sa dumating ang kanyang kamatayan.",sadness,sadness
"Naalala ko pa ang panahong iyon, handa na ang mga Executioner na patayin ang bawat Shinigami na kanilang ikinulong, hindi alintana ang mga maaaring maging parusa mula sa administrasyon at konseho.",fear,fear
"Si Ise, na noon ay pinuno ng angkan ng Jikko, ay nanumpa na papatayin ang bawat Shinigami na nagdulot ng pagdurusa sa kanyang apo.",anger,anger
"""Naia, hindi mo dapat hayaan ang sinuman na basahin ang iyong isip,"" laging sinasabi ni Vince noong bata pa ako.",fear,fear
"""Dahil maaari nilang gamitin ang iyong mga iniisip at alaala laban sa iyo.""",fear,fear
"Bumuntong-hininga ako. Mahigit isang dekada na simula nang siya'y pumanaw, ngunit ang sakit ay nananatili pa rin sa loob ko. Namimiss ko na siya.",sadness,sadness
"Bumalik ang aking ala-ala nang biglang dumilim ang malinaw na kalangitan at ang tubig ay umitim. Sa loob ng ilang segundo, balot na ng makapal na ulap ang lahat.",sadness,sadness
Isang bulto ng pagbabalik-tanaw ang bumuhos sa akin nang maramdaman kong humaplos ang hamog sa aking balat.,sadness,sadness
Naglaho ang ulap at lumitaw ang pamilyar na isla. Ang katahimikan na aking tinatamasa kanina ay napalitan ng mga sigaw at hikbi ng pagdurusa at sakit.,sadness,fear
Punong-puno ng mala-bakal at masangsang na amoy ang hangin na amoy dugo at kamatayan.,fear,anger
"Ngumisi ako. ""Oo. Akala ko nakalimutan mo na ako.""",joy,sadness
"Isang lalaki na nakasuot ng itim at may hawak na malaking itak ang lumitaw sa harapan ko. Mukha pa rin siyang pareho, maliban sa mga karagdagang guhit sa kanyang mukha.",fear,fear
"Si Farallon ay hindi kailanman natitinag sa kahit ano. Kahit nang dalhin siya ni Vince dito, nanatili siyang walang emosyon.",fear,sadness
"Nang mamatay si Vince, ang kanyang mukha ay walang ekspresyon, ngunit ang kanyang mga mata ay punong-puno ng galit.",anger,anger
"Nang makita ko siya, pakiramdam ko ako ay isang bata muli.",joy,joy
"""Kamusta na ang lahat?"" tanong ko habang ako'y naglalakad patungo sa dalampasigan.",joy,neutral
"""Bakit ka nandito?"" tanong niya nang hindi sumasagot sa akin.",anger,anger
"Sa kabila ng kanyang pag-aalinlangan, sumabay siya sa akin papunta sa kagubatan. Narinig ko ang mga pamilyar na mga alulong nina Shira at Hyora, ang mga tagapagbantay at unang linya ng depensa ng islang ito.",fear,fear
"""Hey,"" napa-ngiti ako habang papalapit sa akin ang leon at leopard. ""Na-miss niyo ba ako, mga kaibigan?""",joy,joy
"Wala akong mga kaibigan ng aking edad sa lugar na ito at lahat ng mga Executioner ay abala sa kanilang mga trabaho at misyon, kaya nakipagkaibigan ako dito sa dalawa.",sadness,sadness
"Sa mga katutubo ng isla na ito, kami lamang ni Aristus ang puwedeng makipag-kulitan sa mga mapanganib na hayop na ito.",joy,joy
"""Marami nang nagbago rito,"" sabi ni Farallon habang kami ay dumadaan sa kagubatan.",sadness,sadness
Palaging madilim sa kagubatan dahil sa dahon ng mga puno na humaharang sa sikat ng araw.,sadness,sadness
Naalala kong naligaw ako dito noong bata pa ako at natagpuan ako ni Farallon sa masama na kalagayan.,sadness,sadness
Hindi sinasadyang nadapuan ng aking mga braso ang mga dahon ng nakalalasong halaman at nagdulot ito sa akin ng pagkatulala.,fear,fear
Ang mga makamandag na insekto ay nag-iingay sa paligid at ang mga dahon ng mga nakamamatay na halaman ay sumasayaw sa hangin.,fear,fear
Matagal kaming nakalabas mula sa kagubatan at nakita na ang makapal na putik.,joy,joy
"Sinugatan ni Farallon ang kanyang sarili, ang kanyang dugo ay tumutulo mula sa kanyang daliri at tumagas sa malaking bato sa hangganan ng kagubatan.",sadness,fear
"Ang mabahong amoy ay sapat na upang magdulot ng pagkahilo, ngunit ito ay karaniwan na para sa mga naninirahan sa isla na ito.",fear,fear
"Ilang Executioner ang huminto, habang ang iba ay sumulyap sa akin habang naglalakad ako sa tabi ni Farallon. Ang mga nakatatanda ay nakilala ako bilang batang may pulang mata.",joy,joy
"""Naia?"" isa sa kanila ang tumawag. ""Ikaw ba 'yan, Naia?""",joy,joy
"""Yuma,"" sagot ko. ""Mukha ka ng matanda na ngayon.""",joy,joy
"Hinugot niya ang kanyang espada at mabilis kong pinigilan ang kanyang atake. Ang ilang Executioner ay nagtipon sa paligid, sumisigaw at bumabati, habang kami ng dalawa ay nahuli sa isang pagsalakay.",fear,fear
"Mabilis at masigla pa rin siya sa kabila ng kanyang edad. Ramdam ko ang mga sugat sa aking balat, dumadaloy ang dugo sa aking mga braso. Nakatama ako ng hiwa sa kanyang mga pisngi at tila mas natuwa siya.",joy,joy
"""Buwisit ka, bata, mas mabuti pang huwag mo akong maliitin,"" ngumiti siya habang sumusugod sa akin.",anger,anger
"Noong sandaling iyon, tumaas ang aking balahibo habang naramdaman ko ang isang matinding pagnanasa ng dugo mula sa kanya.",fear,fear
"""Ang hindi handa ang unang mamamatay""",sadness,sadness
"Naalala ko ang sinabi ko kay Jett at sinumpa ang aking sarili sa pagiging masyadong maawain. Ito ang Shima, isang lugar kung saan ang mga kasama ay maaaring pumatay ng isa't isa nang walang iniisip.",fear,fear
"Nawala siya sa aking paningin, at sa susunod na alam ko, ang dulo ng kanyang espada ay sumisiksik na sa aking kanang balikat.",anger,anger
Pinigilan ko ang sakit at hinawakan ang kanyang espada.,anger,anger
Sinipa ko ang kanyang leeg habang ang aking mga kamay ay dumudugo sa paghawak sa kanyang talim.,anger,anger
"Ang puwersa ay nagdulot sa kanya upang mawalan ng balanse at pagkakahawak sa espada, at agad ko itong hinila mula sa aking katawan.",fear,fear
Umupo si Yuma at tumawa nang malakas habang nakatingin sa akin.,joy,joy
"""Shit, masama ito,"" tumawa siya. ""Gusto kitang patayin ngayon.""",anger,anger
"Handa na siyang umatake sa akin ngunit biglang naging tahimik ang lahat. Naramdaman ko ang matinding hangin sa kapaligiran, dahilan upang manginig ang aking katawan sa takot.",fear,fear
"""Hala ano yun?"" bulong ko.",fear,fear
"Sa gitna ng katahimikan, narinig ko ang mabigat na mga yapak na papalapit sa aming direksyon. Nagbigay-daan ang mga Executioner at nakita ko ang isang lalaking may kaputian na lumalakad patungo sa amin.",fear,fear
"Ang punit na balabal ay sumasayaw habang umuugong ang hangin. Sa likod niya ay isang babae na labis na pamilyar. Nang malaman ko, naalala ko ang kwento ni Nel tungkol sa isang Senshin na may mga mata ng Shinigami at isang Custos.",fear,fear
"Hangga't naaalala ko, si Lionel dapat ang lider dahil nawala ang nag-iisang tagapagmana ni Ise nang mamatay si Vince. Sigurado akong hindi ganoon ang hitsura ni Lionel noong umalis ako sa Shima.",sadness,sadness
"""Bata, sabihin mo ang iyong pangalan,"" utos niya, at ako'y nagulat nang marinig ang kanyang tinig.",fear,sadness
"""Ah. Anak ka ni Diona at Heron,"" sabi niya, at umikot ang aking tiyan sa pagkabahala nang marinig ko ang mga pangalan ng aking mga magulang.",anger,anger
Dahan-dahan niyang inalis ang kanyang saklob at halos manigas ako sa kanyang titig. Ang matindi at malamig na berdeng mga mata ay nakatitig nang diretso sa akin.,fear,fear
"""Hala, sino ka?"" tanong ko, nanginginig ang aking boses sa takot.",fear,fear
Tumawa siya nang malakas na para bang ang aking tanong ay isang nakakatawang bagay.,anger,joy
"""Isang miyembro ng Jikko branch clan,"" sagot niya. ""Hindi man lang ako kinausap ng matandang iyon hanggang kailangan niya ng isang tao upang magmana ng kanyang posisyon.""",sadness,sadness
Ilang Executioner ang halatang hindi komportable matapos marinig ang kanyang panglalait kay Ise. Ako rin ay nainis dahil si Ise ang pinaka-iginagalang tao sa pulo na ito.,anger,sadness
"""Nanumpa akong hahanapin at papatayin ang bawat Shinigami, ngunit ikinulong nila ako sa lugar na ito""",anger,anger
Namumula siya sa galit at kailangan kong umatras dahil nakaramdam ako ng panganib mula sa kanyang galit.,fear,fear
"""Putang ina ng mga gago na konseho ng mga matanda at duwag.""",anger,anger
"""Dad, kumalma ka,"" sabi ng babae sa likod niya.",fear,fear
"Tatlong oras na mula nang dumating ako sa Shima, ngunit alam ko na ang mga nangyari dito matapos mamatay sina Ise at Vince.",sadness,sadness
"Niyakap ako ni Shira at narinig ko ang mahinang tunog na ginagawa niya, parang humihingi ng pansin.",sadness,sadness
"""Man, hindi ka pa rin nagbabago,"" natatawa kong sabi habang hinahaplos ko ang kanyang buhok.",joy,joy
Nanatili ako sa dalampasigan ng pulo habang nagdedesisyon sila kung ano ang gagawin sa akin at sa mga bilanggo na kailangan kong ilipat gamit ang teknolohiya ng mga Senshin at Custos.,fear,fear
Bumuntong-hininga ako at tinitigan ang malawak na dagat.,sadness,sadness
"Inabot ko ang aking sandata habang lumilingon ako at nakita ang batang babae. Hala, mukhang siya na nga.",fear,fear
Lumapit siya sa direksyon ko at nagsimulang umangal si Shira sa kanya.,anger,anger
"""Kumalma ka,"" sabi ko.",anger,anger
Umupo ang babae sa tabi ko at tumingin sa kulay abong langit. Ngumiti siya at parang totoo talaga iyon kaya nabawasan ang aking pag-iingat,joy,joy
"""Alam mo, nang una akong dumating dito, akala ko mamamatay na ako. Sa pagkakataong ito, totoo na.""",fear,fear
"""Ako rin, nagdadala ng mga kriminal mula sa Nox at sinabi sa akin ni Ginoong Hideo na dapat akong maghanda kapag tumapak ako dito. Akala ko ito ay dahil sa reputasyon ng pulo na ito.""",fear,fear
Sumulyap siya sa akin at nakaka-akit ang kanyang mga mata. Ang kanyang nagniningning na mga mata ay parehong maganda at nakakasuka.,joy,joy
"""Inatake ako ng mga Executioner sa sandaling dumating ako. Isa rin akong mandirigma, ngunit ang kanilang lakas ay nasa ibang antas. Para akong nakikipaglaban sa isang Huntres na may instinct ng isang Senshin. Nakakatakot talaga.""",fear,fear
Napangiti ako. Nang marinig ko ang papuri para sa Jikko clan ay gumaan ang aking pakiramdam.,joy,joy
"""Ang plano ko ay iwanan ang mga kriminal, maghatid ng balita, at bumalik sa Tantei High, ngunit nagbago ang lahat nang dumating ang kanilang lider upang makipagkita sa akin.""",fear,fear
"""Talagang nakagugulat,"" komento ko.",fear,fear
"Tumawa siya bilang tugon. ""Hindi naman talaga. Malakas at matigas ang ulo ng Tatay ko kaya sa kaibuturan ng aking puso, alam kong buhay pa siya, sa kabila ng pagkakalista bilang nawawala sa mga rekord ng mga Senshin.""",sadness,sadness
"Kyo, huh? Ang tanging sinabi sa amin na dapat ipag-ingat ay ang mga bangkay ng Great Seven, at ilan sa mga propesor.",fear,fear
"""Ngunit hindi ko inaasahang makikita ko siya dito. Hindi mahilig ang Tatay sa mga posisyon.""",anger,anger
"""Sa totoo lang, siya pa rin ay Jikko,"" sabi ko. ""At noong . . . noong namatay si Vince, ang pangunahing pamilya ay walang tagapagmana upang palitan siya bilang hinaharap na pinuno.""",sadness,sadness
"Tumingin ako sa kanya, nakakunot ang aking noo, hindi sigurado kung tama ang narinig ko.",anger,anger
"""Ha? Anong ibig mong sabihin?""",fear,anger
"Ang pangalang iyon ay nagpabuhay ng isang na alaala. Naalala ko ang babae na dinala ni Vince dito nang siya ay bumalik ng sandali. Sandali lamang iyon, ngunit siya ang unang kaibigan na mayroon ako.",sadness,sadness
Pinigilan kong humagulgol sa narinig ko. Si Vince at Nathalie? Sila . . . may anak sila?,sadness,sadness
"""Nasaan ang mga kriminal na tinutukoy mo?"" tanong niya, ngunit parang isang utos ang pagkakasabi nito.",anger,anger
Mahirap na mapanatili ang aking pagiging kalmado sa harap ni Kyo. Ang kanyang presensya ay sapat na upang maramdaman ang kanyang nakatataas na posisyon at lakas.,fear,fear
May mga natitirang lawa ng dugo sa lupa at ang mga buwitre ay tahimik na nakalutang sa itaas namin. Ang ilan sa mga Executioner ay naghahanda ng isang malaking palayok ng kumukulong langis at nag-aayos ng ilang mga kawayan na poste.,fear,joy
"""Sino ang papahirapan""",anger,sadness
"Ang itsura sa kanilang mga mukha ay halo ng pagduduwal, kalituhan, at galit.",fear,fear
"Sa kabila ng pagkakabihag ng kanilang mga paa at kamay, ilan sa kanila ang nagsimulang sumugod sa mga tao sa paligid... na isang kamalian at hangal na hakbang",anger,anger
"""Sa akin ito!""",anger,anger
"""Talagang mga hangal ang mga Humdrums.""",anger,anger
"""Kabilang ang ilang Erityians, na masyado rin hangal.""",anger,anger
"""Anong pakiramdam niyan?"" pang-aasar ni Yuma habang itinuturo ang kanyang itak sa leeg ng isang Executive. ""Ang mga miyembro niyo ay pinaglalaruan ng isang 11-taong gulang na Jikko.""",anger,anger
"""Isang traydor na katulad mo,"" sabi ni Yuma habang ang dulo ng kanyang itak ay nakakabaon sa balat ni Eerie, ""nagdadala ng kahihiyan sa tribo ng Senshin.""",anger,anger
"Namutla ang aking balat nang marinig ang pamilyar na boses na iyon at nang lumingon ako, nakita ko si Lionel na papalapit sa aming direksyon.",fear,fear
"""Natapos ko na ang paglilinis sa Rei level,"" ini-ulat niya kay Kyo.",joy,joy
"""Mabuti,"" tumugon si Kyo at pumunta si Lionel sa direksyon ng Nox. ""Mapagkakatiwalaan pa rin,"" komento niya.",joy,joy
"""Siyempre,"" sabi ko. ""Kailanman, siya ang naging karibal ni Vince simula pagkabata. Sa lakas, marahil siya ang pangalawa sa iyo.""",sadness,sadness
"""Tama ka,"" tumatawa niyang sabi. ""Pero pagdating sa potensyal, mas mataas ang bata na iyon kaysa sa kanya.""",joy,joy
"Nangilabot ako nang maramdaman kong lumalakas ang kanyang presensya. Nang tumingin ako sa kanya, wala na ang kanyang ngiti at napalitan ito ng isang madilim na ekspresyon.",fear,fear
"""Sige, inaasahan kita.""",joy,joy
"Tahimik siyang umalis at naiwan akong mag-isa. Gusto kong makipag-ugnayan sa CIA, ngunit ipinagbabawal ang komunikasyon sa labas ng pulo na ito.",sadness,sadness
Mag-a-36 oras na mula nang dumating ako dito at patuloy pa rin akong ngangapa sa tindi ng mga boses sa loob ng aking isipan.,fear,fear
lalong humusay ang aking pandinig at ngayon ay naririnig ko na ang mga sigaw at ungol sa mga bilangguan. Nakakapagod ngunit sanay na ako sa gantong pagod mula pa nong bata ako,joy,sadness
Bigla kong naalala kung paano halos mawala ni Nathalie ang kanyang mga alaala dahil sa mga tinig na ito.,sadness,sadness
Talagang nakakatakot iyon.,fear,fear
"Bumubulong sa isipan ko, na hindi sigaw ng sakit o mga hikbi mula sa pagdurusa sa isipan, ay nagpatingkad sa akin. Sino . . . sandali . . .",sadness,sadness
"Tumingin si Nathalie sa aking direksyon, may kaunting gulat sa kanyang mukha, ngunit pagkatapos ng ilang segundo, ngumiti siya, parang sa wakas ay nakilala na niya ako.",joy,joy
Pagkatapos ay napatingin ang mga mata ko sa lalaki sa tabi niya at huminto ako nang makita ang kanyang mukha.,fear,fear
"""Nakakapikon ito,"" bulong ni Kyo. ""Para akong tumitingin sa mga mukha ng dalawang batang ito.""",anger,anger
"Tumawa si Nathalie. ""Alam ko ang ibig mong sabihin, Sir Kyo. Sige, si Hideo ang nagpalaki sa kanya kaya medyo nakuha niya ang personalidad nito.""",joy,joy
"""Ikaw bata ka,"" sabi niya habang nakatingin sa lalaki.",anger,anger
"Talaga naman, matapang siya. Gusto ko 'yan.",anger,anger
Ngumiti si Kyo na parang nakahanap lang siya ng isang tao na paglalaruan.,joy,joy
"""Sobrang ingay naman.""",anger,anger
"""Hindi ka dapat manatili dito,"" sabi ko at tumingin siya sa akin. ""Mukhang pareho kayong may kakayahan ni Nathalie.""",anger,anger
Iyon ang unang pagkakataon na nakita ko ang isang tao na labis na naapektuhan ng mga isip at panloob na boses ng mga tao sa kabila ng aming kakayahang hadlangan ang mga ito.,sadness,sadness
"""Maririnig mo ang panloob na tinig kahit sarado ang kanilang isipan, hindi ba?"" Tumango siya.",fear,fear
"""Sigurado ka bang kaya mong tiisin ang paghihirap at sakit ng mga pinahihirapan? Ang mga karumal-dumal at brutal na iniisip ng mga bilanggo? Ang mga radikal na pamamaraan at pag-iisip ng mga Executioner?""",fear,fear
Napangiwi siya bago pa man makasagot sa mga tanong ko. Alam ko na. Ang mga tinig na iyon ay tiyak na nagdudulot ng kirot at sakit sa kanyang isipan.,sadness,sadness
Tinitigan ko siya ng ilang segundo. Hindi ako sigurado kung siya ba'y may kumpiyansa o mangmang lamang.,sadness,sadness
"Sa gitna ng katahimikan, naririnig ko ang mahihinang tinig, mga sigaw ng paghihirap at desperasyon mula sa mga bilanggo.",sadness,sadness
"Sa loob ng isang split segundo, binunot ko ang aking espada at winasiwas ito sa kanyang direksyon.",anger,fear
"Nakita ko ang pagkabigla at pagkalito sa kanyang mukha, at siya'y tumalon paatras, naiwasan ang isang malubhang hiwa sa kanyang leeg. Binawi ko ang aking espada at tiningnan siya.",anger,anger
"""Mukhang nahasa na ang iyong instincts sa pag-iwas."" Puna ko habang dahan-dahang umaagos ang dugo mula sa kanyang leeg.",joy,fear
"""Pero, bata, ang mga Jikko ay kilala sa pakikipaglaban, hindi sa pag-iwas. Sa tingin ko, hindi ka pa handang magmana ng pangalan na iyon.""",anger,anger
Ang mga salita ko ay tila tumatak at ang itsura sa kanyang mga mata ay agad na nagbago.,fear,neutral
Nahuli akong walang pag-iisip sa isang segundo dahil para siyang eksaktong katulad ni Vince kapag galit.,fear,fear
"""Bata? parang ilang taon lang ang tanda mo sa akin,"" tanong niya.",anger,anger
"""Tinatawag kong bata ang lahat ng mas mahina sa akin,"" sagot ko, at sa hindi ko maipaliwanag na pakiramdam, nakakatuwa ito.",joy,joy
"Hindi ko akalain na ang mang-insulto sa isang tao na kayang makipagtalo ay magiging ganito kasaya, dahil sina Jett at Cliff ay palaging sumusuko bago pa man ako masiyahan sa pag-uusap.",joy,joy
"Bago pa man maabot ng kanyang kamay ang kung ano mang bagay sa likod niya, sumugod ako at hinawakan ang kanyang braso.",anger,anger
"Inagaw ko ang baril niya habang bumagsak siya sa kanyang likuran at itinutok ko ito sa kanya. Pumutok ako ng dalawang bala sa bawat gilid ng kanyang ulo, ilang pulgada lang mula sa kanyang mga tainga.",anger,anger
"""Ano? Nagbalik-tanaw ba ang mga pangyayari sa buhay mo sa isip mo?"" Asar ko. ""Oh, kawawang bata. Hindi uubra ang baril laban sa isang taong nabubuhay sa islang ito. Barilin mo sila, at ngingiti na lang sila. Basta't sila'y nakatayo, basta't may natitirang lakas, ipagpapatuloy nila ang laban."" Isang ngiti ang sumilay sa aking mga labi habang naaalala ko kung paano inilarawan ang pagkamatay ni Vince. ""Mas pipiliin pa nilang mamatay kaysa matalo.""",joy,joy
Isang ngiti ang sumilay sa aking mga labi habang naaalala ko kung paano inilarawan ang pagkamatay ni Vince.,joy,joy
"Naramdaman ko ang matinding awra sa likuran namin, at nang lumingon ako, si Kyo at Nathalie ay papalapit na sa aming direksyon.",fear,fear
"Tiningnan ko ang lalaki na kakabangon lang at patuloy na nakatitig sa akin. ""Tatalunin siya ni Karim,"" sagot ko.",anger,anger
"""Masyadong mabagal. Masyadong mahina. Masyadong emosyonal. Masyadong makasarili. Kung isa akong Executioner, hindi ko ibibigay ang tiwala at katapatan ko sa isang tao na hindi man lang kayang ipagtanggol ang sarili.""",anger,anger
Tumawa nang malakas si Kyo habang tila naguguluhan si Nathalie.,joy,joy
"Ang presensya ng batang iyon ay nakakabigat, marahil isa sa pinakamabigat sa mga Executioner bukod kay Kyo, ngunit hindi ito magiging sapat kung hindi kayang sumabay ng katawan niya.",fear,fear
"""Diretso at walang paligoy-ligoy, ha? Gusto ko 'yan,"" komento ni Kyo.",joy,joy
"Napailing ako. ""Ayoko binabawasan ang bigat ng mga salita ko. Kailangan malaman ng mahina na siya'y mahina, kung hindi, magiging kampante siya.""",anger,sadness
"""Naia . . ."" tawag ni Nathalie, at bumungad sa mukha niya ang pag-aalala.",fear,fear
"""Pasensya na, Nathalie. Sinasabi ko lang ang totoo. Sa gayon, kailangan ko nang magpahinga.""",sadness,sadness
"Nagsimulang akong maglakad palayo sa kanila. Si Kyo ay patuloy pa ring tumatawa, ngunit ang dalawa ay nanatiling tahimik.",joy,joy
"Maaaring masakit ang mga salita ko, pero mas masakit ang realidad ng lugar na ito. Ang kanyang inosensya ay magdudulot lang ng mas malaking kapahamakan. Kung ibang Executioner ang humamon sa kanya, malamang patay na siya ngayon. Dapat inihanda niya ang sarili niya bago siya tumapak dito.",fear,fear
"Papunta na ako sa aking kubo nang makita ko si Aristus na nakatayo malapit dito. ""Aristus!"" tawag ko habang tumatakbo papunta sa kanyang direksyon.",joy,joy
"Ngumiti siya nang makita ako. ""Naia.""",joy,joy
"""Ngayon ko lang nalaman na nandito ka,"" malumanay niyang sabi. ""At si Nathalie . . . at ang kanyang anak.""",joy,joy
"""Dumating ako kahapon at ngayon mo lang nalaman?"" sabi ko habang bahagyang pinikit ang aking mga mata. ""Ilang araw ka nanatili sa loob ng yungib mo sa pagkakataong ito?""",anger,fear
"Napangiti siya habang kinakabahan. ""Uh, isang linggo, siguro?",fear,fear
"""Masaya ang pag-aaral at pagsusulat ng ating kasaysayan. Dapat mo itong subukan,"" sambit niya habang kumikislap ang kanyang mga mata sa pananabik.",joy,joy
"Ang kanyang labis na kasiyahan tungkol dito ay nagdulot sa akin ng panghihinayang. Si Aristus ang pinakamahina dito pagdating sa pisikal nakakayahan, ngunit iginagalang siya ng mga Executioner dahil malawak ang kanyang kaalaman tungkol sa aming lahi.",joy,joy
"Si Aristus ay ngumiti at tumingin sa nakahiwalay na bahagi ng isla, na tinatawag na Blood Chamber, dahil sa pulang kulay ng lupa na dulot ng bulkan at keimusho.",joy,joy
"""Ganyan ka pa rin kalakas mamilit, ha?""",anger,anger
"Sa kabila ng pagsara ng aking isip, narinig ko pa rin ang mga boses sa loob ng aking utak habang papalapit kami.",fear,fear
Malamang ay mababaliw sina Nathalie at Hiro sa oras na makapasok sila sa silid na ito.,fear,fear
Tumaas ang temperatura sa lugar na ito at nagsimula akong magpawis nang malala.,fear,fear
Naalis ko na ang akin kapa at naitali na rin ang aking buhok ngunit parang wala lang kay Aristus. Bakit mukha pa rin siyang komportable sa suot niyang tela? Damn monster.,anger,anger
"Huminga ako ng malalim at pinilit ang aking sarili na manatiling kalmado. ""Oo. Matagal na simula nang huli akong pumunta dito.""",anger,anger
Lalong uminit habang kami'y bumababa at parang natutunaw na ang aking balat at mga buto.,fear,fear
Narinig ko rin ang mga sigaw at daing ng mga bilanggo at nagdulot ito ng pananakit sa aking ulo.,sadness,fear
Dugo ang sumabog sa kanyang mukha at ang kanyang dilaw na buhok ay natakpan ng pula. Ang kanyang berdeng mga mata ay kumikislap sa madilim na espasyo at ang balat ko ay kinilabutan nang ngumiti siya sa amin.,fear,fear
"""Ah. Kakatapos ko lang magtanong sa isang 'to,"" sabi niya habang sinasabunutan niya ang buhok ng lalaki para iangat siya.",anger,anger
"""Magandang balita,"" komento ni Aristus. ""Kailangan ko pa ng dagdag na impormasyon.",joy,joy
"""Alam ko na kung nasaan ang Custos,"" sabi ni Lionel, nakangiti. ""Ah, nagtataka ako kung anong klaseng parusa ang dapat kong ibigay sa kanya.""",anger,joy
"Nang marinig ko ang kanyang mga salita, nanginginig ako. Si Dale ay isang mahirap na target, kahit para sa amin, ngunit naiisip na niya kung paano niya maaaring gawing miserable ang buhay nito.",fear,sadness
Ang taong ito... maaaring mas nakakatakot siya kaysa kay Kyo. At silang dalawa ang kasalukuyang pangunahing pwersa ng Jikko clan. Nag-aalala akong kung kaya ba ng batang iyon na makipagsabayan sa kanila.,fear,fear
"""Talaga?"" bulong ko habang inihahanda ni Farallon ang bangka.",anger,anger
"""Iyan ang patakaran, bata,"" sabi niya. ""Hindi ka puwede makipag-ugnayan sa iba dito sa loob ng isla.""",anger,anger
Naiwan akong mag-isa sa gitna ng dagat at napagtanto kong may paparating na bagyo.,fear,fear
"""Damn it,"" bulong ko habang kinukuha ang device ibinigay ng Commander.",anger,anger
"""Naia,"" siya ay bumati. ""Masaya akong marinig mula sa'yo. Ano ang nangyari?""",joy,joy
"""Matagumpay na nailipat ang mga kriminal,"" Commander, iniulat ko.",sadness,sadness
Hindi pa rin makapaniwala si Farallon na ang mga beast na iyon ay naaalala pa rin ako at ako lang ang kaya makipagkulitan sa kanila.,joy,sadness
"""Nakarinig ako na pumunta ka sa blood chamber kasama si Aristus,"" sabi niya, at halos nanginig ang katawan ko nang naalala ko ang nangyari doon.",fear,fear
"""Oo, parang kang bumalik galing sa impyerno.""",fear,fear
"Tumawa siya. ""Tama. Naalala mo ba nang una kang pumunta roon? Kailangan kang ilayo ni Vince mula sa lugar na iyon dahil maaapektuhan ang mga mata mo.""",joy,joy
"Sinabi ni Ise na hindi ako pinapayagang pumasok sa blood chamber dahil masyado pa akong bata at mahina, pero gusto kong makita ito. Bukod dito, hinahangaan ko sina Vince at Lionel, at nangako pa akong magiging alagad nila, pero pareho nila akong tinanggihan.",sadness,sadness
"Sa kabutihang-palad, itinuro na sa akin ni Ise kung paano itago ang aking presensya at pareho silang nakatuon sa mga kriminal, kaya madali lang para sa akin na sundan sila.",joy,joy
"Akala ko ay maganda ang aking ginagawa, hanggang sa may nangyaring hindi inaasahan.",fear,sadness
"Narinig ko ang mga boses, marami sa kanila, umiiyak at sumisigaw sa pagdurusa at sakit.",fear,fear
Parang sasabog ang aking ulo anumang sandali.,fear,fear
"Nang ako ay nasa isla, hindi ko narinig ang mga boses na ganoon kalakas, ngunit pagpasok ko sa blood chamber, napagtanto ko kung bakit hindi pinapayagan ang mga hindi pa nakapagsanay.",fear,fear
"Bumagal ako, ngunit akala ko ay kaya kong kontrolin ang aking isipan. Gayunpaman, mayroong isang bagay na nagpahirap dito.",fear,fear
"Sa susunod na alam ko, nakangisi na siya nang nakapanghihina sa aking direksyon. Ang lahat ay nangyari nang napakabilis na tanging nang ako'y hawakan na sa aking leeg ko lang naisip ang aking sitwasyon.",fear,fear
"Bilang isang bata, labis akong natatakot. Kinuha ako ng bilanggo bilang hostage.",fear,fear
Ang aking leeg ay nakadikit sa kanyang dibdib at mga braso habang ang aking katawan ay nakabitin. Ang dulo ng kutsilyo ay bumabaon sa aking mga pisngi at nagsimulang dumaloy ang dugo sa aking mukha.,fear,fear
Natakot ako at naramdaman kong may nagbabago sa aking isipan at katawan.,fear,fear
Ang mga kulay ay kumikislap sa aking mga mata at nakita kong maraming tao ang pinapatay at tinatanggalan ng balat gamit ang kutsilyong nakatutok sa akin.,fear,fear
"Ang takot ay dumaloy sa aking katawan, hindi dahil sa aking sitwasyon, kundi dahil kay Vince at Lionel.",fear,fear
Ang kanilang mga mata ay kumikislap sa masamang balak habang inihahampas nila ang kanilang mga itak sa hangin.,anger,anger
"""Ilabas niyo siya rito,"" sabi ni Lionel habang tinitingnan ang iba pang mga bilanggo na kasing takot ko.",anger,anger
Agad akong kinuha ni Vince at naaalala kong umiiyak ako dahil nagalit siya sa akin.,sadness,sadness
"""Wow. Hindi ako makapaniwala na matagal na iyon,"" sabi ko habang nakangiti, inaalala ang buhay ni Vince bago siya umalis at namatay.",sadness,sadness
"""Oo. At ngayon, ang tanging mayroon tayo ay ang payat na anak niya""",anger,fear
"""Maaari bang magamit ito, halimbawa, sa laban laban sa isang Shinigami?"" tanong niya, pero bago makasagot si Aristus, si Farallon ay pasugod na sa kanilang direksyon.",fear,fear
"""Oo, maaari, bata,"" sabi niya. ""Ang talim na ito ay nababad sa dugo ng mga Shinigami mula nang ito ay ginawa.""",anger,anger
"""Oo, iyan ang totoong ugali niya. Tahimik lang siya kumilos para magmukhang si Lionel, pero ang totoo, mas marahas siya kaysa kay Vince.""",anger,anger
"""Naia,"" tawag niya. ""Pasensiya na kung hindi kita maka-usap.""",sadness,sadness
"""Pero masaya ako na nakita ulit kita.""",joy,joy
"Ngumiti siya. ""Makaka-asa ka, Sir""",joy,joy
"""Hayop ka, anak ka nga talaga niya.""",anger,anger
"""Balik na tayo,"" utos niya, at ang bigat ng kanyang presensya na labis na nagpadurog sa akin na para bang babagsak ang aking mga tuhod.",fear,fear
"""Mukhang marami tayong makukuhang mga bilanggo sa mga susunod na araw.""",joy,joy
"Sa sandaling iyon, naisip ko na unti-unting nagbabago ang lahing Erityian . . . pero hindi ko alam kung ito ba ay para sa ikabubuti o ikasasama.",fear,fear
"Matapos ang pagbisita sa blood chamber, ang mga narinigg kong boses ay patuloy na umuulit sa loob ng aking utak.",sadness,sadness
Kating-kati na ako makipag-laban.,anger,anger
"Pagsapit ng gabi, ang lahat sa isla ay nababalot na ng kadiliman. Mga kahina-hinalang anino ang naglalakad-lakad habang ang tunog ng metal na tumatama sa lupa ay dama sa hangin. Ang mga Executioner ay kumikilos, at ramdam ko ang pagtaas ng tensyon sa loob ng isla.",fear,fear
Ang pagdinig sa boses na iyon ay nagdulot ng panginginig sa aking katawan.,fear,fear
Ang mga kamay ko ay kusa nang humawak sa aking espada at sinalag ito sa presensya sa likuran ko.,anger,anger
"Dumaloy ang dugo sa aking mukha at sa sahig, naguguluhan nang makita ang nakangiting mukha ni Kiyoko.",fear,fear
Napatawa ako dahil totoo iyon. Ang pagiging kakaiba at radikal ang karaniwan dito.,joy,joy
"""Matapos ang nangyari sa mga Senshin at Custos, maraming kriminal ang ililipat dito,"" paliwanag niya. ""Nagpaplano sila para doon.""",fear,fear
"""Oo."" Isang bakas ng kalungkutan ang sumilay sa kanyang mukha.",sadness,sadness
"""At alam mong galit na galit sila sa kanila.""",anger,anger
Sumagi sa isip ko ang mukha ni Vince at kung paano kumilos ang buong Jikko clan nang matanggap nila ang balita ng kanyang pagkamatay.,fear,sadness
"""Dahil sa nangyari, pati kay Hideyoshi at sa administrasyon ay may hinanakit sila,"" patuloy niya.",anger,anger
"""Tuluyan nang pinutol ni Ise ang komunikasyon sa kanila dahil ang pagtitiwala sa kanila ang naging kapalit ng buhay ng kanyang apo.",anger,anger
Halos lumubog ang puso ko nang marinig ang pangalan ni Ise. Lumaki ako kasama si Vince at si Ise ay partikular na mahigpit sa kanya.,sadness,sadness
Palagi niyang sinasabi na hindi siya dapat matalo sa isang laban dahil iyon ay isang kahihiyan bilang isang Jikko,anger,anger
"Ngumiti siya. ""Oo nga. Lumabas daw siya nang palihim mula sa isla noong teenager pa siya dahil kung nanatili siya, siya ang magiging pinuno ng nayon.""",joy,joy
"Bagama't malabo ang ilan sa aking mga alaala, naaalala ko si Ise na galit na galit nang biglang dumating ang isang liham mula sa labas.",anger,anger
"Oo. Ang kapalaran na gusto niyang iwasan ay humabol sa kanya. Sa tingin ko, talagang nakatakdang mamuno siya sa clan na ito bago pumasok ang tunay na tagapagmana.",sadness,sadness
Kumalma na ako pagkatapos ko makipag-usap kay Kiyoko. Nagpapasalamat ako na nandito siya.,joy,joy
Tumigil ang aking paghinga habang nakatingin ako sa kanya. Hindi ko man lang naisip na wala siyang kaalaman tungkol sa nangyari sa team Magnus. Ang mga mata niya ay nakatingin sa akin na puno ng pag-asa at sumama ang aking loob matapos maalala ang kanyang huling sandali.,sadness,sadness
"""Pasensya na,"" bulong ko, habang nanginginig ang aking boses.",sadness,sadness
"Kumunot ang kanyang ekspresyon at bago pa ako makapagpaliwanag ng kahit ano, naalis na niya ang tingin niya sa akin. Naramdaman ko ang isang napakalaking pressure mula sa kanyang presensya at pinilit ko ang sarili ko na huwag umatras kahit na nakakasakal na ito.",fear,fear
"Nagsimula si Kiyoko na umalis nang walang salita. Nagbuntung-hininga ako, nag-aalala sa kung ano ang gagawin niya. Sabi ni Nel, mabait at sweet si Kiyoko, pero ang ekspresyon niya kanina ay napakalayo mula roon.",sadness,sadness
"Nagkusang tumugon ang aking katawan sa kanyang presensya, tumalon pabalik at kumuha ng depensibong posisyon. Tumawa nang malakas si Kyo pagkatapos makita ang ginawa ko.",joy,fear
Damn it. Bakit ba siya nandito?,anger,anger
"Tumawa siya. ""Sobrang hirap talagang kumbinsihin ang mga Reds.""",joy,joy
"""Bukod pa rito, isang Keeper ako,"" dagdag ko at ngumiti. ""Kailangan ako upang tiyakin na lahat ay mananatiling buhay.""",joy,joy
"Isang banayad na ngiti ang lumitaw sa aking mga labi. ""Sa tingin ko, oo. Pero mas gusto ko na ang ganitong uri ng buhay ngayon.""",joy,joy
"""Hays, nakakadismaya"", sabi niya habang kinakamot ang ulo.",sadness,sadness
"""Ang yabang mo naman""",anger,anger
"""Salamat, Commander,"" sabi ni Nel.",joy,joy
Ilang segundong katahimikan ang lumipas at mukhang may pinaplano sila.,fear,fear
"Pagkatapos ng mga engkwentro namin sa Nox, si Nel ay nagiging mas parang kapitan.",joy,joy
"Well, hindi ako makatulog sa buong panahon na naroon ako at nakakapagod sa isip ang paglagi doon, gusto kong sabihin ngunit ngumiti na lang ako.",sadness,sadness
"Bago ko pa maipaliwanag kung gaano ako kalayo mula sa Romania, tinapos na niya ang tawag. Lokong babae 'yon. Pinutol niya ang pagsasalita ko? Damn it. Babasagin ko ang mga buto niya pagdating ko doon.",anger,anger
Pero . . . hindi ko inasahan na mamimiss ko ang mga boses nila nang ganito. Hindi na ako makapaghintay na makasama silang muli.,sadness,fear
Parang kakaiba ang mapag-isa sa tahimik na karagatan na ito pagkatapos ng ilang araw sa Shima.,fear,fear
"Isang oras ang lumipas, nakatanggap ako ng holographic call mula kay Cliff. Kumurap-kurap ang kanyang mukha sa harap ko, at kahit na hindi maganda ang kalidad, kita ko ang takot sa kanyang ekspresyon.",fear,fear
"Huminga siya habang nanginginig, at napansin kong mahigpit pa rin ang hawak niya sa seatbelt. ""Mamamatay na tayo.""",fear,fear
"""Oh, come on, mga duwag kayo!""",anger,anger
"Si Cliff ay nasa passenger's seat, takot na takot habang pabilis nang pabilis ang sasakyan.",fear,fear
Si Nel naman ay mukhang sobrang tuwa matapos ang ilang araw na nakakulong.,fear,fear
"At nasa likuran si Jett, na ang mukha'y kasing putla na ng tisa.",fear,fear
"Bumuntong-hininga ako. ""Nel, tigilan mo na ang pagpapahirap sa mga kaluluwa nila.""",anger,anger
"Napagtanto ko na tatagal pa ako ng tatlong araw bago makarating doon, kaya sa huli, hindi na ako makakasama.",sadness,sadness
"Well, sinabi niya na dalawang kasama lang ang maaari nilang dalhin, kaya siguro nga hindi talaga niya ako kailangan doon.",sadness,sadness
"""Okay lang, huwag kayong mag-alala, aalagaan ko kayong tatlo.""",joy,sadness
"""Sa tingin ko mamamatay ako bago pa tayo makarating sa Romania—""",sadness,sadness
"Bago ko pa makita ang kanyang ekspresyon, naputol na ang linya. Muli akong nag-iisa sa malawak na karagatang ito.",sadness,sadness
"""Mag-ingat kayo. May mga Shinigami at Nox base sa Europa.""",sadness,sadness
"Nasa kalagitnaan pa rin ako ng Karagatang Pasipiko at aabutin pa ako ng isang araw bago makarating ng Japan. Buti na lang, maayos ang aking mga kagamitan.",joy,joy
"Buti na lang, lahat naman ay mukhang mga ordinaryo. 'Ligtas na,' sabi ko.",joy,joy
Ngumiti ako habang naaalala ko ang takot sa mga mukha nila ilang oras na ang nakaraan.,joy,joy
"Gusto mo bang buhatin kita?' tanong ni Cliff, tumatawa. 'Biru—!' Bago pa niya matapos sabihin na nagbibiro lang siya, nakasampa na si Nel sa likod niya.",joy,joy
"Si Jettt ay nagsimula nang maglakad, baka natatakot na gawin din sakanya ito ni Nel.",fear,fear
"""Kitang-kita niyo ba yung dilaw na puno doon?"" tanong ko nang pasigaw.",anger,anger
"""May nakasulat dito,"" sabi ni Jett, at sinabi ko kay Nel na tingnan ang malaking bato.",fear,fear
"Sinundan nila ang direksyon ngunit huminto sila nang makita nilang nauwi ito sa isang kweba. ""Dapat ba tayong pumasok dito?"" tanong ni Cliff.",fear,fear
"Tumagal ng 30-minuto bago nila mahanap ang labasan, pero bago ko pa man makita, naputol ang koneksyon. Hindi ko na sila marinig o makita.",sadness,sadness
"""Hello? Nel? Cliff? Jett?"" Wala. Sinubukan kong tawagan sila ulit pero walang sagot.",sadness,sadness
"Saglit akong nag-alala, iniisip kung natabunan ba sila bago sila nakalabas ng kweba.",sadness,sadness
Ibinato ko ang device sa bangka at bumuntong-hininga. Gusto kong malaman ang nangyayari pero wala na akong paraan para makipag-ugnayan sila.,sadness,sadness
Sana ay ligtas sila.,fear,fear
"""Yeah. Ang astig ng batang iyon.""",joy,joy
Si Nel ay Masyadong excited na ikwento sa akin ang nangyari sa pagpupulong ng apat na tribo.,joy,joy
"Sa totoo lang, hindi ko inasahan na magiging matagumpay iyon dahil sa tribo ng Shinigami.",joy,joy
"Ang mga neo-classical na gusali, museo, at mga monumento ay nakakalat sa buong lungsod. Parang hinila ako pabalik sa medieval na panahon dahil sa arkitektura at mga sining sa paligid ko.",joy,joy
Pumasok siya sa gusali at nawala sa aking paningin.,sadness,sadness
"Bawat hakbang ko'y kumakalansing sa loob ng silid. Pagdating ko sa central hall, muntik na akong mapugutan ng ulo.",fear,fear
"""Sino ka?"" tanong ng pitong-talampakang lalaki habang iginigiya ang kanyang espada.",fear,anger
"Sabay-sabay silang sumugod sa akin, dala-dala ang iba't ibang armas, mula sa mga espada, pamalo, hanggang sa mga baril.",fear,fear
"Biglang napuno ng galit at mga boses ng pagdurusa ang isipan ko, para bang bumalik ako sa Shima.",anger,anger
"Napuno ng galit at uhaw ang ulo ko. Pagkatapos, alam ko na lang, nag makintab na sahig ay puno na ng dugo.",anger,anger
"Sa loob ng isang minuto, ang tanging natira ay ang unang lalaki na nakakita sa akin. Nanginginig ang kanyang mga kamay habang itinuturo ang espada sa aking direksyon.",fear,anger
"Bago pa siya makahakbang pabalik, ang espada ko ay tumusok na sa kanyang lalamunan.",anger,anger
"""Hi,"" bati ko.",joy,joy
"Hindi nila ako binati pabalik. Sa halip, napuno sila sa galit nang makita nila ang pulang sahig kung saan ang kanilang walang buhay na mga kasama.",anger,sadness
Akala ko ay ako na ang unang gagawa ng galaw ngunit tumigil ako nang makita ko ang mga taong nagmumula sa likuran nila.,fear,anger
"Nanlamig ang dugo ko nang makita ko ang dalawang bata, isang babae at isang lalaki at marahil mga pito hanggang sampung taong gulang, na nakatayo sa harap nila, ang kanilang mga mata ay walang pakiramdam.",fear,fear
Huminga ako nang malalim upang pakalmahin ang sarili ko ngunit ang makita ang dalawa ay nagpahirap sakin.,anger,anger
Isang bugso ng galit ang umusbong sa aking dibdib nang inutusan nila ang mga bata na atakihin ako.,anger,anger
Nanikip ang aking dibdib habang sila ay papasugod sa akin.,anger,anger
"Nang tiningnan ko ang dalawang bata, napaluhod sila at bumagsak.",sadness,anger
Hinayaan kong kontrolin ako ng aking galit.,anger,fear
"Ang aking espada na puno sa dugo, tinaga ko ang lahat sa bawat direksyon.",anger,anger
Nagmumura ako sa isip ko dahil sa ginawa nila sa mga bata.,anger,anger
Tumatagal ako ng ilang segundo upang kumalma.,anger,anger
"Pagtingin ko sa paligid, nangatog ang aking katawan.",fear,fear
"Si Nel ay nagmamasid na may takot habang tinitingnan ang bloodbath, ngunit ang kanyang ekspresyon ay lumambot nang makita niya ang dalawang bata na nakahiga na walang malay sa sahig.",fear,fear
Bumuntong-hininga ako habang napapalibutan ako ng mga patay na katawan at mga dugo.,sadness,sadness
"Ngumiti ako sa kanila. ""Pasensiya, hindi ako puwede maging mabuting Keeper.""",sadness,sadness
"Sa natitira kong lakas, Naglakad ako sa kanilang direksyon. Sa wakas, magkakasama na ulit tayo",joy,joy
"Matapos ang nangyari sa Romania, silay ay mas kinabahan kapag kasama ako.",fear,fear
"Matagal ko nang pinipigilan ang aking likas na pagiging Executioner mula nang umalis ako sa isla ilang araw na ang nakalipas, nangangako na hindi ko hahayaang kontrolin ako ng aking mga emosyon, ngunit nawala ito noong misyon.",sadness,sadness
"Nakita ko na ang mga pagsabog na iyon simula nang una kong hawakan ang baril na ito, na ilang taon na ang nakalipas, pero gimagambala pa rin ako palagi.",sadness,sadness
"""Balak mo ba itong bawiin sakin?"" tanong ko. ""Sobra ba itong delikado sa kamay ko?""",fear,fear
"""Ikaw ay delikado kahit walang kahit anong sandata. Hindi mo ba alam gaano ka nakakatakot?""",fear,fear
Hindi ko napigilan ang ngumiti matapos marinig iyon mula sa kanya.,sadness,sadness
"""So, hindi ka para dito,"" sabi ko.",sadness,anger
"""Ang expresyon niya ay nangitim.""",anger,anger
"""Ramdam ko ang tensyon sa kanyang mga balikat habang patuloy siyang naglalaro sa kanyang baril.""",fear,fear
"""Hindi ka ba natatakot matapos makita iyon?"" sagot ko.",fear,fear
"""Sa tingin ko, mas malakas ka kaysa kay Nel,"" puna ni Cliff na nakatanggap ng suntok mula kay Nel",anger,anger
"""Bakit ka pa naging Keeper?"" dagdag ni Jett. ""Dapat ka sa frontline.""",anger,anger
Bumuntong-hininga ako at ngumiti.,joy,joy
"Noon, isa akong magulong bata. Alam mo, nang dumating ako sa aming headquarters, ang unang ginawa ko ay makipag-away sa Commander.",anger,anger
"""Well, pinalaki ako . . . nang kaka-iba, kaya hindi ko alam kung paano kumilos sa harap ng mga tao.""",sadness,sadness
"""Hindi ko maipagpatuloy ang gusto kong sabihin dahil sa biglang pagkabuhos. Isang hologram ang kumislap sa mga bintana ng eroplano at ang mukha ng Commander ay lumitaw sa harap namin.""",fear,fear
"""Team Optimus, magaling,"" sabi niya, pero may isa pa akong misyon para sa inyo at ito ang may pangunahing priyoridad.""",joy,joy
"Nagpalitan kami ng mga sulyap at tumango. ""Roger!""",joy,joy
Kumikislap ang mukha niya at nawala pagkatapos niyang ipadala ang mensahe. Biglang napuno ng tensyon ang hangin.,fear,fear
"Kinakalabog ni Jett ang kanyang mga baril, naghahanda sakaling magsimula ang gulo",anger,anger
Nagkatinginan kami ni Jett nang may pag-aalala.,fear,fear
"Napanganga ako nang makita kong nakasiksik sa sahig ang dalawang pigura. Duguan si Zeno at Dale, tulad ng iba pang Executives.",fear,fear
Kitang-kita ang mga tama ng bala sa balikat at binti ni Von ngunit tila hindi niya ito pinapansin. Mas malala ang sugat ni Fenn. May malalim siyang mga hiwa sa kanyang mga kamay at isang mahabang gash mula sa kanan hanggang sa kaliwang pisngi.,fear,fear
"Mas mapanganib iyon kaysa sa headgear na imbento ng mga Senshin. Ngunit upang ma-contain ang mga lider ng Nox, kailangan nilang tumagal ng mga panganib, lalo na laban sa kanilang mapanganib na animus.",fear,fear
Maaaring maging invisible si Dale sa loob ng ilang segundo at maparalisa ni Zeno ang mga nerbiyos ng isang tao gamit ang kanyang dugo.,sadness,anger
"""Ito ang katapusan ng Nox,"" sabi ni Von habang nakatingin kay Dale nang may masakit na ekspresyon.",sadness,sadness
"""Sigurado akong apektado pa rin sila dahil lumaki sila kasama niya. Sila ang koponan niya, ang mga kakampi niya, ngunit ipinagkanulo niya sila dahil sa kanyang paningin at paniniwala. Siguradong mahirap para sa kanila na labanan siya. ""Umuwi na tayo,"" sabi ni Yue.",sadness,sadness
"Sinimulan namin silang dalhin patungo sa aming sasakyang panghimpapawid, mabigat ang aming mga paa dahil sa pasanin at responsibilidad.",sadness,sadness
Nag-impok ng galit ang Nox laban sa mga humdrum at nilapastangan ang kanilang pag-iral.,anger,anger
Alam niyang ang kanyang katahimikan ay magdudulot lamang ng higit na pinsala sa tribo.,fear,fear
"""At marahil iyon ang isa sa mga dahilan kung bakit napunta sa maling panig ang ating mga kasama,"" patuloy niya.",sadness,sadness
"Matapos ang kanyang talumpati, ipinabatid niya sa kanila na kasalukuyang nagpapahinga ang mga Executive dahil sa mga sugat na natamo nila.",sadness,sadness
Nagbigay din siya ng mga bagong misyon sa mga naroroong team at sinabing magtitiwala siya sa kanila.,joy,joy
"Sa unang pagkakataon sa mahabang panahon, pinahinga ko ang aking isipan matapos magtayo ng mga pader upang protektahan ang aking mga iniisip.",joy,fear
"""Bakit hindi siya pwedeng maging isang normal na lider?"" reklamo niya.",anger,anger
Katahimikan ang pumuno sa silid. Siguro pagod na rin siya pagkatapos ng ating misyon.,sadness,sadness
"""Matulog ka nang mabuti,"" bulong ko, at natulog din ako.",joy,joy
Gumising ako nang magulo at kinuha ang aking device mula sa aking bulsa at may mensahe mula sa Kumander.,sadness,sadness
"""Sa tingin ko, alam mo na kung bakit ka nandito,"" sabi niya.",anger,anger
"Dahil sa mga nangyari bago ang pagkuha kay Dale at Zeno, may ideya na ako tungkol sa gusto niyang gawin ko. Tumigas ang ekspresyon ko.",anger,anger
"""Opo, Sir,"" sagot ko.",sadness,sadness
Tumingin siya sa akin gamit ang kanyang matinding pulang mata at parang nakita ko ang Blood Chamber mula sa kanila.,fear,fear
"Kumunot ang noo ng Kumander. ""Magkakalat ang mga selula kapag na-teleport ito. Papatayin sila ng mga headgears, ngunit hindi ko ito pinaniniwalaan na hihinto sila kapag nilalabanan nila ang epekto nito.""",anger,anger
"Tinaasan niya ako ng kilay. ""Akala ko ba may misyon tayo?""",anger,anger
Siguro nagmukha akong nalilito-lito dahil nagsimula silang tumawa sa akin.,fear,fear
"""Ano ba ang pinagsasabi mo?""",anger,anger
"""Bagalan mo,"" sabi ni Cliff nang nakakuyom ang ngipin.",anger,anger
"""Mabagal na ito,"" sagot ni Nel.",anger,anger
"Kung nasa tamang isip ako, natawa sana ako, ngunit mas lalo akong nababalisa sa bilis ni Nel.",anger,anger
"""Mamamatay tayo,"" mahinang sabi ni Jett, namumutla na ang mukha sa takot.",fear,fear
Bumilis si Nel at nagmura silang dalawa habang umiiyak sila para sa kanilang buhay.,fear,fear
Nakikita ko pa rin ang mga peklat sa kanyang mga braso at naalala ko kung paano siya halos mamatay noong laban laban sa mga Navis.,sadness,sadness
Nawala ang kanyang ina sa pangalawang pagkakataon at ngayon ay mawawala rin si Dale.,sadness,sadness
"""Curious ako sa nakaraan mong buhay,"" sabi niya. ""Alam mo, matagal na tayong magkakampi pero konti lang ang alam ko tungkol sa iyo.""",sadness,sadness
"""Hindi naman ganoon ka-interesante ang buhay ko,"" sagot ko.",sadness,sadness
Nakatago ang aking pagkabata sa Shima at nagpapasalamat ako na hindi sinira ng Kumander ang kanyang salita.,joy,joy
Ang aking mga magulang ay itinuturing pa rin na mga traydor at sigurado akong hindi ako makikita ng mga tao nang iba kung malaman nila tungkol sa kanila.,sadness,sadness
"Sa mga panahong tulad nito, namimiss ko siya hanggang sa pakiramdam ko ay bumalik ako sa pagiging bata muli.",sadness,sadness
"Nang bumiyahe ako rito ilang linggo na ang nakalipas, pakiramdam ko ay nag-iisa at hindi mapakali, hindi alam kung gaano katagal ako mag-iisa sa gitna ng wala.",sadness,sadness
"Ngunit sa pagkakataong ito, medyo nakakakalma ang malaman na kasama ko ang aking mga kakampi. Malamang hindi sila papayagan na makapasok sa isla ngunit alam na lamang na hihintayin ako ng tatlo sa kanila sa labas ay sapat na upang mapanatag ako.",joy,joy
Ngumiti ako sa kanila at kumuha ng meryenda mula sa mga gamit ni Jett.,joy,joy
"""Nakakapagod sa isip, hindi ba?"" sabi ko habang sinusuri ang aking espada.",sadness,sadness
"""Hindi ko ma-imagine kung paano ako makakaligtas kung mag-isa lang ako. Paano mo ba ito ginagawa?""",sadness,sadness
"Biglang bumaba ang temperatura at naging kulay abo ang langit. Isang puyo ng hamog at makapal na fog ang bumalot sa paligid namin, na hinaharangan ang aming paningin. Kumuha ng depensibong posisyon ang bawat isa sa kanila, handa ang kanilang mga armas.",fear,fear
"Tumayo ako sa harap ng balsa. ""Nandito na tayo."" Sa sandaling sinabi ko ang mga salitang iyon, lumitaw ang isang mas maliit na balsa at lumutang papunta sa direksyon namin. Lumingon ako sa kanila at ngumiti.",joy,joy
"""Pasensya na. Ako lang ang pwedeng pumasok.""",sadness,sadness
"""Hanggang sa pagbabalik ko. Huwag kayong gumawa ng kahit ano. Huwag niyo akong hanapin. Manatili lang kayo dito at maghintay.""",anger,anger
"Titig na titig ako kay Jett at ngumisi. ""Patay ka na bago ka pa magawa ang kahit ano.""",anger,anger
Pakiramdam ko ay gumagapang ang mga kiliti sa aking balat at kailangan kong pigilan ang sarili ko sa pag-ngatog. Mas masidhing nakakatakot ang nakakapanik na aura kaysa sa huling pagkakataon.,fear,fear
"""Bakit ka nandito ulit?"" tanong ni Farallon na tila hindi natutuwa sa aking presensya.",anger,anger
"""May dala ako,"" sagot ko. ""Parang materyales para sa grand prize."" Dahil doon, kumalma siya ng kaunti.",joy,joy
"Tumawa ako. ""Naiinggit ka ba?""",joy,joy
"""Tumahimik ka,"" Naia.",anger,anger
"""Bakit ka nandito, bata?"" tanong niya sa isang inis na tono.",anger,anger
Kinailangan kong pigilan ang unti-unting takot na umaakyat sa aking lalamunan.,fear,fear
"Well, gusto niyang tapusin ang problemang Nox nang mabilis hangga't maaari.""",anger,sadness
"Isang pagsabog ng liwanag, kasabay ng mga shrapnel shells, ang nangyari, na sugatan ang ilang Executioners, ngunit hindi man lang sila kumilos mula sa kanilang kinalalagyan. Dalawang pigura ang lumitaw; ang kanilang mga headgear ay wasak na. Hinugot ko ang aking espada, ngunit bago pa sila makapag-imbestiga sa kanilang paligid, ang mga nakakurba na talim ng mga itak ay nasa paligid na ng kanilang mga leeg.",fear,fear
"""Tumawa si Kyo nang may banta. 'Maligayang pagdating sa aking isla, mga traydor.""",anger,anger
"Tinanong ni Lionel kung nais ko bang sumama sa kanila sa Blood Chamber, ngunit tinanggihan ko. Ang lugar na iyon ay hindi magiging mabuti para sa aking kalagayan sa isip sa ngayon.",fear,fear
"Halos iwasiwas ko ang aking espada nang marinig ko ang isang boses sa likuran ko. Sa kabutihang palad, pamilyar ang boses ni Aristus at nakapagpigil ako sa aking sarili.",anger,anger
"""Alam mo, muntik na mong mawala ang ulo mo,"" sabi ko habang inaalis ko ang aking mga kamay sa tela.",fear,fear
"""Sa usapang iyon, bakit parang kakaiba ang kilos ng lahat?""",fear,fear
"Bago ko marinig ang kanyang paliwanag, nakaramdam ako ng kakaibang pakiramdam. Tumindig at naramdaman ko ang isang hindi pamilyar na presensya.",fear,fear
Nararamdaman ng Shinigami ang aking presensya at humugot ng isang kutsilyo.,anger,fear
"Nagpalitan kami ng mga atake, sinusubukang lagpasan ang isa't isa, ngunit sa kabila ng paggamit ng mas maikling talim, nakakayanan niyang makipagsabayan sa aking mga atake at bilis.",fear,fear
"""Sino ka?"" nainis ako, ""at bakit ka nandito?""",anger,anger
Inihampas ko ang aking espada at tumama ito sa kanyang kanang balikat.,anger,anger
"""Ako ang nagtatanong,"" sagot ko. ""Wala kang karapatan—""",anger,anger
"Nanghina ang aking mga tuhod, parang ang lakas ko ay unti-unting nawawala.",fear,sadness
Gumamit ba siya ng sixth sense?,fear,fear
"""Tumigil. Kayong dalawa.""",anger,anger
"""Si-siya ay isang Shinigami . . ."" bulong ko, habang ako'y nahihirapan pa rin mula sa kakaibang atake na iyon.",fear,fear
"""May hinahanap siyang tao,"" sagot ni Kiyoko. ""Kaya't hindi mapakali ang lahat.""",fear,fear
"""Pasensya na sa abalang dulot ko,"" sabi niya kay Kiyoko.",sadness,sadness
"Ngumiti siya. ""Ayos lang iyon. Hindi lang sila makapaniwala na ang isang Shinigami ay maaaring maging kakaiba sa kanilang nakasanayan. Pero marami akong kilala na mga Shinigami na katulad mo.""",joy,joy
Siya rin ay ngumiti nang marinig iyon.,joy,joy
"Nagpalitan sila ng tingin at siya'y nagbigay ng isang banayad na ngiti. ""Isang tao na makakapagpabago ng takbo ng laban sa pagitan ng mga pangkat ng Shinigami.""",joy,joy
"Nagbow si Darwin sa kanya. ""Salamat.""",joy,joy
"""Alam kong galit ka,"" sabi ni Kiyoko na nakatingin sa parehong direksyon. ""Ako rin, labis kong kinamumuhian ang mga Shinigami mula sa kaibuturan ng aking puso.""",fear,fear
"Gusto ko ring patayin ang bawat isa sa kanila, lalo na ang mga nagdulot ng pagkamatay ni Vince. Nais kong makaganti para sa kanya.",anger,anger
"Tumawa siya nang mahina. ""Sasabihin ko sa kanya. Galingan mo sa pagdadala ng mga kriminal dito. Paala,. Naiah.""",joy,joy
"Inabot niya ang kanyang bulsa, at inilabas ang dulo ng isang basag na sibat. Ngumiti siya sa akin ngunit ang mata niya ay nagpapakita ng pag-aalala.",fear,fear
Halos lumubog ang puso ko nang mapagtanto ko kung ano iyon.,sadness,sadness
Nagsimula manginig ang aking mga kamay at pakiramdam ko ako ay bata ulit.,sadness,sadness
"""Ito ang sibat na pumatay sa kanya,"" kumpirma niya.",anger,anger
Nasaktan ako nang marinig ko ang kanyang kuwento at naalala kung paano nangyari ito.,sadness,sadness
"Napabuntong hininga ako at inabot ang sibat. Nang mahawakan ng aking daliri sa talim nito, bumalik sa aking isipan ang napakaraming mga alaala.",sadness,anger
Isang Shinigami na pumapatay sa isang grupo ng mga humdrums. Mga ulo na nasa lupa. Isang kulungan kung saan ang mga Shinigami ay pinapahirapan. Isang babae na berde ang mga mata ay nag-aalab sa galit . . .,anger,fear
"""Okay ka lang ba?"" tanong ni Kiyoko na may pag-aalala sa kanyang tinig. ""O-o, okay lang ako,"" mahina kong tugon. ""Salamat sa'yo.""",sadness,sadness
"""Naia,"" tawag niya. ""Pakibati si Nel para sa akin."" Gagawin ko.",joy,joy
Alam mo ba kung gaano kahirap pigilan ang dalawa na makapasok sa isla?,fear,fear
"""Ano?"" tanong ko.",anger,fear
Anong problema nila?,anger,anger
Nag-aalala lang sila para sa'yo. Halos tatlong oras ka na roon.,sadness,sadness
"Heh. Kailan pa kayo naging clingy? ""Hindi ako clingy,"" tugon ni Nel. ""Nakakakilabot lang talaga ang lugar na ito.""",anger,anger
"""Tama siya,"" dagdag ni Jett.",sadness,sadness
"Sabi ko naman sa inyo, hindi normal ang lugar na ito. Oh sige, aalis na tayo.",fear,fear
"""Masaya akong ligtas ka,"" biglang sabi ni Nel, binasag ang katahimikan. Akala ko . . . akala ko hindi ka na babalik sa amin.",joy,joy
"Tumingin ako sa kanya, pero nakatuon ang tingin niya sa unahan.",sadness,sadness
"Isang ngiti ang sumilay sa aking mga labi. ""Isa akong Keeper,"" sabi ko. ""Kailangan kong manatiling buhay at ligtas para protektahan ang aking grupo.""",joy,joy
"""Uy, dahan-dahan!"" sigaw ni Cliff habang sinubukang balansehin ang balsa. ""Nel, dinudurog mo siya,"" puna ni Jett. ""Oo nga. Keeper ka kaya 'wag kang gagawa ng mapanganib, kundi, mamamatay tayo,"" bulong niya, hindi pinansin ang mga sinabi ng mga lalaki.",fear,fear
"Napatawa ako at tinapik ang kanyang likod. ""Masusunod, Kapitan.""",joy,joy
Hindi nawala ang ngiti sa aking mukha habang papalayo kami sa lugar na minsan kong tinawag na tahanan.,joy,joy
Pauwi na tayo.,joy,joy
Mga sigaw ng takot at pighati. Mga sandatang naglalaban.,sadness,fear
"Sumagi sa isip ko ang mga alaala ni Naomi habang bumagsak si Mitsuo sa kanyang mga tuhod, tumatangging humiga sa lupa kahit sa huling hininga niya.",sadness,sadness
Masakit sa dibdib habang nakatingin ako sa dalawang kaibigan ko na nasa bingit ng kamatayan.,sadness,sadness
Binasag ng mga hiling ni Rielle ang puso ko. Paano pa kaya si Hideo?,sadness,sadness
Ah . . . mukhang oras na . . .' bulong niya.,fear,sadness
"Dugo ang iniubo ni Mitsuo pero nanatili siyang nakatingin sa kalangitan, ang ulan bumabagsak sa kanyang mukha.",sadness,sadness
"Nakapikit na ang kanyang mga mata pero naririnig ko pa rin ang mahinang boses niya sa aking isipan. Takbo, Nathalie,' aniya, may ngiti ng pagsuko sa kanyang mukha. 'Wag kang lilingon. Iligtas mo ang sarili mo. Iligtas mo ang sarili mo . . . Huwag kang mag-alala . . . a-alalahanin kita palagi . . . N-Nathalie . . .'",fear,fear
"""Alalayan si Naomi!"" sigaw ni Mayu.",anger,anger
Kahit na halos madurog na ang puso ko ay pinilit kong maging matatag.,sadness,sadness
Naomi! Ngayon na! sigaw ko at agad iyong naintindihan ni Naomi.,fear,fear
"Wag kang lilingon,' sabi ni Akira, inuulit ang mga salita ni Mitsuo. 'Magpatuloy ka at lisanin ang lugar na ito, Naomi.'",fear,fear
"Pakiusap, maging ligtas ka.",fear,fear
Bigla naman akong kinilabutan. Mula sa kinatatayuan ko ay nakita ko si Hideo na dahan-dahang tumayo.,fear,fear
"Protektahan mo silang lahat,' utos niya na may nakakakilabot na tono. Ayokong may mawala pang isa ngayong gabi.",anger,anger
"""Gagawin namin,"" tugon ko. ""Kaya pakiusap, tapusin na ang digmaang ito, Hideo.""",fear,fear
"""Ligtas sila,"" bulong ko habang tinatapik ang kanyang balikat. Huwag kang mag-alala. Malakas si Naomi at aalagaan ni Hideo ang anak mo . . . Nanginig ang boses ko at nagsimula nang bumagsak ang mga luha sa aking mukha. Mananatili kang buhay sa aming mga alaala. Puwede ka nang magpahinga.",sadness,sadness
"""Ito lang ang pagkakataon natin para parangalan ang kanilang kamatayan,"" sabi niya, puno ng lungkot ang boses.",sadness,sadness
Tiyak na tatanungin ng Konseho ang kanilang mga ugnayan at katapatan.,fear,fear
"Sana nga, panaginip lang ang lahat.",sadness,sadness
"""Rielle Miyamoto. Vince Alejandrino,"" sabi ni Hideo. ""Tandaan ninyo ang kanilang mga pangalan.""",sadness,sadness
"Naglakad ako nang walang patutunguhan, sinusubukang tanggapin ang lahat ng nangyari.",sadness,sadness
Dinala ako ng mga paa ko sa isang pamilyar na lugar at tahimik na bumagsak ang mga luha na kanina ko pa pinipigil.,sadness,sadness
"Kung hindi siya papayagang manirahan ng Konseho sa kampus, puwede niyang gamitin ang kubo ko sa gubat. Pwede mo siyang dalawin doon.",fear,fear
Nanghina ang mga tuhod ko at bumagsak sa lupa ang espada na mahigpit kong hinahawakan.,sadness,sadness
Hindi ako naging sapat na malakas para iligtas ang mga kaibigan ko.,sadness,fear
Hindi ako naging sapat na malakas para tanggapin ang kanilang pagkamatay.,fear,fear
Hindi ako naging sapat na malakas para pigilan ang pagbagsak ng mga luha ko.,sadness,sadness
Hindi ko kayang manatili sa tabi nila gaya ni Akira dahil ayaw kong tanggapin na wala na sila.,sadness,sadness
Ayokong makita ang mga walang-buhay nilang katawan.,sadness,sadness
Hindi ko alam kung ilang oras akong nakaupo lang doon habang patuloy na umiiyak. Mahirap tukuyin ang oras dahil sa makapal na mga sanga ng puno na humaharang sa kalangitan.,sadness,sadness
"Mahirap manatiling nakatuon dahil sa likod ng isip ko, iniisip ko pa rin sina Akemi at Mitsuo.",sadness,sadness
Isang malalim na buntong-hininga ang pinakawalan ko. Pinakalma ko ang katawan ko at nagsimulang maglakad patungo sa kubo nang maramdaman ko ulit ang madilim na presensya.,sadness,sadness
"Nangibabaw ang aking hinuha at galit. Tinawag ko ang isang sibat, at kasabay ng aking espada, pinaikot ko ang parehong armas sa direksyon nila.",anger,anger
"Tumama ang sibat sa dibdib ng Shinigami, katulad ng ginawa nila kay Mitsuo, at ang espada ko ay tumagos sa lalamunan ng isa pa, agad siyang napatay.",anger,anger
Hinatak ko palabas ang mga armas mula sa kanilang mga katawan at tumalsik ang dugo nila sa mukha at damit ko.,anger,anger
"Gusto ko silang patayin muli, upang makita ang takot sa kanilang mga mata, at sa sandaling iyon, naisip ko na ganito marahil ang naramdaman ni Hideo kanina.",anger,fear
"Kahit na alam kong hindi na maibabalik ang kanilang buhay, sa ganitong paraan ko lang sila maipaghihiganti.",anger,anger
Nanginginig akong huminga at natagpuan ko ang sariling nanginginig sa galit at lungkot.,anger,anger
Siya . . . siya ba ay . . . buhay pa . . .,fear,fear
"""S-Sabihin mo . . ."" ungol niya sa sakit, ""b-buhay pa siya, di ba?""",fear,fear
I-ikaw . . .,sadness,anger
"""Sabihin mo lang!"" sigaw niya sa galit.",sadness,anger
"Pinipigil ko ang paghikbi at dahan-dahang umiling. ""Akemi . . . s-siya . . . siya'y . . . patay na.""",fear,fear
"""Hindi . . ."" bulong niya, kita ang sakit sa kanyang mukha. Hindi yan totoo . . . s-siya . . .",sadness,sadness
Sinubukan niyang tumayo sa kabila ng dami ng dugong nawala sa kanya at hinawakan ako sa kwelyo ng aking damit. Ikaw... w-wag mo akong lokohin o papatayin kita.,anger,anger
"Sobra na ang pagdurugo niya. Pagod na ako pisikal at emosyonal, pero kailangan ko siyang tulungan.",fear,fear
"""Itatago nito ang presensya niya kahit sa mga tracker,"" sabi ni Mayu matapos kong imungkahi na manirahan si Akemi sa kubo ko, ""pero napakalakas ng presensya niya para lubusang maitago.""",sadness,sadness
"""Suwerte ka,"" bulong ko habang tumitingala sa kalangitan na puno ng paputok.",anger,anger
Naglakad ako sa kagubatan ng Latens at nakita ang mga bahid ng dugo sa lupa.,fear,anger
"""Nasaan si Akira?"" tanong ko. Bumuntong-hininga siya. ""Nasa supply house.""",fear,fear
Okay ba siya?,sadness,joy
"Umiling siya. ""Kailangan naming patulugin siya,"" patuloy niya, ""o baka siya'y malulunod sa emosyon.""",fear,fear
Si Hideo?,fear,fear
"""Nasa Council House siya,"" sagot niya at nakita ko ang pag-aalala sa kanyang mga mata. Gusto niyang parangalan ang kanilang kamatayan, pero sa tingin ko hindi nila gagawin.",sadness,sadness
May tao!,anger,sadness
"""Babalik ako!"" sigaw ko pabalik.",anger,anger
Wag kang gagalaw!,anger,anger
"""Mamamatay ka sa loob ng ilang oras kung hindi ka titigil,"" sabi ko.",anger,anger
Tigil ma—,anger,anger
"""Hindi ko sinasadya . . ."" Napatigil ang boses ko nang makita ko ang kanyang mga berdeng mata sa madilim na ilaw.",fear,fear
"""Bakit mo ako iniligtas?"" tanong niya.",sadness,sadness
"""Dahil kaibigan ka niya,"" sagot ko. Kaibigan . . .",sadness,sadness
Bakit hindi ako makaalis?,sadness,sadness
"""Hindi ka pa pwedeng umalis,"" mahina kong sabi at muli niya akong sinamaan ng tingin. ""May mga tracker sa labas.""",fear,fear
Wala akong pakialam. Papatayin ko sila kung kailangan.,anger,anger
"""Hindi mo papatayin ang kahit sino sa mga kasama ko,"" banta ko habang tinatawag ang isang mahabang espada. Naghirap ba siya roon? tanong ko, binasag ang katahimikan.",anger,anger
"Hindi ko gustong makita akong umiiyak ninuman. ""Masaya ba siya rito?"" bigla niyang tanong.",fear,sadness
"""Oo,"" bulong ko, alaalang kasama pa namin siya.",sadness,sadness
"Ililigtas mo ako . . . pakiusap . . . hagulgol ni Rielle habang hawak ang braso ko. Isa sa kanyang mga mata ay nawawala at umaagos ang dugo mula sa kanyang mata. ""Gusto kong mabuhay . . . Michiko . . .""",fear,fear
"""Ngayon lang kita nakita,"" sabi niya. ""Kagulat-gulat na wala kang malubhang sugat.""",sadness,sadness
"Napangisi ako. ""Tingin ko naka-graduate na ako sa pagiging pasyente mo.""",sadness,sadness
"""Oo, hindi ko na kailangan ng isa pang pasyente,"" sabi niya, may bahid ng kalungkutan sa boses.",anger,anger
"""Uhm . . . kumusta si Akira?"" tanong ko.",sadness,sadness
"""Kailangan niya ng pahinga,"" sagot niya. Pagkatapos . . . pagkatapos ng nangyari, nawalan siya ng kontrol sa kanyang sixth sense. Ang marinig ang lahat ng tao at bagay sa paligid niya ay masyadong mabigat para sa kanya.",sadness,sadness
"""At ito,"" sabay abot niya ng isang hiringgilya.",fear,joy
"Kumunot ang noo ko. ""Para saan . . .""",anger,anger
"Ngumiti siya. ""Abala si Mayu. Ikaw na ang bahala sa kanya.""",sadness,sadness
Huwag mo kaming alalahanin. Huwag mong alalahanin ang pamilya mo. Ako na ang bahala sa kanila hanggang sa makabalik ka.,sadness,sadness
"""Hindi nila papayagan,"" bulong niya habang nakatingala sa kalangitan. ""Hindi ko na alam ang gagawin.""",sadness,sadness
"""Kailangan mo nang matulog,"" sabi ko habang tinitingnan ang mga eye bags niya.",fear,fear
"""Baka managinip ako tungkol sa kanya at sa anak namin,"" mahina niyang sabi, sabay ngiti ng bahagya, ""at baka ayoko nang magising.""",sadness,sadness
Alagaan mo siya.,sadness,sadness
"""Pakiusap, alagaan mo siya,"" bulong ko, at nag-meow siya bilang sagot.",sadness,sadness
"""Tara na,"" sambit ni Mayu.",sadness,sadness
"""Walang kahit anong espiritu o dambana."" bulong ni Mayu habang tahimik kaming nakaupo sa harap ng kanyang puntod. Patawad, Akemi.",sadness,sadness
"""Napakalupit ng mundo para sa'yo,"" sabi ko. Patawad kung mag-isa ka noong nasa pinakamadilim na bahagi ng buhay mo. ""Nandito ka na sa wakas."" Pumiyok ang boses ko habang pinipigilan ang emosyon sa loob ko. Makakapahinga ka na, Akemi. Hindi ka na nag-iisa.",sadness,sadness
"Baka managinip ako tungkol sa kanya at sa anak namin, at baka hindi ko na gustong magising.",sadness,sadness
"""Sir Ise,"" tawag ni Sir Hideyoshi, ngunit sinamaan lang siya ng tingin ng matanda.",sadness,anger
Wow. Hindi ko alam na may kayang tumingin sa pinuno ng tribu namin tulad non.,fear,fear
Nakakatakot ang taong iyon.,fear,fear
"""Tama na,"" sabi ni Sir Hideyoshi at kita ang pagkabahala ng mga nakatatanda.",anger,anger
Matanda!,anger,anger
At tinawag niya bang matanda ang isang tao? Siya ba ang tinutukoy na pinuno ng Shima?,anger,anger
"""Sir Ise, pakiusap,"" sabi niya at makalipas ang ilang segundo, bumagsak si Sir Kyo sa kanyang mga tuhod, hingal na hingal.",sadness,sadness
"""Nagtitiwala ako sa'yo,"" bulong ng matanda habang nanatiling nakayuko si Sir Kyo.",anger,anger
Paanong nagawa mong bastusin ang kanyang kamatayan? Paanong nagawa niyo lahat na ipagkait ang kanyang presensya sa lugar na ito?,anger,anger
Naisip ko kung iyon ba ang pang-anim niyang pandama. Ano kaya ang ginawa niya para mag ugali sila ng ganoon?,anger,fear
Ipapadama ko sa inyo ang galit ng angkan ng Jikko. Sisiguraduhin kong hindi niyo mararanasan ang kapayapaang hinahanap niyo.,anger,anger
"""Papatayin ko ang mga Shinigami na nagpahirap sa kanya,"" galit niyang sabi. at gigibain ko ang lugar na ito. Tawagin niyo kaming traydor, wala akong pakialam. Traydor kayo sa mga mata namin. Kalaban niyo na ngayon ang Jikko.",anger,anger
"""Salamat sa pagkilala sa apo ko,"" sabi niya, at nakita ko ang bahagyang pagkilos ni Hideo.",sadness,joy
"""Kung hindi dahil sa'yo at sa mga . . . kaibigan niya, matagal nang nasira ang lugar na ito,"" sabi ng matanda.",sadness,sadness
Bibigyan kita ng pagkakataon. Pakinggan mo ang batang ito.,sadness,sadness
"Sa pagkakataong ito, sisiguraduhin kong mabubuhay sila sa buhay na nararapat sa kanila.",joy,sadness
Napabuntong-hininga ako matapos gamutin ang mga sugat ko.,sadness,sadness
"""Ah, Michiko,"" bati niya.",joy,joy
"Ngumiti ako sa kanya. ""Makinig ka sa nanay mo, ha?""",joy,joy
"""Hideo!"" tawag ko habang pabagsak na naupo sa sofa malapit sa mesa niya.",anger,anger
"""Bakit puro sugat ka?"" tanong niya habang papunta sa direksyon ko.",sadness,sadness
"Bumuntong-hininga ako. ""Training.""",fear,fear
"Dapat nagpapahinga ka, hindi nagpapagod.",sadness,sadness
"""Hah!"" singhal ko.""Galing talaga sa'yo, ha? Sino kayang hindi natutulog?""",anger,anger
"""Kaya kong magpuyat nang ilang araw,"" balik niya.",sadness,sadness
"""Kayang-kaya kong basahin ang iniisip mo,"" bigla niyang sabi. ""Nagiging pabaya ka na.""",sadness,sadness
"""A-nga pala, ano na ang desisyon ng Council?"" tanong ko, pilit na binabago ang usapan, kahit pa tungkol pa rin kay Mitsuo.",fear,fear
"""Binago nila ang hatol,"" sagot niya. ""Papayagan na tayong ilibing siya rito.""",fear,fear
"""Kasama si Mayu,"" sabi niya, sabay buntong-hininga. ""Hindi ko siya kayang alagaan ngayon.""",sadness,sadness
"Tumango siya. ""Oo. Ipinangako ko 'yon sa kanila.""",fear,fear
"""Hay!"" sabay sandal ko sa sofa. ""Sana magbigay na ulit ng mga misyon.""",sadness,sadness
"""Wala bang Class S missions para sa Intel department?"" tanong ko.",sadness,sadness
"""Wala para sa'yo,"" sabi niya.",anger,anger
Hindi kita papayagan.,anger,anger
"Napaayos naman ako ng upo. ""Bakit?! Gusto ko—""",anger,anger
Hindi ko papayagang makaalis ka hangga't hindi ako kumpiyansa.,sadness,sadness
"""Hoy, huwag kang mag-alala, hindi ako mawawala,"" malumanay kong sabi.",fear,fear
Iyan din ang sinabi nila.,sadness,joy
"""Hindi ko ipapangako, pero susubukan kong kumapit sa buhay, kahit pa mas okay na siguro ang mamatay,"" sabi ko. Hindi ko kayo kayang iwan. At saka, hoy, huwag mo akong maliitin. May mga oras na mas malakas ako sa'yo.",sadness,sadness
"Tumawa siya nang mahina. ""Tama.""",joy,joy
"Yan, tumawa ka naman kahit papaano,"" pabiro kong sabi. ""Hindi na nababanat 'yang mga muscle sa mukha mo kasi lagi kang nakasimangot.""",joy,joy
"Tss. Parang tatawa lang. Anong mahirap do'n?"" bulong ko. ""Pero palihim namang nangingiti dati kay Akemi.",joy,joy
"O, bakit, totoo naman?",joy,joy
"""Lumayas ka,"" sambit niya sa akin.",joy,joy
"Salamat,' sabi niya at ngumiti ako nang marinig iyon.",joy,joy
"""B-bakit . . ."" hirap niyang tanong, ""hindi ko . . . m-maigalaw ang katawan ko . . .""",fear,fear
"""Hindi,"" bulong ko, pilit na hindi umiyak.",sadness,sadness
"""Gusto mo ba siyang makita?"" tanong ko at marahan siyang tumango.",fear,fear
"""Magkalaban tayo,"" bigla niyang sabi. ""Hindi mo kailangang magbait-baitan. Galit din ako sa'yo, dahil sa ginawa mo sa kanya.""",anger,anger
"Huminga ako nang malalim at sinarado ang isip ko. ""Ang mga kalaban ko ay ang mga nagpahirap sa kanya,"" sagot ko. ""Tinulungan mo siya. Kaibigan ka niya.""",sadness,sadness
"Napasinghal siya. ""Kaibigan? Anong kalokohan 'yan?""",anger,anger
"Ah, tama. Hindi ka gumagamit ng mga ganyang termino.",sadness,sadness
"Sinamaan niya ako ng tingin, at medyo nakakatakot. ""Ako ang Elite niya. Ang tauhan niya. Ginawa ko lang ang dapat kong gawin.""",anger,anger
Hindi ba dapat mas sundin mo ang mas nakakataas kaysa sa kanya?,anger,anger
"Tumigil ka na, Senshin. Wala kang alam.",anger,anger
Ah. Kaya ka ba galit kasi gutom ka?' pang-aasar ko.,joy,joy
Sabi kong tumigil ka na.,anger,anger
"""Alam mo, bahay ko 'to, kaya bakit hindi ikaw ang umalis?"" pang-aasar ko pa. ""Ah. Hindi ka nga pala makagalaw.""",anger,anger
"Agad akong tumayo at naglakad papunta sa kusina. Sige, sige. Dahil mabait ako, ipagluluto kita.",joy,joy
Hindi naman ako maarte sa pagkain!,sadness,sadness
"Excuse me, ikaw kaya ang pinakamapili. ""Tama siya, Naomi,"" dagdag ko.",sadness,anger
"Teka, pwede na ba siyang kumain? Pwede ba niyang kainin 'to? Pero, halos isang linggo na siyang 'di kumakain. Papaanong buhay pa siya?",sadness,sadness
"""O, eto,"" sabay lapag ko ng pagkain sa tabi niya.",anger,anger
Tumahimik ka nga?' galit niyang sabi. 'Ang pangit ng tawa mo.' Wow. Gwapo? Pangit ka rin.,anger,anger
"""Protektahan, huh?"" sambit niya habang naghahanap kami ng libro sa tindahan.",anger,anger
"Oo. Una, protektahan siya. Sa tingin ko, iyon ang unang ginagawa ng magulang. Tapos, alagaan sila?",sadness,sadness
"""Paano?"" sabay tingin niya sa akin. ""Ang kaya ko lang gawin ay pumatay para sa kanila. Pasok ba iyon sa proteksyon?""",anger,anger
"""Anong ginagawa mo?"" galit niyang tanong.",anger,anger
"""Shit,"" mura ko nang mahina habang nanatili ang mga tigre sa ilalim ng punong kinaroroonan ko.",anger,anger
"Oh, sige. Magpapahinga muna ako dito. Saka na lang ako aalis kapag sumikat na ang araw.",sadness,sadness
Pumatay para protektahan. Iyon lang ang paraan.,anger,anger
"Michiko, protektahan mo sila para sa akin.",fear,fear
"Ngayon, natatakot na rin akong matulog.",fear,fear
Anong ginagawa mo riyan?,anger,anger
"""Michiko,"" dahan-dahan niyang tawag. ""Pwede mo bang—""",fear,fear
"""Gasgas lang 'yan,"" natawa ako. ""Wala lang 'yan.""",sadness,sadness
Sinabi ko sa'yong mag-ingat ka.,fear,fear
"""Normal lang 'to, mga sugat mula sa training,"" sagot ko.",sadness,sadness
"Saka nga pala, napuntahan mo na ba si Akira?",fear,fear
Ikaw ang doktor?,fear,fear
"""Hindi,"" sagot ko.""Madalas lang akong magka-injury kaya natuto na rin ako ng ilang first aid techniques.""",sadness,sadness
Mapapatay ka o mapag-eeksperimentuhan. Tulad ng ginawa ng mga doktor kay Rielle?,sadness,sadness
"Kung may sisisihin ka, dapat ang Council, hindi siya. At bukod pa riyan, mas malala ang ginawa ng tribu mo.",anger,anger
"""Bakit ka nakasimangot diyan?"" sabi ni Akira.",sadness,sadness
"""Kaya mo nang gumalaw?"" bulong ko.",sadness,sadness
"""Ang upper body lang,"" sabi niya sa paos na boses.",sadness,sadness
"""Bakit nakatayo ka lang d'yan, Michiko?"" asked Akira. ""Tara na rito.""",sadness,neutral
Sigurado ka bang okay ka lang sa kubong 'yan?,sadness,sadness
"""Oo nga. May bahay ka naman sa nayon,"" dagdag ni Akira. ""Ang layu-layo mo tuloy.""",sadness,sadness
"Paumanhin, hindi babysitter ang role ko rito, ha!",anger,anger
Tigilan niyo akong gawing babysitter nila!,anger,anger
"""Hindi,"" sabay-sabay naming sagot kaya nagkatinginan kami.",sadness,sadness
"Hindi, Hideo, sagot ni Mayu. Hindi pwede.",sadness,sadness
"""Pero delikado, Michiko,"" babala ni Mayu.",fear,fear
Ngumiti ako sa kanya. Alam mo namang gusto ko ang panganib.,joy,joy
"""Seryoso ka ba?! Ako? Isang instructor?"" tanong ko habang tinuturo ang sarili.",anger,anger
"""Hindi ko kayang magturo!"" sagot ko. ""Ayoko talagang magturo!""",anger,anger
Hindi ako magiging teacher!,anger,anger
"""Kaya ko nang maghagis ng bagay,"" anunsyo niya habang dahan-dahang iniikot ang kanang braso.",anger,anger
"Gusto mo talagang nasasaktan, ano?",anger,anger
"""Nakulong ka na ba?"" tanong niya.",anger,anger
"""Sana makalakad ka na sa lalong madaling panahon,"" bulong ko.",sadness,joy
"""Huwag kang mag-alala, hindi na rin ako makapaghintay na makaalis dito,"" sagot naman niya.",sadness,sadness
"""Oh, wow, takot ako,"" walang emosyon kong sabi.",fear,fear
"""Papatayin kita balang araw,"" bulong niya.",anger,anger
"So, anong kailangan kong gawin?",fear,fear
"""Wag ka sanang mamatay pagbalik,"" natatawa kong sabi.",fear,fear
"""Hindi,"" sagot niya. ""Nandito ako.""",sadness,sadness
"Huwag kang mag-alala, hindi ko pa gagawin 'yan.",sadness,sadness
Ano ba ang mga 'yan?' tanong niya.,anger,anger
Mahina?' galit niyang sagot. 'Ikaw—',fear,fear
"Ha! Ako, takot? As if,' balik ko sa kanya.",anger,fear
Sino ang mahina ngayon?,fear,fear
"""Hey,"" tawag niya habang nakatingin pa rin sa puntod ni Akemi. ""Wala namang barrier ang lugar na 'to, diba?""",fear,fear
"Buntong-hininga ako sabay ngiti. ""Sa wakas.""",joy,joy
Ano ba—bakit mo ginamit ang kamay mo?!,anger,anger
"Lumapit ako sa kanya. ""Ano'ng nalaman mo?",fear,fear
"""Excuse me? Araw-araw na kaya akong nagpa-practice.""",anger,anger
Magiging mahusay kang guro.,joy,joy
"""Binabangungot ka pa rin ba?"" tanong ni Mayu.",sadness,sadness
Bubuksan ko na sana ang pinto nang maramdaman kong may kakaiba.,fear,fear
"Limang taon pagkatapos ng trahedya, isa pang pagkawasak ang sumalanta sa amin, pero sa pagkakataong ito, ako'y sumuko at inisip na mas mabuti pang mamatay.",sadness,sadness
"""Seryoso na ba 'yan?"" sabi ko nang may kasiyahan. Umaasa akong may pag-asa na ulit.",fear,fear
"""Ma'am Michiko!"" masayang tawag niya habang kumakaway.",joy,joy
Pasensya na kung hindi kita madadala.,sadness,sadness
"""Bigla na lang siyang bumagsak,"" naalala kong sabi niya.",sadness,sadness
Napakunot ang noo ko. Aalis ka?,sadness,anger
"""Hihintayin ka ba namin?"" tanong ng piloto. ""Sige. Sana matapos ako bukas,"" sagot ko.",fear,fear
"""Uhh, hi?"" bati ko pero mukhang wala sila sa mood na bumati pabalik.",sadness,sadness
"""Sorry, hindi ko maintindihan ang Russian,"" sagot ko habang ibinalik ang tingin sa humdrum.",sadness,sadness
"""Hindi ito masasakit,"" bulong ko. ""Ipinapangako ko.""",sadness,sadness
"Ang pamilya talaga'y isang kahinaan, 'di ba?",sadness,fear
"""Sumuko ka na lang at hayaan mo kaming patayin ka ng walang sakit,"" sabi ng isa sa mga Reaper habang nilalagyan ng bala ang baril niya.",sadness,sadness
"""Huwag mong idamay sila sa usapan,"" singhal ko, habang nararamdaman ang galit at sakit sa dibdib ko. Hindi sila mamamatay... hindi sila puwedeng mamatay.",anger,anger
"""Huwag kang mag-alala,"" dagdag niya, ""makikita mo rin siya sa kabilang buhay—!""",anger,anger
HINDI SIYA PATAY! HINDI SIYA PUWEDENG MAMATAY!,fear,anger
"""Putang ina mo, Senshin!"" sigaw ng isa pang Elite na galit na galit.",anger,anger
"""Shit,"" mura ko nang mahina.",anger,anger
"""Pasensya na. . ."" tahimik kong sinambit habang iniisip ang mga kaibigan ko.",sadness,sadness
"""Para kanino ang pasensiya na 'yan?"" tanong niya, ang mga mata'y nakatuon pa rin sa mga Shinigami sa harap niya.",sadness,sadness
Patay na ang anak ng walang kwentang si Aiwa.,sadness,anger
"""Paano mo ako natagpuan?"" tanong ko, sinusubukan kong ilayo ang isip ko sa mga masalimuot na iniisip.",fear,fear
"""Ganun din ang naramdaman ko noon,"" bigla niyang sabi. ""Gusto kong patayin ang gumawa sa kanya non.",sadness,sadness
"""M-Michikoâ€¦"" umiiyak niyang sabi. Hindi... huwag kang magpakita . . . Pakiusap . . . Vivien . . . paparating ang anak ko. . . pakiusap. . . iligtas mo siya. . . huwag mong hayaan. . . makita niya 'to. . . pakiusap. . .",sadness,sadness
"""Huwag kang pumunta rito. . . Vivien. . . Pakiusap. . ."" paulit-ulit na binubulong ni Akira at durog doon nadurog ang puso ko.",fear,sadness
"Pasensya na. . . patawad. . . Michiko. . . pakiusap, alagaan mo siya. . .",sadness,sadness
"""Shh. . ."" alo ko. ""Ayos lang ang mommy mo,"" sabi ko habang pinipigilan ang luha ko.",sadness,sadness
"""Hindi, hindi, hindi. Sige na, Akira, pakiusap. . ."" bulong niya. Hindi ito oras para magbiro. . . sige na, imulat mo ang mga mata mo.",sadness,sadness
Pakiusap. . . narito ang anak mo. . . huwag mong gawin ito. . . pakiusap. . .,fear,sadness
Pakiusap. . . pabayaan niyo muna kami. . .,fear,fear
"""Hideo,"" mahina kong tawag. ""Tama na.""",fear,fear
"""Magagawa niya!"" sigaw niya habang tahimik na tumutulo ang mga luha. ""Kailangan niyaâ€¦""",anger,anger
Pakawalan mo na ako.,anger,anger
Manatili ka rito. . . pakiusap. . . huwag kang umalis. . .,fear,sadness
"""Ako. . ."" Lalo siyang humigpit sa yakap. ""Hindi ko kayang mawala ka rin. . ."" umiiyak niyang sabi.",sadness,sadness
O gusto mong patayin ko na lang ang sarili ko dito mismo?,anger,anger
"""Ako ang may kasalanan,"" nanginginig ang boses niya. ""Hindi ko dapat pinayagan ang lahat na umalis. . . Ako. . . Ako ang may kasalanan. . .""",sadness,sadness
"""Hindi mo kasalanan,"" mahina kong sabi.",sadness,sadness
"""Pagod na ako sa pakikinig ng mga pangako. . ."" bulong niya.",anger,sadness
"""Hindi siya okay,"" bulong niya at tumingin siya sa akin.",sadness,sadness
"""Bakit ka nandito?"" matigas kong tanong.",anger,sadness
"""Umalis ka,"" sabi ko habang naglalakad patungo sa kanya pero nagulat ako nang may ibinato siya. Agad ko iyong sinalo. Isang duguang kutsilyo at isang baril.",anger,fear
"Dahan-dahan akong lumapit sa kama ko at humiga sa tabi niya. ""Pakiusap, umalis ka,"" bulong ko. ""Gusto ko nang magpahinga.""",sadness,sadness
"Ibabalik pa rin ang pabor, ha?",sadness,sadness
"""Malupit na araw, ah?"" bigla niyang sambit.",sadness,sadness
Ayokong pumunta doon. Ayoko nang makita ang mga wala nang buhay na katawan nila. O baka hindi ko kayanin ulit.,fear,fear
"Inagaw niya ang lahat sa akin. Ngayon, gagawin ko rin iyon sa kanya.",anger,anger
Sigurado kang hindi mo kailangan si Yuuki para gamutin 'yang mga sugat mo?,sadness,sadness
"Nanatili akong nakatalikod sa kanya at tumango. ""Oh, wala ito,"" natatawa kong sabi. ""Okay lang ang katawan ko.""",sadness,sadness
"""Pero hindi ang kalagayan mo,"" sabi niya habang naririnig ko ang mga yapak niya papalapit.",sadness,sadness
"""Sabi mo poprotektahan mo ako,"" sabi niya. ""Bakit mo ako hinayaang mamatay, Michiko?""",sadness,sadness
"""Hindi mo dapat ipinangako,"" dagdag ni Mayu.",sadness,sadness
H-hindi. . . ako. . . hindi. . .,sadness,fear
"""Nabigo ka na naman, hindi ba?"" dagdag pa ni Akemi.",anger,anger
"""Bakit hindi ka sumama sa amin?"" sabi naman ni Mitsuo.",sadness,sadness
"""Pasensya na,"" umiiyak kong sabi habang sinusubukan pigilan ang kutsilyo na huwag bumaon sa balat ko. ""Pasensya na talaga. . .""",sadness,sadness
"Unti-unti nang nanghihina ang katawan ko. Muntik na akong sumuko nang makarinig ako ng mahinang boses. Sige na, gising ka na.",fear,fear
"""Bakit ka nandito?"" tanong ko habang nakatingin sa kanya nang masama",anger,anger
"""Tapos ka nang umiyak?"" tanong niya at sumimangot ako bilang sagot.",sadness,sadness
"""Heto,"" singit niya habang iniaabot sa akin ang isang note kung saan nakasulat ang ilang pangalan.",sadness,sadness
"Natawa ako. ""Sumusunod ka na ba sa yapak ni Akemi?""",anger,anger
Bakit ka napapaisip?,fear,fear
"""Hindi,"" bulong ko at ngumiti siya pabalik.",sadness,sadness
"""Maaari kong sabihin sa'yo,"" pang-aasar niya.",fear,fear
"""Mag-ingat ka,"" bigla kong sabi. Huminto siya pero hindi lumingon.",fear,fear
"""Hey,"" tawag ko, at sa pagkakataong ito, tumingin siya pabalik. ""Iniligtas ko ang buhay mo, kaya pakiusap huwag kang mamatay.""",sadness,sadness
"Iniligtas ko rin kita, kaya hindi ka rin pwedeng mamatay, maliban na lang kung ako ang gagawa nun.",fear,sadness
"""Tapos ka na?"" tanong ko habang nakaupo sa upuan at naghihintay na matapos siya sa mga paperworks niya.",joy,neutral
"""Ang tagal naman,"" reklamo ko.",anger,anger
"""Ma'am Michiko!"" masaya niyang bati sabay yakap sa akin.",joy,joy
"Agad siyang sumimangot. ""Oo. Late na sila ng tatlong minuto at beinte-dos segundo. Lagi na lang.""",sadness,sadness
"""Ibabalik mo na sa kanya ang sulat bukas, 'di ba?"" tanong ko.",sadness,sadness
"""Oo,"" sagot niya. ""Sigurado akong magugulat ang batang 'yon.""",fear,fear
"""Bangungot na naman?"" tanong ko.",sadness,sadness
"""Oo,"" mahina niyang sabi. ""Ano bang dapat kong gawin?""",fear,fear
Nandito na ba sila? Nasaan sila? Malapit na ba sila?,fear,fear
"""Nandiyan,"" sagot niya at napasinghap ako nang makita ko si Naomi na lumalabas mula sa gubat kasama ang isang teenager na kahawig ni Akemi.",sadness,sadness
"""Maligayang pagbabalik,"" sabay na bati namin ni Hideo.",joy,joy
"""Oo. Pakiusap, hayaan mo ako,"" sagot niya. ""May utang akong dapat bayaran.""",sadness,fear
"""Sigurado ka ba, Naomi?"" tanong ko.",fear,fear
Siyempre. Hahanapin ko si Haruka.,anger,anger
"""Nababahala ka?"" tanong niya.",sadness,sadness
"Natawa ako. ""Bakit naman?""",anger,anger
"""Nasaan ka na ba?"" bulong ko, iniisip kung babalik pa ba siya. . . kung tutuparin ba niya ang sinabi niyang hindi siya mamamatay.",anger,anger
"""Anong nangyari?"" tanong ko.",fear,fear
"""Rainie. . ."" Ang pagbanggit sa pangalan niya ay mas lalong nagpaigting ng presensya ni Hideo. ""Kinuha siya ng mga Reaper.""",fear,fear
"""Michiko,"" tawag niya nang kontrolado ang tono. ""Tawagin mo ang lahat.""",sadness,sadness
"Nag-aalab ang mga mata niya sa galit. ""Para sa isang council of war,"" sagot niya.",anger,anger
Hindi ko kayang mamawala rin siya.,sadness,sadness
"""Kaya. . . si Haruka at Daiki lang ba ang nandoon?"" tanong ko.",sadness,sadness
Oo. Hindi ba may isa pang Elite si Akemi? Namatay na ba siya noong gabing iyon?,sadness,sadness
"Napabuntong-hininga na lang ako. ""Okay. Sabihin mo lang sa akin kung handa ka na,"" dagdag ko. ""Kailangan ka namin dito.""",sadness,sadness
"""Oo."" May bahid ng sakit sa kanyang boses. ""Sa pagkakataong ito, hindi ako tatakas.""",fear,sadness
"""Wag kang mag-alala tungkol sa kanila,"" sabi ko habang nakikipagpalitan ng suntok sa mga Shinigami sa daan.",fear,fear
"""Demi!"" sigaw ni Rainie habang hawak ang duguang katawan ni Demi.",anger,fear
"""Hindi,"" bulong ko. ""Hindi naman ako mamamatay.""",anger,anger
Sino ang namamatay?,sadness,anger
"""Wow,"" sabi ko. ""Ngayon ay nagha-hallucinate na ako.""",sadness,joy
"""Ikaw . . ."" Naputol ang boses ko, hindi pa rin makapaniwala na nandito siya at hindi ito isang hallucination.",sadness,sadness
"""Ikaw ..."" Nanghina ang boses ko, hindi pa rin makapaniwala na nandito siya at hindi isang hallucination. B-bakit ka . . . hindi ka patay . . .",fear,fear
"""Bakit naman ako?"" sagot niya. ""Sabi mo, hindi dapat ako.""",anger,anger
"""Talagang dito ka nakatira,"" puna niya habang pumasok.",joy,joy
"""Oo,"" sagot ko. ""Mas komportable ako dito.""",joy,joy
"aba, nagkakagusto na ang makapangyarihang Michiko sa isang tao, huh?",joy,joy
Huh?! Anong sinasabi—,anger,anger
"""Ano ba 'to?"" bulong ko sa sarili ko.",anger,fear
Kaya pala nandiyan siya.,sadness,sadness
"Confused akong tumingin sa kanya. ""Huh?""",anger,anger
"""Hindi mo alam?"" itinaas niya ang kilay.",sadness,sadness
"""Ano'ng mga kasinungalingan ang sinasabi mo sa kanya, Nathalie?"" bungad niya.",anger,anger
"""Maligayang Pasko,"" bati ni Naomi habang nakangiti.",joy,joy
"""Maligayang Pasko din,"" sagot ko kay Naomi at Hideo.",joy,joy
"""Bakit ka nandito?"" tanong ko habang palapit sa kanya. ""Alam mo na mas delikado na ngayon na itinaas nila ang defense system—""",fear,fear
"""Hayaan mo na akong matulog dito ngayong gabi,"" sabi niya habang inaalis ang hood ng kanyang balabal mula sa kanyang ulo.",fear,fear
Wow. Akala niya ba ay hotel 'to na puwede niyang puntahan kung kailan niya lang gusto?! At bakit siya matutulog dito?!,anger,anger
"""Ano?"" tanong niya habang nakatingin sa akin at biglang ngumisi. Huwag mong sabihin na nami-miss mo ako, Senshin?",anger,anger
At bakit ka nakatingin sa akin ng ganyan?,fear,anger
"Hindi ko pinansin ang tanong niya. ""Ano'ng nangyari?""",fear,fear
"At? Bakit hindi ka kasama nila? Elite ka rin, di ba?",fear,fear
"""Hindi ko kayang harapin sila,"" bulong niya.",fear,sadness
"Kaya, isusuko mo ang iyong katayuan?",sadness,sadness
Huh? Anong ibig mong sabihin?,anger,anger
bata?,anger,anger
Tsk. Sana sumuko na siya.,sadness,sadness
"""Maligayang Pasko,"" bulong ko. ""Matulog ka ng maayos.""",joy,joy
Anong ginagawa mo?,anger,anger
"""Ang tagal mong gumising,"" reklamo niya.",anger,anger
"""Aalis ka?"" tanong ko.",sadness,sadness
"""Bakit? Gusto mo bang manatili ako?"" pang-aasar niya.",fear,fear
"""Hindi,"" bulong ko habang pinapihit ang mga mata ko.",sadness,sadness
Bakit hindi mo na lang siya sabihing direkta na ayaw mong makasama sa rebelyon?,fear,sadness
"Sa tingin mo, hindi ba siya magiging ganun?",anger,anger
"""Naiintindihan ko,"" bulong ko. ""Sige, paalam na siguro?""",sadness,sadness
"""Pwede ko bang bisitahin siya?"" tanong niya.",sadness,sadness
May takot sa kaniyang mukha. M-Ma'am Michiko?,fear,fear
"""Pupunta na ako,"" sabi niya. ""Kung nami-miss mo ako, alam mo kung saan mo ako mahahanap.""",sadness,sadness
"Lalo na kapag galit, ano?",sadness,anger
"""Huh? Yung bata? Bakit?"" tanong ko. ""At pinayagan ba siyang pumasok sa isla?""",anger,anger
Iniisip mo na naman siya?,sadness,sadness
Sandali—!,anger,anger
"""Hideo,"" imik ni Naomi. Kumalma ka.",anger,anger
"""Good luck,"" sabi niya.",fear,fear
"""Haruka, itigil mo,"" utos niya at hindi ako makapaniwala na nandito siya.",anger,anger
"""Umalis ka, Keith,"" sagot niya.",anger,anger
"Tumawa siya sa kanyang pagre-reklamo. ""Kalma ka.""",anger,anger
"""Uhh . . . anong ginagawa nila dito?"" tanong ko habang nakatingin sa bandang bintana.",fear,fear
"""Ngayon, babalik ka ba doon?"" tanong ko.",sadness,sadness
"""Curious ka, hindi ba?"" ngumisi siya. ""Nagiging pabaya ka sa iyong mga iniisip ngayon.""",anger,anger
"""Gusto mo bang malaman ang sagot?"" dagdag niya.",sadness,fear
"Pero hindi ba, ayaw niyo sa kanila, Shinigamis?",fear,anger
Nasaan na siya?,sadness,anger
"""Patay,"" sagot niya ng tuwid.",sadness,anger
"""Wag ka mag-alala, hindi ko siya pinatay,"" dagdag niya habang ang kanyang mga labi ay umuukit ng ngiti. ""Namatay siya sa natural na dahilan.""",fear,sadness
"""Whoa, ang ganda rito,"" bulalas ko habang nakatayo sa tabi ng bintana.",sadness,sadness
Anong katangahan?! Paano niya masabi ang mga salitang iyon ng walang ekspresyon?! At seryoso ba siya?! Anong pinagsasabi niya?!,anger,anger
Ha-ha. Pinagsasabi mo?,joy,joy
Ano? Halos magkasama tayo nang alagaan mo ako—,sadness,sadness
"""Okay, itigil mo!"" sigaw ko, lubos na naguguluhan.",anger,anger
"""Sayang,"" sabi niya habang inilalabas ako mula sa kanyang silid.",anger,anger
"""Oras na!"" sigaw ni Vivien.",anger,anger
"""Ma'am Michiko,"" tawag niya habang hinihingal. ""Isang beses pa.""",fear,fear
"""Hey,"" bati niya.",joy,joy
"""Hindi, hindi, hindi ganyan ang nangyari,"" ungol ni Hiroshi bago napansin kami ni Hayate.",sadness,sadness
"Ano ka ba, maging proud ka! Para 'yang pagkakaroon ng aking fighting style at kay Mitsuo sa isang tao.",joy,joy
"""Kailan ka uuwi?"" tanong niya.",sadness,sadness
"Hmm, wala na para sa linggong ito.",sadness,sadness
Bakit may paghusga?,anger,anger
Medyo um-okay na rin ang pakiramdam ko matapos makatulog at makakain. Nasaan kaya siya?,fear,fear
Bwesit na bata.,anger,anger
"""Kumusta siya?"" tanong ko.",fear,fear
"""Binali ko ang kanyang braso,"" bulong niya, na nagdulot ng pouting mula sa akin. ""Aksidente.""",sadness,sadness
"""Anong ginagawa mo?"" tanong niya ng mahimbing, ang kanyang mga mata ay nakapikit pa.",fear,fear
"""Ah, shit, nakalimutan kong kikitain ko si Keith,"" sabi niya sa ilalim ng kanyang buntong hininga.",anger,anger
Napaka sinungaling.,anger,anger
"Ang mga tao ay nilalang ng pagbabago at sa mga nabubuhay, mayroon silang pinakamahusay na kakayahan upang umangkop.",joy,joy
"Sa pagtatapos ng ika-19 na siglo, ang mga natatanging uri ng tao na ito ay kilala sa kanilang sariling lahi bilang Erityians—isang pangalang karapat-dapat sa kanilang mga pinagmulan at kakayahan—mga anak ng espesyal na dugo.",joy,joy
"Sadyang nakikisama sa mga normal na tao, sila ay nagligtas at sumira ng mga sibilisasyon at buhay.",sadness,sadness
"Pagod na pagod, inabot ni Emiko ang kanyang anak sa mga bisig ng nakatatanda. ""A-aking anak . . . ibigay mo sa akin ang aking anak . . .""",anger,sadness
"""Halimaw!"" sumigaw ng babae siya habang sinubukan niyang umalis sa bahay, ngunit mas mabilis ang lalaki.",anger,anger
Hindi mo kailangang pag-usapan ang kakaibang katangian ng ating mga mata sa sinuman. Narinig mo ba ako?,fear,fear
"Ngunit ang mga taong iyon ay may din ng poot sa atin, hindi ba? Bakit hindi ko magagawa ang pareho, kapatid?",anger,anger
"Alam kong mahirap, pero sinabi sa atin ng ama na huwag silang kamuhian. Ang ama ay isang mabait na tao, at gusto niyang maging ganun tayo.",joy,joy
"Sobra na at ang mga ganid at masama ay mapapakinabangan ito. Ang ama ay mabait, ngunit naiv din.",anger,anger
"""Bilisan mo,"" sabi niya, pinutol ang usapan ni RyÅ. ""Umalis ka na sa lugar na ito.""",anger,sadness
Ama! Bakit ka—,fear,fear
"""Ama,"" tawag niya. ""May mga tao . . . may mga tao na papunta dito.""",fear,fear
"Ang katotohanan ay, palagi kong kinamumuhian ang mga tao, ngunit ayaw kong ibahagi mo ang parehong damdamin dahil hindi lahat sa kanila ay masama.",anger,anger
"Kahit gaano kahirap, mabuhay nang maayos, ShÅ, RyÅ. Mabuhay at patunayan na hindi kasalanan ang mabuhay dahil tayo ay iba.",joy,joy
"""A-anong nangyari—"" Tumigas ang katawan ni RyÅ nang naaalala ang nangyari bago siya nawalan ng malay. ""Ama!""",fear,fear
Ama! Hindi!,fear,fear
"""Ama!"" sigaw ni RyÅ habang tumakbo siya patungo kay ShotarÅ.",sadness,fear
"""Hindi natin maaring ipakita ito sa kanila,"" sabi ni ShÅ.",fear,fear
Marahil talagang mga halimaw tayo. Ang mga mata ng ama. Ang iyong mga mata. Maging ang misteryo sa likod ng pagkamatay ng ina at ng ating angkan.,sadness,sadness
"""At ano kung ganun, kapatid?"" sagot niya. ""Sa tingin mo ba, tinatrato silang iba sa atin? Ang mga taong iba sa normal ay palaging itinuturing na mga outcast. Mga kakaiba. Mga halimaw.""",anger,anger
"Anong . . . anong ginawa mo, RyÅ?",fear,anger
Ipinagpatuloy ko ang hindi natapos na negosyo ng ama.,anger,anger
"Ryo, sabihin mo sa akin . . . ilan ang . . .",fear,fear
Pumatay lamang ako ng mga umatake sa atin.,anger,anger
"Kailangan nating umalis sa nayon na ito, RyÅ,",fear,fear
Sinabi nilang ang ating angkan ay dati nang isang marangal na lahi ng mga samurais.,joy,joy
"Dapat tayong tahimik na umalis sa bahay,",fear,fear
"Huwag mong ibabad ang iyong mga kamay sa higit pang dugo, kapatid,",fear,fear
Ngunit paano? Napapalibutan na tayo.,fear,sadness
Hindi ko hayaang mamatay ka dito.,anger,anger
"Tingnan mo ang mundo sa sarili mo. Nandito ako, at ibabalik ko ang kinuha nila sa atin: ang dangal ng ating angkan, ang ating kayamanan, at ang pagmamalaki ng ama. Paalam, kapatid.",anger,anger
"Pangako, kahit ang mga diyos ng kamatayan ay hindi makakapigil sa akin. Para sa ama at para sa iyo, magiging isa ako sa kanila.",anger,anger
"Sa ating tribo, ang mga pangalan ng mga patay ay iniiwasan, ngunit ibinigay sa akin ng aking mga magulang ang kanyang pangalan dahil gusto nila akong mawala.",sadness,sadness
"""Ishida . . ."" bulong ng bata habang ang kanyang mga mata ay kumikislap sa kasiyahan.",joy,joy
"Hindi mo maaring protektahan ang iyong sarili sa pamamagitan lamang ng pagtakas, lalo na kapag laging nakatago ang panganib. Minsan, kailangan mong maging matibay.",sadness,sadness
"""hindi . . ."" umiiyak siya.",fear,sadness
"""Kitang-kita?"" ngumiti siya. ""Wala kang dapat ikatakot.""",joy,joy
"""Kaya't hindi mo na kailangang itago ang iyong mga mata,"" dagdag niya.",joy,joy
"Hindi ko pa naranasan ang tag-init, ngunit ang init ng iyong presensya ay dapat na ganito. Mula ngayon, ikaw ay si Natsue.",joy,joy
"Hinawakan niya ang kaniyang kamay at ngumiti. ""Masaya ako . . . salamat . . .""",joy,joy
"Paalam, kapatid,",sadness,sadness
"Babalik ako, at makikita kita muli.",sadness,sadness
"""Pakiusap!"" ang sumunod na lalaki ay nagmamakaawa.",fear,fear
Ngayon ay humihingi ka ng awa.,anger,sadness
"Pakiusap, may pamilya ako—",fear,sadness
Masyado nang huli para humingi ka ng tulong sa mismong bagay na inalis mo sa amin.,anger,anger
"Alis, o papatayin ko siya!",anger,anger
Tatayo ka lang ba diyan buong gabi?,anger,anger
"Ipag-patawad, panginoon.",sadness,sadness
"M-mangyaring patawarin, ginoo, ito—",fear,fear
"Kahit na may kapangyarihang ganito, ang isang tulad ko ay mananatiling burakumin hanggang sa kamatayan.",sadness,anger
Ganito ang kapalaran ng mga ipinanganak sa pinakamababang uri.,sadness,sadness
"Paumanhin, ginoo,",sadness,sadness
"Isang araw, ang mga dakilang kapangyarihan ng mga natural na elemento ay ipapasa sa mga karapat-dapat, tulad ng kung ano ang inisip ng ating dakilang ninuno na si Czeslav.",joy,joy
"Lumayo ka,",fear,fear
"""Yllka,"" mahinang tawag ng kanyang ina, ikinulong ang kanyang mukha. "" Tumingin ka sa akin. Nasaktan ka ba?",fear,fear
Hawakan ito ng mabuti!,anger,joy
Sila ay nag-mamarcha dito! Maghanda!,fear,fear
Susunugin mo rin ang gubat!,fear,fear
Patayin ang apoy!,anger,anger
"""Ang iyong mga mata,"" bulong niya. ""Naging mas magaan ang kulay.""",fear,fear
"Ayos, Yllka,",joy,joy
Maging isang espion . . . mahirap ba?,fear,fear
Dapat may sapat sila na lakas upang makapasok at makatakas mula sa mga base; at may talino upang mangolekta ng impormasyon at magsagawa ng kontra-impormasyon laban sa mga kaaway.,fear,fear
Bakit pinabayaan ka ng bansang iyong pinaglilingkuran nang matagpuan ka ng mga kaaway?,sadness,sadness
"Ngunit hindi ako normal, di ba? Bakit? Ako ba ay sinumpa, ina?",sadness,sadness
"Aking anak, makinig ka sa akin. Ang pagiging iba ay maaaring mahirap, ngunit hindi ibig sabihin na ikaw ay sinumpa. Marahil isa ito sa kalooban ng ating mga ninuno.",sadness,sadness
"Ang isang bukas na isipan na ay papaboran. Ang sangkatauhan ay patuloy na umuunlad, kung gusto man natin o hindi, at ang mga nais, ay maaaring tumanggap ng kamalayan ng mga diyos at ang kapangyarihan ng mga natural na puwersa.",sadness,sadness
"Kung makita mo ang iyong ama, sabihin mong nauna na ako.",sadness,anger
Maging pinakadakilang espion na nagbigay ng liwanag sa mundo.,joy,joy
At marahil . . . ako rin ay nasa dulo ng linya.,sadness,sadness
"Matutulungan kita, Ama. Lumabas na tayo—",fear,fear
"Talagang ikinalulungkot ko na pinagawa ko ito sa iyo, ngunit ikaw ang kinakailangan. Ito lamang ang paraan upang iligtas tayong dalawa.",sadness,sadness
"Mukha namang nagulat ang lalaki, ngunit sumilay ang nakakagaan na ngiti sa kanyang mukha. ""Sabi ko na. Talagang magkahawig tayo. Ang pangalan ay Hagen,"" pagpapakilala niya.",joy,joy
"Hagen, sumama ka sa akin. Tayo ang magiging mga tagapangalaga at tagapagtanggol ng mga lihim ng mundo.",joy,joy
"Naging mabilis ang pangyayari, at bago niya ito maunawaan, ang ilang mga sibilyan ay . . .",fear,fear
Ano ang ginawa ko? Nasaan si Ishida? Ano ang . . .,fear,neutral
"""I-Ito'y . . ."" tiningnan niya si Shinji, na nananatiling hindi makapaniwala.",fear,anger
Nagngingitngit siya sa balita.,anger,anger
"Isang eksaktong suntok, iniisip niya habang inasinta ang leeg, ngunit agad na napigilan ang kanyang plano ng mga samurai sa kanyang tabi.",anger,fear
"""Sino ka?!""",anger,anger
Patayin siya!,anger,anger
Maaaring ikaw ay naging dakilang alalay.,anger,anger
Ilabas mo ako rito!,fear,fear
H-halimaw! Patayin siya! Ngayon na!,anger,anger
"Ngayon, buhay mo ang kabayaran.",anger,anger
"Sabihin ang iyong pangalan at layunin, mananakop.",anger,anger
"Ang mga ilog ay nasa aming teritoryo,",anger,anger
"Ngunit, Pinuno—",fear,fear
"Kailangan kong bumaba rito,",sadness,sadness
"Paano mo ito nagawa, Pinuno?",fear,fear
Bakit dito?!,anger,anger
"Sapat na ang titig ni Edda para patahimikin ang crew. Ako ang magdadala lamang kila Hagen at Morgan. Ang iba sa inyo ay dapat mabuhay kung hindi magiging maganda ang kalalabasan. Ngayon, umalis na kayo!",anger,joy
Ito ba talaga ang gitna ng mundo?,fear,fear
"Napangiti agad si Edda nang makita ang mga taong sakay. ""Ang mga may berdeng mata ay minsang lumalahok.""",joy,joy
"Sa wakas,Ikinalulugod kong makilala ka.",joy,joy
"Patawarin ako kung ako'y nahuli,",fear,sadness
Ngunit ang iyong kasama ay tila may galit sa amin.,anger,fear
"Ishida, tandaan mo ang iyong hatol,",anger,anger
Nag-aalala lamang ako sa kaligtasan ng aking panginoon.,fear,fear
"""Kapatid,"" tugon nito na may bakas ng galit sa kanyang mukha.",sadness,fear
Gusto ko nang makauwi sa lalong madaling panahon.,joy,joy
"Ang iyong mga ahente ay magaling na kahit sa pinakamalayong lupain ay nagagawang makapasok,",anger,anger
Tinikop ni Yllka ang kaniyang kamao.May mga mananakop ba sa ating mga nayon? Ano ang iyong binabalak?,anger,anger
"Ang mga kapangyarihan na taglay namin ay maaaring baguhin ang mundo, sabi ni Edda.",joy,joy
"Ang mga ito'y kamangha-mangha ngunit nakakatakot, kaya pinili kong manatili sa anino. Sa tingin ko, ginawa mo rin ito.",fear,fear
Napakapangit ng mga tao.,anger,anger
Ang dati naming malawak na tahanan ay nabawasan sa ilang nayon na nagkakandirit sa isang bundok.,anger,anger
Ang ginawa lang nila ay kumuha ng mga likas na yaman at manakop ng mga lupain.,anger,anger
Hindi ko sila pinagkakatiwalaan.,anger,anger
"""Sapat na 'yang kalokohan, kapatid,"" sigaw ni Ryo",anger,fear
"Ang kabaitan ay hindi basta ibinibigay kanino man, at wala akong maibibigay sa mga taong gusto mong protektahan mula sa kapahamakan.",anger,anger
Paano kung magtayo tayo ng isang bagong nasyon?,joy,fear
"Sa halip na magtago sa mundo, maaari tayong lumikha ng ligtas na lugar para sa mga katulad natin, at mula rito, maaari nating pagmasdan ang mundo mula sa malayo.",joy,joy
Gaya ng inaasahan ko. Walang saysay ang pagpupulong na ito.,anger,anger
"Ayokong makipagsabwatan sa mga taong hindi sumasang-ayon sa aking mga paniniwala. Bukod dito, mayroon na akong lupaing pinamumunuan.",anger,anger
"Pakiusap, RyÅ. Pwede ba tayong mag-usap?",sadness,sadness
Paalam. Sana'y hindi na tayo magkita muli.,anger,anger
"Hindi maganda ang nangyari, Pinuno,",sadness,sadness
"Dapat na rin tayong bumalik, Pinuno,",fear,fear
Hindi ligtas dito.,fear,fear
Umuwi na tayo.,anger,joy
"Ayoko sa totoong taglamig,",anger,anger
"Hey, mag-ingat!",fear,fear
Madudulas ka!,fear,fear
"Maraming salamat,",joy,joy
"Kumusta ang tribo ng Huntres? Narinig ko na may mga grupo ng mga mang-uudyok na muling lilitaw,",fear,fear
Kayong tatlo ay nahuli.,anger,anger
"Lagi kang usisero, di ba?",anger,anger
"Dahil ang aking tribo ay isang ahensya ng katalinuhan, sa tingin mo ba na mas kakaiba kung hindi ko alam?",anger,anger
"Ngumiti si Rainie. ""Oh, oo, pero unti-unti ko nang sinasalo ang ilan sa kanyang mga gawain.""",joy,joy
"""Ayos,"" sabi ni Krystal. ""Hindi magiging opisyal ang summit na ito kung hindi lahat ay pinuno.""",joy,joy
Ang poot ay isang bagay na hindi madaling mapawi. Sigurado akong alam nating lahat 'yan.,anger,fear
"Ngunit umaasa ako na magawa nating tahakin ang daan patungo sa pangarap na 'yan, kahit papaano, At napatuloy si Rainie.",sadness,sadness
"Natahimik lahat ng ilang segundo, ngunit ang tawa ni Nel ang bumasag sa tensiyon. Bagaman ikaw ang pinakabata at tila mahiyain, may kakaibang husay ka sa mga salita.",joy,joy
"""Hindi na ako makapaghintay na ikaw ang maging lider. Mas mature ka kaysa sa isang ito"".",joy,joy
"Sabihin mo na lang na ikaw ay madaling magalit, sabi ni Nel.",joy,joy
Isang ngiti ang lumabas sa kanyang labi nang makita niya ang tatlo.,joy,joy
"""Your tibialis anterior is damaged.""",fear,fear
"""Sadly, he's in the West.""",sadness,sadness
"""Sorry.""",sadness,sadness
"""It's just a joke.""",joy,joy
"""It's nice to see you again, Rainie.""",joy,joy
Uh oh. I smell trouble.,fear,fear
"Then all of a sudden, I sensed an incredible amount of pressure and all of us summoned and drew our weapons, pointing them to each other, then the table and chairs were suddenly frozen.",fear,fear
"""No. You sound like your dad—a leader.""",joy,joy
"That place is too quiet that I tend to hear a lot of buzzing and humming, plus the tension in the surrounding is too high.",fear,fear
"""Of course. Her team successfully infiltrated the Shinigami's base and retrieved her comrades' eyes.""",joy,joy
"""That's great.""",joy,joy
"""I see. I guess there's no need to worry about you.""",joy,joy
"""Thanks for this, by the way. It warms me up since we're living on a cold place.""",joy,joy
"""Nice. I didn't even notice it,"" then he tossed it to Reiji and he caught it.",joy,joy
"""That it's dangerous. She's worried about us.""",fear,fear
"""Don't let go,"" Hiro said. And the next thing I knew, the Black Dimension was already closing and I saw the pain in his expression.",fear,fear
"""You almost died.""",fear,fear
"She lost her husband and dearest friends, and she didn't see her son for fifteen years.",sadness,fear
"""What did you do? Two of your fatal points are in dire state.""",fear,fear
"""N-no way. My eyes are not that...""",fear,fear
They are in trouble.,fear,fear
I can hear the two of them cursing inside their head while heading to the building in front of them.,anger,fear
I smiled triumphantly. I fulfilled my role.,joy,joy
But I don't think I can last any longer because all of them lunged at me.,sadness,sadness
These Shinigamis are going to kill me.,fear,anger
"""What the hell is this creepy feeling?""",fear,anger
"""One more word and I'll behead you.""",anger,anger
"""If you could, old hag.""",anger,anger
"""You're going with us, whether you like it or not.""",anger,anger
I have a bad feeling about this.,fear,fear
"""Go all out. Erase this place where she suffered a lot.""",anger,fear
"""Chase him!""",anger,anger
"""I won't let you touch him,"" I whispered as I released the arrow from the bow.",anger,anger
It hit the back of the Shinigami and Darwin looked at me with a proud expression.,joy,joy
"As I was looking at my father taking down the building, I felt a sense of relief and sadness. Seeing his actions, I know that he wanted to do this after all this time. He wanted to erase this place where my mother suffered.",sadness,fear
"""Yeah. I'm scared to know the truth.""",fear,anger
"""I really admire you, Mama. You're so strong. And even if nobody's talking about you here because they said you were a curse, you will always be my hero. It's just sad that you're not here anymore.""",sadness,sadness
"""She died in his arms.""",sadness,fear
"""I don't know,"" he said and I saw the sadness in his eyes. ""These past few months, I've been recollecting some unfamiliar memories.""",sadness,sadness
"""But remembering is just as worse as forgetting.""",sadness,sadness
"""His cries filled the place.""",sadness,sadness
"""Still unstable but we're recovering. Thanks to all of you.""",joy,joy
"""Wow. Thank you, Darwin. I'm going to use this.""",joy,joy
I'm glad that it didn't turn out that way. I still have him at my side.,joy,joy
"""I'm back, Vince,"" I whispered as I caressed his grave.",sadness,sadness
His death still haunts me and gives me nightmares.,sadness,sadness
"""Even though a lot of things happened, I'm glad that I still have the both of you,"" I said while keeping my tears from falling. ""So please...don't you ever dare to die on me, too.""",sadness,sadness
Coming back here and being with them made those memories vivid. If I could only rewind the time we were the happiest... If I could only stop the time once again...,sadness,neutral
"However, after hearing his thoughts, I felt sad and hurt because he's starting to remember the war fifteen years ago when he was just a one-year old baby. Maybe subconsciously, he pushed them away to the depths of his mind but the second war triggered them to resurface.",sadness,sadness
"""He chose to protect you. He did everything to save our future so instead of being sorry, be thankful to your father. Will you do that for me, Nathan?""",sadness,sadness
My tears fell as I remember our happy moments together and I feel miserable because all these memories keep coming back...but he never does. And he never will.,sadness,sadness
"""Tss. I want to get out of this place immediately. Why do I have to be with these people? I'm going to kick that old fart's ass when I get back.""",anger,fear
"""N-No, sir.""",fear,fear
"""Damn you, old fart, are you playing with me?!""",anger,anger
"""Well, being curious isn't bad.""",joy,joy
Wow. That's handy but a bit sad. Will he also forget people after a long time? Will his memories fade away?,sadness,sadness
"""You look so confident and calculating outside but deep inside, you're anxious and insecure of yourself.""",sadness,sadness
"""Sir Eiichi!"" I squeaked and he just smiled at me.",joy,joy
"Beyond that, wild and vicious creatures freely roam around to serve as our external protection from unwelcomed visitors. However, we are not exempted from their attacks.",fear,fear
"Without any warning, something monstrous charged towards me.",fear,fear
I immediately jumped to the branches of the tree beside me and the creature banged its head straight to the bark. The tree shook tremendously and I almost fell directly to that thing.,fear,neutral
"His low growl made my skin crawl and when the moonlight illuminated the surroundings, my stomach tightened due to the creature's unsightly appearance.",fear,neutral
"Possessing a broad and long husk, it looks like a boar but the size of lion. Its jaws and teeth are those of a shark while its body is covered with sharp hairs. Looking at it for a few seconds made me nauseous and panic started to engulf my senses.",fear,fear
"Just when I thought that one monster is enough to scare the heck out of me, two . . . three . . . six . . . six more appeared and surrounded us. Terror dominated my mind and body.",fear,anger
"""Shit, I said stop it!"" Mitsuo shouted and he kneeled so that I can see him. ""These creatures can smell fear and they are attracted to it. If you don't want to attract more of them, calm yourself!""",anger,anger
"""Let me hold this for a while,"" I breathed. ""Please."" He stayed silent but after a few seconds, he moved and positioned his back in front of me.",fear,fear
"""Him?"" A taunting smile formed on her lips.",joy,joy
Hearing the Council of Elders made my skin crawl. They are a group of advisers and counselors who help the leaders with their decisions and rules.,fear,fear
Their loyalty to the tribe is absolute but that's also the reason why they are perceived as cold and heartless.,fear,fear
"They will do anything to protect the Senshins and this place, even if it poses harm and danger to others.",fear,fear
"""But I am not someone you can follow carelessly,"" he said with a serious tone and I can feel the goosebumps all over my body. The first thing that came into my mind is to escape but I don't want to be seen as a coward. Not by him.",fear,fear
"I can see a huge, barren field, with crows, ravens and vultures flying around it. The sky was red because of the setting sun and it heightened the eerie scenery. I can also hear voices, some of them are angry and the others are wailing their hearts out. Standing in the middle of the field was an old man holding his weapon—a bardiche.",fear,fear
"""Hey."" I stepped forward and slapped him hard. ""Call me anything but stupid because I am not."" After getting my fan from my side, I pointed it at him. ""Remember that and I hope it won't fade away from your memories.""",anger,fear
"We both went quiet after that. I don't know what happened but after a few seconds, we smiled at each other. And this time, I know that something has changed between us.",joy,joy
"""Thanks, Naomi,"" he said. ""I owe you one.""",joy,joy
"""He's annoying. Calling me stupid and funny. Who is he anyway? Damn him.""",anger,anger
"Even though she teased me nonstop a while ago, I smiled when I see her peaceful expression. Meeting with Koharu after a long time must have made her really happy.",joy,joy
I was already on page 13 when I read that part and I was amazed because those chemicals can induce the emotion called love. The science part is interesting but I'm more excited to read the psychological interpretation of it.,joy,joy
"""Love is dangerous, and is just next door to death.""",fear,fear
"""Maybe coming here is a wrong decision after all. Damn it, old fart. This is all your fault.""",anger,anger
"""So you heard it, huh?"" he calmly said and his tone was bone-chilling.",fear,anger
"""Thank you,"" I said and he smiled in return.",joy,joy
"I can't remember anything from my parents but my mother's favorite line: A person's memories can be seen clearly through his eyes. She's right, because right now, Mitsuo's memories flooded my own mind. A sea of blood, hundreds of corpses, people's cry all over the place, and him in the middle of all of that. Using all of my remaining mental strength, I shifted my gaze from his eyes to his wound, and I fell on my knees, panting heavily.",sadness,sadness
"""Yes and it's creepy.""",fear,fear
"""You should learn from the expert,"" I said with confidence.",joy,joy
"""So our theory is really true,"" I said, amazed by the words written on the books.",joy,joy
We simultaneously called their names because their presence are too overwhelming to the point that it's already suffocating.,fear,fear
"""Oohh. It has been a long time since you've been this distracted,"" Akira suddenly said and she looked at me with a taunting smile.",joy,joy
"After reading that entry, Akemi and Mitsuo, with their menacing faces, appeared in my mind and I immediately shuddered. The thought of them being Shinigamis was too frightening and disturbing.",fear,fear
"""It's better if you do not know,"" he said and his contemptuous smile frustrated me.",anger,anger
"I was dead serious about that but he stared at me, as if I just said something ridiculous, and after a few seconds, he burst out laughing.",joy,joy
Is this his concept of closure? I don't even know what he meant by this. I don't understand him and I don't like the feeling of being confused.,sadness,sadness
"""Forget about me,"" he said and I felt a twinge in my chest.",sadness,sadness
"""Please don't."" After hearing that, I felt hurt. For the first time, I was broken.",sadness,sadness
"I like him, I had admitted that, but I don't think it was right. Yes, he's a great and gentle person despite of his appearance and action but his memories . . . those thoughts that I have seen showed otherwise.",fear,fear
"His glaring eyes, cunning smile, his clothes soaked in people's blood and the sword he was holding . . . his memories made me shudder in fear.",fear,fear
I was thinking of a plan to subdue him but I immediately froze when I saw the body lying behind him. The guy's throat was slashed and his blood painted the park's cobblestones.,fear,fear
"The murderer turned around and locked eyes with me. When I saw his scarred face, I almost stopped breathing.",fear,fear
"I was paralyzed with fear and confusion but his raging, intense, green eyes showed no sympathy.",fear,fear
"""Run away! Now! He's going to kill everyone!"" With much fear in my voice, and I wasn't faking it, my warning was effective. All of them scrambled away from the scene and after a few seconds, the guy, the dead body and me were the only ones left.",fear,fear
"""You . . ."" He pointed at me again. ""You're like me! You can't deceive me!"" He roared with laughter that made my skin crawl but it was short-lived.",fear,anger
He looked like a mad man and I was beyond scared. I reached for my fan but I went rigid when he hollered at me.,fear,fear
"""You're the same as them!"" he roared and held the knife with both of his hands, aiming at my chest. ""You want to kill me! Die! Die!""",anger,anger
"He turned around and when our eyes met, my body convulsed, as if the fear and panic I should've felt earlier took effect just now. He knelt in front of me and gently pulled me in for a hug.",fear,fear
"I didn't know why but tears started falling from my eyes. I slapped his back because I was frustrated, confused and scared at the same time but he didn't complain. Instead, he pulled me closer.",sadness,sadness
"""And this is why I don't want you to get close to me,"" he breathed and I felt the thumping of his heart against his chest.",sadness,fear
"""But I'm glad you're safe. I'm really glad and thankful.""",joy,joy
"""Liar,"" I said between my sobs.",sadness,sadness
"Our conversation was suddenly cut off by loud thud and Akira's scream. When I turned around, Akemi was already laying unconscious on the floor.",fear,neutral
"Thank you, but I shouldn't be loved. I might hurt and break you so give your heart to someone who could really protect you. But your feelings toward me, I'll treasure it.",sadness,sadness
"Even though my senses were dwindling, I felt the tears running down my cheeks and I saw his agonizing smile. I wanted to say something but my voice betrayed me and those were the last words I heard before my consciousness slipped away.",sadness,fear
"""They're gone,"" he said in a soft voice but his words resonated across the room. ""And they're not coming back anymore.""",sadness,sadness
"""So she's really a Shinigami,"" Akira said and she looked dejected.",sadness,sadness
"His retort made me smile a little and I saw his lips moving, too. I missed the way we tease each other and I'm glad that he can still think thoroughly even though we're in a rough situation.",joy,joy
"""That place?"" He gave me a menacing smile that sent chills down my spine.",fear,joy
I was about to move but then I felt a presence around me. My senses were heightened by the anxiety and I slowly readied my weapon. My body tensed when I heard a sinister laugh but the park remained deserted.,fear,fear
"Suddenly, the hair on my nape tingled and someone spoke near my ear.",fear,fear
"My whole body seared, as if I was thrown into the fire. I can't breathe properly and my senses were slowly fading.",fear,fear
The Shinigami pulled my hair and his face came into view. I don't know if I was hallucinating but his face was full of scars that I can't distinguish his features anymore.,fear,fear
The intensity of his gaze was enough to make me nauseous but his words stung me like a venom and I remembered the memory I have seen earlier.,fear,joy
"My heart beat increased its pace and it felt like both of my adrenaline and serotonin levels heightened. Just when I needed a diversion from all of these feelings, he suddenly reached his gun and fired at the left side.",fear,fear
"The voice behind me sent shivers down my spine and the only thing I could do was using my sixth sense. I managed to stop the time around me but only for three seconds to reposition myself. When the time reached its limit, the Huntres shoved his shadow-like dagger to the place where I was three seconds ago.",fear,fear
I heard him chuckle and that made me smile a little. I like this side of him more.,joy,joy
"""Yes. Maybe I should've told you this before. Maybe you wouldn't get yourself involved with me after this, and maybe your feelings toward me will disappear and turn into something else.""",sadness,sadness
"His dumbfounded expression was replaced with a contemptuous smile and my heart has suddenly increased its pace. I recalled the reactions involved in attraction and love and this is one of the markers, unless I was feeling fear.",joy,joy
"""Save yourself,"" he suddenly said and that made me stop for a second. ""I can't swim and I'll just be a burden to you. So please, leave me here and save—""",sadness,sadness
"""Thank you for not letting me go. Thank you for letting me see your face after that endless darkness.""",joy,joy
"""Because she's a bit different and somehow similar to me. I saw myself in her,"" he said and the way he looked at me made me jittery.",fear,fear
"He didn't say anything but he gently pulled me toward him and the next thing I knew, he was already hugging me. My head was spinning and my heart was ready to burst any moment now but his warmth calmed me down.",joy,anger
"""This is Shima, the island of the damned,"" he said and the cries and screams of agony of the people inhabiting it filled my ears.",fear,fear
I moved closer to him since the atmosphere felt disturbing and I don't want to be alone in this kind of place.,fear,fear
Consecutive roars from the huge lion and leopard in front greeted us and I was rendered motionless due to fear and confusion. Their bodies were twice larger than the normal ones and they looked more ferocious.,fear,fear
"I almost forgot to breathe when he said that and I got more cautious because of the danger that this place could offer. Some of the plants and trees we passed by emit strange odor and chemicals that, according to him, could paralyze or cause hallucination.",fear,fear
"All of a sudden, the two other guys grabbed both of my arms while the one who was speaking pointed his spear at Mitsuo.",fear,fear
"""Mitsuo!"" I called, frightened by the situation. I wanted to reach my fan but I couldn't move my arms due to their strength.",fear,fear
"""What are you doing, Lionel?"" Mitsuo snarled while glaring at the guy.",anger,anger
"Lionel and Mitsuo both looked at me and I just wanted to go to his side. In this unfamiliar place and situation, Mitsuo was the only one I could depend on.",fear,fear
"""I'm sorry,"" he said.",sadness,sadness
"The guys dragged me away from them and I could feel the stinging pain from where they were holding me. Instead of yelling at them, I observed the surrounding and I almost gasped when I saw the crimson-colored ground.",fear,fear
"""Curse you, fucking Jikko!"" the guy yelled and he spat on the ground.",anger,anger
"The Executioner swung his scythe and I immediately closed the window. The guy howled in anger but after a few seconds, it disappeared. My body convulsed, imaging the scenario that just happened outside.",fear,fear
"I smiled at her and she looked at me with curiosity. She might be too young to understand the concept but still, I wanted to tell her.",joy,fear
"""Don't involve yourself with him anymore,"" he said with his piercing gaze, his scythe pointed at my direction.",anger,anger
My body went rigid when I heard my whole name from his mouth. How did he . . .,fear,fear
"Panic started to arise in my body as the volcanic ash and other matter coming out of the volcano. I ran towards the door, pounding it and screaming for help, but my voice was masked by the mass outcry happening inside my head.",fear,fear
"""How dare you do this to me, Senshins! I'm going to kill all of you! Watch me!"" the woman screamed while vultures, crows and ravens circled around her, her naked body covered with cuts and wounds.",anger,fear
"I clutched my stomach when I saw the vultures lunging at her wounds, as if they were hastening her death. One of the crows targeted her eyes and I instinctively closed my eyes, imagining the scenario if it was me in her place.",fear,fear
Her wails and curses filled the air but my eyes flung open when I realized the owner of that voice—it was the Huntres we encountered on the sea.,fear,fear
"""STOP! NO!"" the Huntres shrieked. ""I didn't mean it! Believe me! Please!""",fear,fear
"I suddenly felt scared because unfamiliar memories were starting to fill and overwrite my mind and for a second, I couldn't remember my own memories anymore.",fear,fear
"""For what reason?!"" I pointed my fan at his direction and the memories I was trying to remember a while ago were becoming vivid.",anger,anger
I wanted to stop reading his memories but I found myself still looking through them until my parents' death. I clutched my chest because it felt like my heart would burst any second.,sadness,sadness
"""You disgust me,"" I said. ""How dare you question my parents' and our clan's loyalty when all they did was support the President!""",anger,sadness
"""It wasn't! Sir Hideyoshi treasured them as friends, and yet because of your doubts, he lost them . . . I lost them.""",anger,sadness
"His words stung like poison and I couldn't take it anymore. I swung my fan at his direction, ready to slit his throat, but something restricted my hand.",anger,anger
"When I saw him, the remaining strength I was holding onto dissolved and triggered my tears. He pulled me into his chest and I cried my heart out.",sadness,sadness
"""Don't leave me here,"" I said, scared to lose my own thoughts again.",fear,fear
"""All of the people here, the prisoners and even the Executioners, have their own share of madness. I thought I can protect you but I haven't considered your ability. It must've been hard for you. I'm sorry.",sadness,sadness
And I thought I was doing a great job of keeping it at the back of my mind.,sadness,neutral
Why are you crying?,sadness,sadness
"""It's just that . . . I don't know how to face Hideo anymore,"" I said while remembering our childhood.",sadness,sadness
"""I'm sorry for not telling you the truth,"" he said, breaking the silence.",sadness,sadness
"My tears automatically fell after hearing those words, remembering the hardships my parents went through because of the Council's ideas.",sadness,sadness
"""Why?"" I asked, trying my best to stay calm even if my face and mind were already a mess.",sadness,sadness
"""From the bottom of my heart, I am sorry for hurting you like this,"" he said while bowing for apology",sadness,sadness
"""I'm sorry for not knowing the truth until now,"" I said with a shaky voice.",sadness,sadness
"""I lived in solace while you were wrongly judged and killed. I'm sorry.""",sadness,sadness
"""But you know, it's nice that you're back,"" Michiko suddenly said while looking at Mitsuo.",joy,joy
"""We already know about Shima after that jailbreak incident,"" Mayu added.",sadness,sadness
"""But you made her suffer,"" Hideo said and that made us silent.",sadness,sadness
"I'm really lucky to have these people in my life. To me, they are my family.",joy,joy
"""Hideo . . ."" I checked him and he seemed troubled. ""Calm yourself.""",fear,anger
"""No one's leaving this place,"" Hideo warned and his eyes found her.",fear,fear
"""I am done with all of you so stop this bullshit,"" she harshly said but I could read her mind.",anger,anger
"""Yes,"" I breathed. I was afraid not for myself but for the life inside me. I do not know what to do.",fear,fear
"""I'm sorry,"" he whispered.",sadness,sadness
I am not worthy to be someone's father. I don't deserve this. I—,sadness,fear
But it's the truth. My hands were already soaked in people's blood. I've killed hundreds of people. Someone as filthy as me can't have something so pure.,sadness,sadness
"""No. Sorry,"" he said and he hugged me.",sadness,sadness
"""It's just that . . . I don't want the both of you to be labeled as an Executioner's wife and child. But I'll do anything to protect you so you don't need to worry. I made this choice so I will do anything to keep you out of danger.""",sadness,fear
"Suddenly, I imagined the three of us walking together, our child in his arms while I look at them happily. It made me satisfied.",joy,joy
"Yes, for he is the greatest gift you have given me, and a reminder that he should protect you when I'm not around.",joy,joy
"""I hope we could attend this festival next year together with Nathan,"" I said and he just smiled.",joy,joy
"""Me too."" A smile was formed on my lips, ""maybe she wants a younger brother and I think she's really good at taking care of others.""",joy,joy
"""I'm sorry for giving this kind of task to you,"" he said in an apologetic tone.",sadness,sadness
I promised that I wouldn't cry anymore after giving birth to Nathan but his words were stirring up my emotions.,sadness,sadness
"""Of course,"" I said. ""We've been helping each other since we were young. You don't need to worry.""",joy,joy
"""I don't want him to be labeled as an Executioner's child.""",sadness,fear
"""What's happening?"" I asked and I could sense the panic in my own voice.",fear,fear
"""That's the warning for intruders,"" he said and he stood up.",fear,fear
"""What in the world . . ."" My voice disappeared after seeing the room in front of me.",fear,fear
"""The hallway . . ."" My voice dissolved into thin air when I saw Vince's expression.",fear,fear
I don't know the exact details but I'm sure it was the Black Dimension.,fear,fear
He's . . . in a state of coma.,fear,fear
"""He's now fine but he needs rest,"" she said and I could see the tinge of guilt in her eyes. ""You should rest, too.""",joy,sadness
"""It suits you,"" I said and he gave me a confused look, ""being a father, I mean.""",joy,joy
"""Stupid,"" I muttered while trying hard not to cry. ""That was the best thing I've heard these past few weeks.""",joy,joy
"For a second, I was tempted to stop the time just to look at my family—the two guys who changed my world.",joy,neutral
I stayed alert after she said that since our last encounter didn't go well.,fear,fear
I'm scared.,fear,fear
"""Oh God. You're really here, Akemi.""",joy,joy
"""Rainie,"" she said with a smile. ""How about your son?""",joy,joy
"Naomi, please. I need to see him. I want to see him. Please.",sadness,fear
"""But I can say that you deserve to die because you said those things. Talk bad about her and you'll die by my hands.""",anger,sadness
"""Idiot. Don't say that.""",anger,anger
"""Naomi, you don't have to do this,""Akemi said. ""You have your own family to protect, so please . .""",sadness,sadness
Hideo! Please help him. Please—,sadness,sadness
"""Don't touch them!"" I yelled.",anger,anger
"""I know you need to go to Akemi, but I have a favor to ask."" Nathan started crying and he was holding onto his father's clothes.",sadness,sadness
"""Sorry Nathan. Take care of your mother for me.""",sadness,sadness
"""No . . . Vince . . . don't say that . . .""",sadness,sadness
"""I'm here. You should calm down and think carefully. You're safe so you do not need to worry."" Those were the meanings of his knocks.",joy,fear
"But I'm sorry, Nathalie, I don't think I can save you",sadness,sadness
"Don't say that! Please, don't say that.",sadness,sadness
"""Please, just forget me,"" he weakly said. ""Use my sixth sense, Nathalie.""",sadness,sadness
What are you saying?,sadness,anger
I don't want to cause you more pain.,sadness,fear
Are you stupid? I'd rather live in pain than forget you.,sadness,sadness
How could he say those words to me? How could he say that I should forget him?,sadness,sadness
But I . . . but I can't live with you anymore and I'll hurt you even more.,sadness,sadness
"I don't care. If you can't live with me, then I'll let you live in my memories.",sadness,sadness
"""How can I forget someone like you?"" I retorted and he smiled again.",sadness,joy
"Maybe it's because I was used to forget people every now and then that I thought everyone would also be like that. But you know what? If I could live another life, I'd still choose to remember you. Even if my own memories were erased, as long as you're still inside my head, it would be enough.'",sadness,sadness
"""I will always remember you, Nathalie.""",sadness,sadness
And those were the last words I heard from the guy who could forget everything.,sadness,neutral
"I was too broken to function. In just one night, I lost a friend, my home and the most important person in my life.",sadness,sadness
I was useless. Powerless. If I only used my ability . . . if I only stayed by his side . . .,sadness,neutral
What's the use of this power if I can't even stop his death?,sadness,sadness
"""I couldn't protect your mother so let me protect you instead,"" I said and it seemed like the rain has finally stopped. ""Let's start a new life, Rainie. You and I.""",sadness,sadness
"""Okay. Thank you.""",joy,joy
"""Rainie, is that your name?"" she asked and Rainie nodded.",joy,joy
"Oh my God, Naomi.",joy,joy
"""Happy birthday, Rainie,"" I would say every 31st of December.",joy,joy
They can never take the place of someone I've lost.,sadness,sadness
"And every New Year's Eve, instead of staying up all night, I always cry myself to sleep.",sadness,sadness
I felt guilty and sorry because I could've done something to save them yet I wasn't aware of their situation.,sadness,sadness
"We will see each other again at the right time. Goodbye for now, Nathalie.",sadness,sadness
"""I'm sorry, Nathan,"" I sobbed, hugging him tighter and I felt his hand on my back. ""I'm sorry.""",sadness,sadness
"I remember you, and that's enough for me. May I call you . . . Mom?",joy,joy
"""My memories are just hard to control, so be careful of yours,"" I warned since his sixth sense allows him to remember everything.",fear,fear
"Every minute, every hour and every day, I will always think of you. No matter how painful, I will always remember you just like what you said to me before you left because your memory is my home, my refuge.",sadness,sadness
"""You will never be forgotten, Vince.""",sadness,sadness
"""Obviously, she's not listening.""",anger,fear
"Since the four of you already completed your core subjects, you only need to do that thing to graduate. I'm expecting good results from you.",joy,joy
"""Stop feeding her lies, Kana,"" Hayate retorted, ""or she'll believe in everything you say.""",anger,anger
"""Excuse me? I don't lie.""",anger,anger
"""Are you sure?"" Hiroshi butted in while adjusting his glasses. ""Do you want me to enumerate the lies you have said since you started living here?""",anger,anger
"""Stop it, you idiots!"" I said while glaring at those two.",anger,anger
Aren't you romantic?,anger,anger
"""Okay, stop that or I'm not going to spend my time with you.""",anger,anger
"""Transferees,"" Sir Tora said, calling their attention. ""Welcome to Tantei High.""",joy,joy
"I observed her tiny movements and the moment her eyes opened, I stood beside her bed.",joy,joy
"""It's 6:07:43, Kana. The exact time you woke up,"" I said and she rolled her eyes at me..",joy,fear
"""Oh, shut up.""",anger,anger
"""Goddamnit, J, it's just 6 AM. Are you nuts?""",anger,anger
"""Morning,"" Hiroshi said, his hologram walking around our room.",joy,joy
"""What the heck are you doing here? Pervert,"" she said and that made Hiroshi turn around.",anger,anger
"""That meganerd,"" she grumbled while putting her clothes on.",anger,anger
What's with that thought?' he suddenly asked using his inner voice.,anger,anger
Why? Are you shy? Aren't you a cute kid?,joy,joy
"""Don't you have a meeting to attend?"" he said in a lower and colder tone.",anger,joy
"""You brat! I practically raised you!""",anger,anger
"""J, you really can't defeat that kid in argument,"" Kana commented.",anger,anger
"""She just doesn't know how to handle him,"" Hayate added.",anger,fear
"""Thank you very much,"" I sarcastically said and all of them laughed.",joy,joy
"I actually have the habit of singling out the transferees during the first week and count them all. I would go to the administration office to confirm my inference and I've been getting accurate figures for three consecutive years. Sadly, I won't be able to do that this year.",sadness,sadness
"""Well, I guess we have our first potential target,"" she said as we both watched the news beingplayed from there.",joy,joy
"""Thank you""",joy,joy
"""That damn murderer,"" the inspector growled while looking at the mutilated body on the ground",anger,anger
"""Let them be,"" he said earlier. ""They can help us. Trust me.""",joy,joy
"""What a brutal killer,"" Hiroshi commented while scanning the body with the device he invented to record the state of the body and which would be instantly sent to his server.",fear,fear
"All of a sudden, I felt a chill down my spine, as if someone was staring at us from behind.",fear,fear
"""Yeah. That bloodthirst is comparable to a Shinigami,"" I answered and I could feel it more intensely, being a Shinigami tracker and all.",fear,fear
"""Wait,"" I warned.",fear,fear
"""A Shinigami?"" Hayate asked, taking a defensive stance.",fear,fear
"""Yeah. I can sense that dimension.""",fear,fear
"""Kill them,"" she ordered and two more Shinigamis came out as she went back to that place.",anger,fear
"He looked at Kana and just like what she did to me, she gave her a quick smile. ""You're slow, meganerd.""",joy,joy
"""H-how did you . . ."" His voice trailed off but after a few seconds, he gave him a quick smile. ""As expected from you, Atama.""",joy,joy
"""What did you say, wimp?""",anger,anger
"""Reina! Stop! Da—!""",fear,fear
"""Stop . . ."" I yelled while jumping toward him, ""shooting us!""",anger,anger
"""Who the hell is this? Fuck off""",anger,anger
"""Fine! Just don't touch my family.""",fear,fear
"""Does that mean the murderer knows we're here?"" Kana asked and the four of us raised our guards.",fear,fear
"""I think we just found the killer and his motive,"" I muttered.",joy,joy
"""What the heck are you doing? Are you out of your mind?"" Kana asked and I was about to say the same thing.",fear,anger
"""Not really,"" he retorted. ""But hey, no need to worry. This school is actually a chakushoku.""",joy,joy
"""Who are you?"" I asked using my inner voice and I saw a student who turned her head to our direction with an uneasy expression. ""Found you.""",fear,fear
"""But I remember feeling something odd when I looked at his daughters,"" sagot niya. ""Their skin were quite bluish.""",sadness,sadness
"""What happened? Why aren't you moving?"" I asked, worried and distraught about his condition.",fear,fear
"""N-neuromuscular blocker,"" he said with difficulty. ""P-paralyzing agent.""",fear,fear
"""This man is a nut job,"" Kana remarked while digging her nail on her skin.",anger,fear
"""Agreed. How should we take him down?""",fear,anger
"""Hayate said we should be careful. This guy has medical knowledge and can use it to his advantage just like what happened to Hayate.""",fear,fear
"""Should we kill him? He's a psycho,"" Kana suggested but I disagreed.",anger,anger
"""No. We should capture him alive and let him suffer the consequences of his actions. Besides, they won't credit that as an arrest and we'd need to catch another one.""",anger,anger
"""Damn, this is getting harder. If we only have some sedatives to—""",anger,anger
"""Whoa, this is a huge-ass needle,"" Kana commented while looking at the syringe she was holding. ""I might pass out when someone injected this to me.""",fear,fear
"""Kana! Don't! He still has one syringe left!"" I yelled but Kana could control her momentum anymore. I ran toward their direction but I wouldn't get there in time so I just threw one of my swords at his direction, hoping that it would stop his movement.",fear,fear
It did but it was already too late.,fear,fear
"""H-help me! Kana is . . .""",fear,anger
"""5:17:29 P.M. Case closed,"" I whispered as I looked at the sun setting in the blood-red sky.",joy,joy
"""Her vitals are starting to stabilize,"" Dr. Gardan said and my knees collapsed upon hearing his words. ""But we still need to observe her for the next few hours.""",sadness,fear
"""Apologies,"" Hayate immediately said. ""We didn't expect Shinigamis to intervene, so we had to,"" he explained.",fear,fear
"""A-Anyway . . ."" I said, breaking the silence. ""What happened to the weapons? Where are they?""",fear,fear
"""You idiot!"" I yelled after giving him a punch in the head.",anger,anger
"""Would it matter? You'd still summon your weapons if a Shinigami appears,"" he argued.",anger,anger
"""Old man? Hey, have some respect! Sir Aiwa is your grandfather!""",anger,anger
"""He said I can only have access to the restricted rooms and laboratories in the Technology department when I'm already a graduate. He didn't even retract his order after his death. What kind of nonsense is that?""",anger,anger
"""Why are you even reminiscing that?"" Hayate asked. Oh. So he decided to read my mind.",anger,anger
Heh. Are you embarrassed? How cute.,joy,joy
"What do you want, Shinigami?"" I boldly asked while gripping my swords.",anger,anger
"""Shinigamis . . . are the people I despise the most,"" she muttered. Her green eyes gleamed with hatred as she threw the arm to the ground. ""I will hunt them down. All of them.""",anger,fear
"He heaved a heavy sigh. ""They managed to track the weapons. It must be Sir Tora. Now I won't be able to continue that research.""",fear,fear
"""See for yourself.""",anger,anger
"""That just means you have a poor data security,"" Kana suddenly remarked. ""Getting traced that easily . . . the future of the Technology department seems bleak.""",anger,anger
"""You really don't know how to pull your punches, do you?"" I commented.",anger,anger
"""I just stated the truth,"" she nonchalantly replied.",anger,anger
"""You can say it in a nicer way though,"" I muttered but she scoffed at me.",anger,joy
"I smiled at her. ""Yeah. A bit.""",joy,joy
"She looked straight into my eyes and smiled. ""Secrets are supposed to be like that,"" she said. ""Careful, J. You really wouldn't want to dig deeper.""",joy,joy
"""That's horrible.""",sadness,sadness
"I guess we have our suspects now,"" I remarked, thinking about the ten people who went out before the blast.",joy,joy
"""Yeah. Time to meet our second target.""",joy,joy
"""Shit!"" I cursed as I ran from the rooftops of the buildings",anger,anger
"""What happened there?"" asked Kana.",fear,fear
"""Reina? What happened?"" tanong naman ni Hayate. ""There's a sudden increase in heat signature in that area.""",fear,fear
"""What do you want?"" I asked.",anger,anger
"""The heir,"" he said. ""And your death.""",anger,anger
"""I told you,"" he said as the air crackled around us. ""If you can't tell us where the heir is, then your death will suffice.""",anger,anger
"""Reina, get out of there!""",fear,fear
"""I don't,"" she snapped back. ""I'm not a part of those clans who need their heirs to function.""",anger,fear
"Are you saying that they are hunting the heir of one of these clans?"" asked Hayate.",fear,fear
"""That's the most probable reason, don't you agree?""",fear,fear
"""What? Who . . ."" My voice faltered. I couldn't imagine how terrible that day was.",fear,fear
"He flashed a subtle smile. ""To the murderer's third exhibition.""",joy,joy
"""What are you implying, smartass?""",anger,anger
"""They say it takes one to know one,"" Hiroshi taunted.",anger,anger
"""I didn't know you were this stupid,"" she retorted. ""Ah. And if I'm a Shinigami, you'd be dead the moment we meet each other.""",anger,anger
"""Shit, that idiot didn't bring any weapon!"" I muttered as I rushed toward their direction.",fear,anger
"""Don't move, terrorist, or I'll cut this mouth of yours,"" I warned as I put my dagger on his mouth.",anger,anger
"Agad naman akong lumingon at sinamaan ko ng tingin si Hayate. ""You knew and you didn't tell us!""",anger,anger
"""Shut up, you idiot! You almost got yourself killed!""",anger,anger
"""What a psychopath,"" I grumbled as I remembered what he did.",anger,anger
"""Minorities are already discriminated and are facing prejudice in their everyday lives. It angers me that people like him, who don't show any respect and remorse exist,"" Kana said while gripping her sickle.",anger,sadness
"""They think they are superior to everyone. They think what they do is right. I hope he experience hell.""",anger,fear
"""What exactly did the Shinigamis do to you?""",sadness,fear
"""Good work,"" she commented while looking at Hayate. Smirking, she looked at Hiroshi and said, ""and you should do better.""",joy,joy
"""I don't know. It feels like someone is around but I can't sense his or her presence.""",fear,fear
"""Shit. We're too late,"" I cursed under my breath. ""But why would they kill her?""",anger,anger
"""An Erityian?"" I muttered as I stared in horror at the monitor. ""Shinigamis?""",fear,fear
"""But why does he know the Erityian way of writing?""",fear,fear
"""I can feel the faint presence of the Black Dimension. Someone's coming.""",fear,fear
"""A Shinigami,"" I alerted and the three of us immediately ran toward that direction",fear,neutral
"She's being driven by her rage. She's not thinking. If this continues, both of them may die.",fear,fear
"""Rise, Teshin,"" the guy ordered. ""I didn't train you to be killed by these mere students.""",anger,anger
"""Good thing those Elites didn't fight us,"" I said.",fear,fear
"Hiroshi scoffed. ""Because they didn't see us as threats.""",anger,anger
"""I . . . I m-must . . . kill t-them . . .""",anger,anger
"""Kana, calm down. Please.""",sadness,sadness
"""I must kill them,"" Kana muttered repeatedly as she gripped her sickle",anger,anger
"""Don't ever speak of—""",anger,anger
"""And I am the lone survivor of the Hansen clan."" Her blood trickled down her sickle and she collapsed on her knees. ""And I will avenge our blood with theirs.""",anger,fear
"""But I'm also worried about that humdrum.""",fear,fear
"""This is getting dangerous,"" Hayate muttered. ""Let's go.""",fear,fear
"""That idiot,"" Hayate mumbled.",anger,anger
"""We know,"" he said, cutting her off. ""We know how hard it is for you to live your life.""",sadness,joy
"""You should have told us,"" I chimed in. ""You should have told the administration about this matter. They would help you.""",sadness,sadness
"She scoffed. ""Help me? There's no way they would help someone who has already lost everything.",sadness,sadness
"""Do you think someone from a perished clan is more worthy of their attention than their missing heir?""",sadness,sadness
"""You know, I went in that school because I thought they could help. And I thought I could still belong somewhere. I was wrong.""",sadness,sadness
"""If they can't help you, then depend on us. We're friends after all.""",sadness,sadness
"""You're not just from Hansen clan anymore. You're also a part of Atama family. If you need something, just ask us. You don't have to do all of these by yourself. You're not alone anymore, Kana. So please, allow us to help you.""",sadness,sadness
"""If . . . if I'm allowed to voice out my wish . . . then please . . . please help me see the end of this. I . . . I want to avenge my clan,"" she whimpered in her inner voice. ""I want to be free from this excruciating revenge already. Please . . . help me.""",sadness,sadness
"""It's okay now.""",joy,joy
"""Wait, don't tell me you'll use it to her?""",fear,fear
"""Without her consent?""",anger,fear
"""D-Daddy . . ."" Kana whimpered.",sadness,sadness
"""Survive, child. You have to. I'm sorry.""",sadness,sadness
"""It's okay. Don't be scared. Everything will be okay. Just close your eyes. I'll be here.""",sadness,sadness
"""I won't be here anymore when you wake up. I'm sorry for leaving you alone. But please, be strong. Continue protecting your life, even if you're by yourself. I love you.""",sadness,sadness
"""Then this makes things easier,"" Hiroshi added.",joy,neutral
"""I've rested enough,"" she muttered. ""It's time to get my revenge.""",anger,fear
"""I need to find that Elite. He's the one who killed my father.""",anger,anger
"""Kana, the Elite of the Reaper you fought that night was Takeshi,"" I said and her eyes vehemently reflected rage. ""And we know how to find him.""",anger,anger
"""I don't know his motives or why he had to involve himself in this mess, but one thing is for sure, he shares the same crime of murdering hundreds of innocent people and I will never forgive him for that.""",anger,anger
"""So, you can finally fight without holding back,"" I commented while we were running through the buildings. She smiled. ""I guess.""",joy,joy
"""Yeah. I can feel its presence. Be careful. The Black Dimension might open anytime.""",fear,fear
"""I'll make you pay for your crimes, murderer,"" she growled.",anger,anger
"""No, kid. You will pay for the crime of your clan. You will tell me about the heir. That's—!""",anger,anger
"""You . . ."" Kana snarled as she glared at the humdrum. ""You were there. You, too, killed everyone!""",anger,anger
"""Where are you?"" I mumbled. ""It's getting dangerous here.""",fear,fear
"""What the hell are you saying?"" Kana grumbled. ""Assist who? The person who killedâ  —""",anger,anger
"""Behind you!"" I alerted as I felt the opening of the Black Dimension near Kana.",fear,fear
"""You should've told us first if there are any explosives in the vicinity, you humdrum,"" Kana growled as she glared at Ariel who was still in his knees.",anger,sadness
"""I'm sorry for using her face. I had to survive. Don't worry, the end is near. You won't see this face after this.""",sadness,fear
"""Kana, please calm down,"" I pleaded",sadness,fear
How can I?! That face . . . that was my mother's! How could you use—!,anger,sadness
"""No!"" he bellowed as my dagger grazed his cheek. ""I've had enough of your silly plays!""",anger,anger
"""You have to do better than that, brat—!""",anger,anger
"""It's okay. Everything will be okay,"" he softly said while turning his head to our direction.",joy,joy
"Ariel smiled. ""Yes. This is the only way.""",joy,joy
"""I . . . got my . . . revenge . . ."" he said in whispers. ""I . . . will . . . finally be . . . with my . . . ffamily. S-sorry for what . . . I did . . .""",sadness,anger
"""If only . . . I have known . . . your clan . . . before those . . . scums . . . if only . . .""",sadness,sadness
"""We're Senshins,"" I said. ""Erityians aren't only the Shinigamis. I'm sorry if you've been through hell because of them.""",sadness,sadness
"""I . . . see . . . t-thank you . . . for telling . . . me . . ."" His gaze shifted to Kana again. ""And . . . tthank . . . you . . . for your . . . kindness. Your parents . . . and clan . . . would be so proud . . .""",joy,joy
"""I know,"" she sobbed. ""I know.""",sadness,sadness
"""It's . . . okay . . . now,"" he mumbled, as if he was convincing himself. ""It's . . . okay . . . now . . . I can . . . rest now . . .""",sadness,sadness
I'm sorry. I'm sorry.,sadness,sadness
"I shouldn't have done that. To save three people, I killed a hundred. I feel disgusted with myself yet I still feel a little relieved that my family is safe. Maybe I am turning into a monster. Like those green-eyed criminals.",sadness,sadness
I don't know what to do anymore. I should've killed myself the moment they have found me. Now I can't even decide for my life.,sadness,sadness
"Please, somebody, please end my misery.",sadness,sadness
"""Don't worry too much,"" she said while wiping off the tears on her eyes and face. ""I will be okay.""",sadness,fear
"She smiled while pointing at the tree behind us. ""I have a business there.""",joy,joy
"""I wish I can stay here a bit longer,"" she mumbled while looking at those two.",sadness,sadness
I can't. You know that I only stayed here because of my personal matters.,sadness,sadness
"""I've been staying here for more than a year, and honestly, I have enjoyed my time here that I almost forgot I have a life outside this campus.""",sadness,neutral
"""I know that sending off a friend is hard, even unbearable for some,"" he said and I don't know if my eyes were just playing tricks on me but I could see the sadness on his face. ""But there are times that you have to.""",sadness,sadness
"""Well, I guess this is goodbye,"" she said.",sadness,sadness
"""Well, I'll be returning the name Kana since it's only an alternative name, but you can still call me that,"" she said.",joy,joy
"""Besides fragrance, one of the kanjis means flowing and living,"" he explained. ""You should live your life and let your time flow from now on.""",joy,joy
"""I like that,"" she remarked as she extended her hand to him. ""I'll miss our fights.""",joy,fear
"It's been more than a decade since that dreadful night. Seeing my parents die in front of me was enough to give me nightmares every single day, but what I regretted the most was failing to protect my sister.",sadness,sadness
"""Do you think Mom and Dad are okay?"" six-year old Krystal would ask every time there were commotions outside our house.",sadness,neutral
"I would force a smile and say, ""of course. They are strong. Really strong.""",sadness,sadness
"""Don't worry. If anything happens, I'll protect you with all my life and I'll always be by your side. Is that okay with you?""",joy,joy
"She would nod enthusiastically and during those moments, I felt assured. At least, I had her with me. I wasn't alone.",joy,fear
But all of that was taken away from me.,sadness,sadness
"Winter, protect your sister. Will you promise me that?",fear,sadness
"""I am Winter Alveria,"" I said as I tightened my grip on his neck. ""The head of the Alveria family. And someday, I will take back everything your kin has stolen from me.""",anger,anger
"""N-no . . . p-please don't k-kill . . .""",fear,fear
"""It's time to end the raging flame,"" I declared as I raised my arm. ""Fellow Huntres, let us reclaim what is rightfully ours!""",anger,anger
"""Krystal!"" I called, my heart racing, afraid that something had happened to her.",fear,fear
"""No, please no,"" I muttered between my sobs. ""Krystal . . .""",sadness,sadness
"My heart felt like it was being ripped apart. I never cried when I was with her. I wanted to show her that I could protect her . . . that I was strong. But today, everything that I wanted to keep, that I wanted to protect, was taken away from me.",sadness,sadness
"""I will take back everything,"" I muttered under my breath as I walked away from the pillar of flames. ""I promise.""",anger,anger
"""But they killed my parents!"" he wailed as he gripped his knife tightly turning his knuckles white.",anger,anger
"""I have a sister who's almost the same age as you and I failed to protect her,"" I said in my mind but what surprised me was when I felt the boy flinching. Did he hear that? ""I don't want to feel that pain again.""",sadness,sadness
Two years had already passed yet I could still vividly remember how they were killed by Pierre.,fear,fear
"""Those with Wind attributes could manipulate the air around, creating some superior mirages,"" he chuckled. ""Nandito na tayo.""",joy,joy
"Chills began creeping through my body as I watched their eyes changed into different colors: brown, purple and crystal-blue.",fear,fear
"""Honestly, no,"" I answered. ""I'm still bewildered. I don't know what to do. I'm not even sure if I really deserve to be here. And . . .""",fear,fear
"""Oh. So you can already use your inner voice. Impressive."" Isaz was looking at me, a subtle smile escaped from his lips. ""Your will is strong, but your body has to keep up.""",joy,joy
"""Why did you leave me? Why did you not come back for me?""",sadness,fear
Dreaming about my sister with that kind of expression on her face was heart-wrenching.,sadness,sadness
He started walking away and it was painful to watch how slowly he was moving.,sadness,sadness
"""Are you raising your voice at me?"" she asked, though it sounded like a warning.",anger,anger
"That day, Hilda became the most terrifying person for me.",fear,fear
"I shuddered upon seeing his grin. ""N-nothing. I . . . I wasn't . . . I mean, I didn't—""",fear,fear
"""Why are they doing that?"" I asked, seething in anger.",anger,anger
"""I'm glad that you're still alive, Leo,"" he said.",joy,joy
"""I . . . I'm sorry,"" Leo grimaced.",sadness,sadness
"""Minerva . . . she's already dead,"" he said, his voice trembling. ""She sacrificed herself to save us from that terrifying flame.""",sadness,sadness
"She said she doesn't want her child to live the same way. She wants her to live normally. And even though I know that's impossible, I want to honor her wish.",sadness,sadness
"He flashed a melancholic smile. ""He said he failed to protect your father, our master. He's the type of guy who shoulders everything. But don't worry. I'm sure that when the right time comes, he'll be with us.""",sadness,sadness
"""I'm still not sure if it's her,"" he said, ""but I want to continue watching over her.""",joy,fear
"""Fellow Huntres,"" I called. ""I am Winter Alveria, son of Ark, descendant of Lord Ivankov and Lady Yllka. In the name of our ancestors, I promise, winter will come and this inferno will end soon.""",joy,joy
"""Halt, Winter,"" Riyo ordered, his tone quite dangerous. That was when I realized I had already frozen half of the shack's interior.",anger,neutral
"""They are wrong,"" she muttered. ""I . . . I d-don't want to see that anymore.""",fear,fear
"""O-our eldest sister . . . s-she pleaded Allen to stop burning villages in the South . . . but that monster,"" she choked back her tears.",sadness,fear
"trying not to sound shaken but it was quite evident, ""h-he burned her to crisp.""",fear,fear
"Just then, a quick smile escaped his lips, something I didn't expect to see from him. ""After all, you are the rightful leader of the Huntres tribe, Lady Winter.""",joy,joy
"""But it worked!"" he beamed.",joy,joy
"""And I already know that she's really my sister."" A wistful yet pained smile appeared on his face. ""Kelsey is . . . Kelsey is alive and safe.""",sadness,fear
"""Hey, you in the cloak!"" he yelled. ""Are you an old lady? C'mere you hag!""",anger,anger
"""This is all your fault,"" he hissed.",anger,anger
"""W-what happened?"" I weakly asked, as I clung to Dalan's arm.",fear,fear
"""T-they didn't freeze. They just exploded into snow,"" he softly said. ""You, Lady Winter, reduced them to nothing.""",fear,fear
I glared at him and almost wanted to freeze him right on the spot. I wished Hale was here. At least I could control that kid.,anger,anger
"""Isaz,"" I called, my voice trembling, ""please . . . help her. I don't want . . . I don't want to lose her again.""",sadness,sadness
"""I will,"" he said. ""Don't worry, I will take care of her.""",joy,fear
"""It's time to start this war,"" I declared. ""Inform all our allies. In a few months, we will attack the White Division. We will reclaim what's ours and I will end this tragic fire.""",anger,anger
"""Mom, Dad,"" I whispered as I stared at the only family photo we had. ""I can finally avenge your death.""",sadness,sadness
"""If you can kill me."" I stomped my right foot and the flame surrounding him froze. ""And now, I will take back everything you have stolen from me.""",anger,anger
"""Fellow comrades and allies!"" I roared as I glared at Pierre.",anger,anger
"""I will do everything to reclaim our place, our honor and the peace between the Huntres' divisions,"" I seethed, ""even if it means killing you and your followers.""",anger,anger
"""Don't underestimate my fire, brat.""",anger,anger
"""Don't die. Please.""",sadness,sadness
"""I'm sorry . . . Glace,""Dad groaned. ""G-go away and find our daughters. P-protect them.""",sadness,sadness
"""It's over . . ."" I mumbled. ""Mom . . . Dad . . . it's over . . .""",joy,joy
"""If anything happens, I'll protect you with my life and I'll always be by your side. I'm sorry,"" I said as my voice cracked. ""I'm sorry breaking my promise. I'm sorry for leaving you all alone. Please forgive me.""",sadness,sadness
"""So, how did you meet them?"" I asked and her eyes twinkled.",joy,joy
"""I'm sorry but I also have another family waiting for me.""",sadness,sadness
"""Don't you know how to knock?"" she growled.",anger,fear
"And for the first time, I flashed a smile in front of a huge crowd.",joy,joy
"""We're finally home,"" I softly said.",joy,joy
"This time, I felt contentment and not anger.",joy,joy
His bloodshot eyes looked at me with concern while Jett continued fiddling with his guns.,anger,anger
The mood instantly went down after mentioning her name. I felt a pang of guilt and anger when I remembered what happened to her during the battle with Nox.,sadness,fear
"As a Keeper, I was supposed to keep my team safe but she almost died because of my shortcomings.",sadness,fear
"I never believed in gods but for the first time, I silently prayed. I just wanted to see her awake and okay before I go.",fear,fear
I was about to go to the bathroom but I received a message from Commander Priam so I immediately went to his office.,fear,fear
"""Agent Naia,"" he called. ""Are you sure you can handle this?""",sadness,anger
"I nodded without a second thought. Only the leaders of the tribes have the authority to enter Shima from the outside but his hands were full with the aftermaths of the Nox's downfall. As someone who had lived there for quite some time, he asked me to bring the criminals to that place.",fear,fear
"Truthfully, I was a bit surprised that he knew my past.",fear,fear
"When I first arrived here, I was sure I modified my background to prevent them from knowing my connections with Shima. I was just thankful that he didn't ask anything about it.",joy,joy
"""There are too many executives for you to escort and it will be too risky for you to handle them alone. Hence, this.""",fear,fear
I stared at the device in awe. Senshins and Custos were really stepping up their game in this field.,sadness,neutral
"""Good luck and come back alive,"" he said and I saluted.",fear,fear
I was admiring the device as I walked to my room when I saw a figure standing on the doorway.,joy,neutral
"""What? Do you want me to check that?"" I asked while pointing at the pistol on his waist band.",anger,anger
Jett quietly followed me as I entered my room and he remained standing while I sat on the side of my bed.,fear,neutral
"""You're really going alone,"" he softly said. ""Yeah. Alone,"" I emphasized.",sadness,sadness
"Even though Cliff and Jett didn't say it out loud before, I knew they wanted to come with me, but it would be hard to travel with outsiders. I didn't want to risk their lives.",fear,fear
"""No,"" I firmly said. ""You won't last a minute there.""",anger,anger
"In a splitsecond, the tip of my sword came in contact with his neck and he stood still, a trickle of sweat running down his face.",fear,fear
"""If you can't even defend yourself against that, then no.""",anger,sadness
"""that's unfair,"" he complained. ""I wasn't prepared.""",anger,anger
"I sheathed my sword and smiled at him. ""The unprepared are the first to die,"" I said as I picked up my luggage. ""Don't miss me too much.""",sadness,anger
I was ready to leave my room but halted when I heard him call my name.,fear,fear
"""Naia."" Turning around, I caught the pistol he just threw at my direction. ""Keep safe."" A smile escaped my lips upon hearing that line.",joy,joy
"I'm a Keeper, I said. ""I need to stay alive to keep my team from dying.""",anger,anger
The smile on my face faded as I marched away from the place that sheltered me since I was young. It's time to return to the place of curses and chaos.,fear,fear
"I had lost track of time as I drifted for days in the middle of the ocean. Fortunately, my supplies were still enough and the ocean was calm",joy,joy
"Nel would surely be awake by now. I could imagine her angry face, questioning Cliff and Jett about me.",fear,fear
A smile escaped my lips as I reminisced the life I had in CIA. It was never easy but it was less troubling than where I was headed.,joy,joy
"Shima had been a subject of myths and rumors among Erityians. Many believed it was not real, until he met his demise.",sadness,sadness
"I could still remember that time, Executioners were ready to slaughter every Shinigami they had imprisoned, not minding the repercussions from the administration and the council.",fear,fear
"Ise, then head of the Jikko clan, vowed to kill every single Shinigami who made his grandson suffer.",anger,anger
"""Naia, you should never allow anyone to read your mind,"" Vince would always say when I was a child.",fear,fear
"""Because they can use your thoughts and memories against you.""",fear,fear
I heaved a sigh. It's been more than a decade since he died yet the pain still lingered inside me. I missed him.,sadness,sadness
"My thoughts returned to the present when the clear sky and water suddenly turned dark. In a span of a few seconds, everything was already covered in fog.",sadness,sadness
A wave of nostalgia hit me as I felt the fog brushed against my skin.,sadness,sadness
"As if on cue, the fog dissipated and the familiar island came into view. The silence I was enjoying a while ago was replaced by cries and screams of agony and pain..",sadness,sadness
The air was filled with metallic and putrid smell—the scent of bloodshed and death.,fear,fear
"I smirked. ""Yeah. I thought you've already forgotten me.""",joy,joy
A guy clad in black holding a huge scythe appeared in front of me. He still looked the same except for the additional creases on his face.,fear,fear
"Farallon was never fazed with anything. Even when Vince brought her here, he remained inexpressive.",fear,fear
"When Vince died, his face was expressionless but his eyes were gleaming with wrath.",anger,anger
Seeing him after a long time made me feel like I was a kid again.,joy,joy
How's everyone? I asked as I came ashore.,joy,joy
Why are you here? he questioned without answering mine.,anger,fear
"Despite his skepticism, he walked with me toward the forest. I heard the familiar roars of Shira and Hyora, the guardians and first line of defense of this island.",fear,neutral
"""Hey,"" I snickered as the lion and leopard made their way to me.",joy,joy
I didn't have any friends of my age in this place and all the Executioners were busy with their jobs and missions so I befriended these two.,sadness,neutral
"Among the natives of this island, only me and Aristus could snuggle with these deadly predators.",joy,neutral
"""Everything has changed here,"" Farallon said as we passed through the forest.",sadness,joy
It was always dark in the woods as the canopy of trees blocked the sunlight.,sadness,neutral
I remembered getting lost here when I was young and Farallon found me in a critical state.,sadness,sadness
My arms accidentally brushed against the leaves of a poisonous plant and rendered me motionless.,fear,fear
The venomous insects buzzed around and the deadly plants' leaves fluttered in the wind.,fear,fear
It took us a while to get out of the forest and the stretch of sludge came into view.,joy,joy
"Farallon wounded himself, his blood trickling from his finger and it dropped onto the boulder at the forest's threshold.",sadness,sadness
The rancid smell was enough to make someone nauseous but it was already normal for the inhabitants of this island.,fear,fear
"Some Executioners halted, others took a glance at me, as I walked beside Farallon. The older ones were able to recognize me as the child who had red eyes.",joy,joy
"""Naia?"" One of the called. ""Is that you, Naia?""",joy,joy
"""Yuma,"" I replied. ""You look old now.""",joy,joy
"He drew his sword and I swiftly fended off his attack. Some Executioners gathered around, bellowing and cheering, as the two of us were caught in an onslaught.",fear,fear
"He was still fast and agile despite his age. I could feel the cuts on my skin, blood streaming through my arms. I managed to land a gash on his cheeks and he looked more excited.",joy,joy
"""Damn, child, you better not underestimate me,"" he beamed as he charged at me.",anger,anger
"That moment, my skin tingled as I felt an intense bloodlust from him.",fear,fear
"""The unprepared are the first to die.""",sadness,fear
"I remembered what I told to Jett and cursed myself for being too softhearted. This was Shima, a place where comrades could kill one another without giving a thought.",fear,fear
"He disappeared from my sight, and the next thing I knew, the tip of his blade was already piercing through my right shoulder.",anger,anger
I gritted my teeth in pain and held his sword.,anger,anger
I kicked his neck as I my hands bled while gripping his blade.,anger,anger
The force made him lose his balance and grip on the sword and I immediately pulled it out of my flesh.,fear,fear
Yuma sat up and laughed hysterically as he looked at me.,joy,joy
"Shit, this is bad, he chuckled. ""I want to kill you now.""",anger,anger
"He was ready to charged at me but everyone suddenly fell silent. I felt the immense pressure in the atmosphere, making my body tremble in fear.",fear,fear
W-what was that? I mumbled.,fear,fear
"Amidst the silence, I heard heavy footsteps approaching our direction. The Executioners gave way and I saw a hooded man walking toward us.",fear,fear
The tattered cloak fluttered as the wind howled. Behind him was a woman who was eerily familiar. Then I remembered Nel's story about a Senshin who had the eyes of a Shinigami and a Custos.,fear,fear
"As far as I remembered, Lionel should be the de-facto leader since Ise lost his only heir when Vince died. I was sure Lionel didn't look like that when I left Shima.",sadness,sadness
"""Child, state your name,"" he demanded and I flinched upon hearing his voice.",fear,fear
"""I see. The child of Diona and Heron,"" he said and my stomach churned in distress as I heard my parents' names.",anger,anger
He carefully removed his hood and I almost got paralyzed by his stare. Intense and cold green eyes looked right into mine.,fear,fear
"""W-who are you?"" I asked, my voice shaking in fear.",fear,fear
He bellowed in laughter as if my question was something funny.,anger,anger
"""A Jikko branch clan member,"" he responded. ""That old fart didn't even talk to me until he needed someone to inherit his position.""",sadness,sadness
"Some Executioners were visibly uncomfortable after hearing him badmouthing Ise. I, too, felt annoyed as Ise was the most respectable person in this island.",anger,fear
"""I vowed to hunt down every single Shinigami but they locked me up in this place""",anger,anger
He seethed and I had to step back because his anger screamed danger.,fear,fear
"""Damn that council of old and coward shitheads.""",anger,anger
"""Dad, calm down,"" the woman behind him softly said.",fear,fear
It had been three hours since I arrived in Shima yet I had already learned about what happened here after Ise and Vince died.,sadness,sadness
"Shira snuggled me and I could hear the guttural sound he was making, as if asking some attention.",sadness,neutral
"Man, you haven't change at all, I snickered while caressing his mane.",joy,joy
I stayed at the shore of the island as they decide what to do with me and the prisoners I had to transfer using the Senshins and Custos technology.,fear,neutral
"Heaving a sigh, I stared at the endless sea.",sadness,sadness
I reached for my weapon as I turned my head around and saw that girl. Speaking of the devil.,fear,fear
She walked toward my direction and Shira started snarling at her.,anger,neutral
"Calm down, boy, I said.",anger,anger
The girl sat beside me and looked at the gray sky. She smiled and it felt so genuine that I let my guard down for a second.,joy,joy
"""You know, when I first arrived here, I thought I was going to die. This time, for real""",fear,fear
"""I, too, was bringing criminals from the Nox and Sir Hideo told me that I should brace myself when I set foot here. I thought it was because of this island's reputation. I thought it was because of this island's reputation.""",fear,fear
She glanced at me and her eyes were so distracting. Her iridescent irises where beautiful and nauseating at the same time.,joy,fear
"""I was attacked by the Executioners the moment I landed. I was a fighter, too, but their strength were on a different level. It felt like I was fighting a Huntres with an instinct of a Senshin. It was terrifying.""",fear,neutral
My lips curved upward. Hearing that compliment for the Jikko clan was uplifting.,joy,joy
"""My plan was to leave the criminals, deliver a news, and go back to Tantei High, but everything changed when their leader came to meet me.""",fear,fear
"""It must be shocking,"" I commented.",fear,fear
"She chuckled in response. ""Not really. My Dad is strong and stubborn so deep in my heart, I knew he was still alive, despite being labeled as missing in the records of the Senshins.""",sadness,fear
"The only ones we were told to be wary about in the Senshin tribe were the remnants of the Great Seven, and some of the professors.",fear,neutral
"""But I didn't expect to see him here. Dad never liked positions.""",anger,fear
"""Well, he's still a Jikko,"" I said. ""And when . . . when Vince died, the main family had no heir to replace him as the future leader.""",sadness,sadness
"I glanced at her, my brows furrowed, unsure if I heard that right.",anger,anger
Huh? What do you mean?,fear,anger
That name triggered a certain memory. I remembered the woman Vince brought here when she returned for a while. It was just a brief time but she was the first friend I had.,sadness,sadness
I stifled a gasp upon hearing that. Vince and Nathalie? They . . . they had a child?,sadness,sadness
"Where are the criminals you are talking about? he asked, but it sounded like a demand.",anger,anger
Maintaining my composure was difficult in front of this Kyo. His presence was enough to feel his superiority and strength.,fear,fear
There were still pools of blood on the ground and vultures were quietly looming above us. Some of the Executioners were preparing a huge pot of boiling oil and setting up several bamboo stakes.,fear,fear
"""Who's going to be tortured?""",anger,anger
"The look on their faces was a mixture of nausea, confusion and anger",fear,fear
"Despite their feet and hands being bound, few of them started attacking the people around . . . which was a wrong and dumb move.",anger,neutral
"""This one's mine!""",anger,anger
"""Humdrums are, indeed, stupid.""",anger,anger
"""Couple of Erityians, too.""",anger,anger
"""How does that feel?"" Yuma taunted as he pointed his scythe to an Executive neck. ""Your members are being toyed by an 11-year old Jikko.""",anger,anger
"""A traitor like you,"" Yuma said as the tip of his scythe digging through Eerie's skin, ""brings shame to the Senshin tribe.""",anger,anger
"My skin crawled upon hearing that familiar voice and when I turned around, I saw Lionel walking toward our direction.",fear,fear
"""I have finished cleaning the Rei level,"" he reported to Kyo.",joy,joy
"""Good,"" Kyo responded and Lionel went to the Nox's direction. ""Reliable as ever,"" he commented.",joy,joy
"""Of course,"" I said. ""He's been Vince's rival since they were young. Strength wise, he's probably second to you.""",sadness,sadness
"""You're right,"" he chuckled. ""But potential-wise, that brat is higher than him.""",joy,joy
"I shuddered when I felt his presence getting stronger and I had to step back to not get overwhelmed. When I looked at him, his grin was nowhere to be found and it was replaced with a grim expression.",fear,fear
"""Okay. I'll be counting on you.""",joy,joy
He silently walked away and I was left alone. I wanted to contact the CIA but communication outside was forbidden in this island.,sadness,neutral
It's been 36 hours since I arrived here and I was still adjusting to the intensity of voices inside my head.,fear,fear
My range had improved and I could now hear the cries and howls in the prisons. It was draining but I was used to this kind of exhaustion since I was a child.,joy,joy
I suddenly remembered how Nathalie almost lost her memories before because of these voices.,sadness,sadness
That must be really scary.,fear,fear
"Hearing a voice inside my head, which was neither a scream of pain nor cries from mind torture, made me flinch. Who . . . wait . . .",sadness,sadness
"Nathalie looked at my direction, a hint of surprise on her face, but after a few seconds, she smiled, as if she had finally recognized me.",joy,joy
Then my eyes drifted to the guy beside him and I halted when I saw his face.,fear,fear
"""This pisses me off,"" Kyo grumbled. ""It's like looking at those two brats' faces.""",anger,anger
"Nathalie chuckled. ""I know what you mean, Sir Kyo. Well, Hideo raised him so he kinda got his personality.""",joy,joy
"""You kid,"" he said while looking at the guy.",anger,anger
Wow. He's got guts. I'll give him that.,anger,anger
Kyo grinned as if he just found someone to toy with.,joy,joy
"""Too much noise.""",anger,anger
"""You probably should not stay here,"" I said and he looked at me. ""Seems like you have the same ability as Nathalie.""",anger,sadness
That was the first time I saw someone greatly affected by the thoughts and inner voices of people despite our capability to block them.,sadness,sadness
"""You can hear inner voices despite their closed minds, right?"" He nodded.",fear,fear
"""You sure you can handle the agony and pain of the tortured? The heinous and brutal thoughts of the prisoners? The radical ways and thoughts of the executioners?""",fear,neutral
He winced before he could answer my questions. I knew it. Those voices must be causing a discomfort and pain on his mind.,sadness,sadness
I stared at him for a few seconds. I wasn't sure if he was confident or just foolish.,sadness,neutral
"Amid the silence, I could hear faint voices, screams of agony and desperation from the prisoners.",sadness,fear
"Within a splitsecond, I drew my sword and swung it to his direction.",anger,anger
"Shock and confusion came into his face, and he leapt back, avoiding a serious cut on his neck. I pulled back my sword and looked at him.",anger,anger
"""Seems like your flight instincts have been honed,"" I remarked as blood trickled from his neck.",joy,joy
"""But, kiddo, Jikkos are known for fighting, not evading. I guess you aren't ready to inherit that name yet.""",anger,neutral
My words seemed to struck a chord and the look on his eyes instantly changed.,fear,joy
I was caught off-guard for a second because he looked exactly like Vince when he's pissed.,fear,fear
"""Kiddo? You seem like just a few years older than me,"" he commented.",anger,anger
"""I call everyone weaker than me a kiddo,"" I retorted, and somehow it felt good.",joy,joy
I didn't know taunting someone who could talk back would be this entertaining since Jett and Cliff would always give up before I could enjoy the conversation.,joy,joy
"Before his hand could reach for something behind him, I lunged at him and gripped his arm.",anger,fear
"I snatched his gun as he fell on his back and pointed it at him. I fired two bullets on each side of his head, just a few inches from his ears.",anger,anger
"""What? Did you life flash right before your eyes?"" I taunted.",joy,joy
A smile escaped my lips as I remembered how they described Vince's death.,joy,joy
"I felt an intense pressure behind us and when I turned around, Kyo and Nathalie was already walking toward our direction.",fear,fear
"I glanced at the guy who just got up and kept glaring at me. ""He'd lose to Karim,"" I replied.",anger,anger
"""Too slow. Too weak. Too emotional. Too self-centered. If I'm an Executioner, I won't offer my trust and loyalty to someone who can't even defend himself.""",anger,anger
Kyo bellowed in laughter while Nathalie looked conflicted.,joy,joy
"That kid's presence was overwhelming, maybe the most intense among the Executioners besides Kyo, but that wouldn't mean anything if his body couldn't keep up.",fear,fear
"""No filters and sugarcoating, huh? I like that,"" Kyo commented.",joy,joy
"I scoffed. ""I don't like toning down my words. A weak must know he's weak, otherwise, he'd be complacent.""",anger,anger
"""Naia . . ."" Nathalie called, a look of worry flashed on her face.",fear,fear
"""I'm sorry, Nathalie. I'm just saying the truth. Well then, I need to rest.""",sadness,sadness
I started walking away from them. Kyo was still chuckling but the two remained silent.,joy,neutral
"My words might be harsh but this place is harsher. His naivety would just cause more harm. If it was the other Executioners that challenged him, he'd be dead by now. He should have prepared himself before setting foot here.",fear,fear
"I was on my way to my cabin when I saw Aristus standing near it. ""Aristus!"" I called as I ran toward his direction.",joy,neutral
"He smiled upon seeing me. ""Naia.""",joy,joy
"""I just learned that you're here,"" he softly said. ""And also Nathalie . . . and his son.""",joy,joy
"""I arrived yesterday and you just heard it today?"" I noted as I squinted my eyes. ""How many days did you spend inside your cave this time?""",anger,anger
"He chuckled nervously. ""Uh, a week, I think?""",fear,fear
"""Learning and writing our history is fun. You should try it,"" he remarked as his eyes twinkled in excitement.",joy,joy
"His enthusiasm about it made me retch. Aristus is the weakest here in terms of physical abilities, but the Executioners respect his vast knowledge about our race.",joy,joy
"Aristus smirked and glanced at the isolated part of the island, which was called blood chamber, because of the red-dyed ground due to the volcano and keimusho.",joy,neutral
"""Still as persuasive as ever, huh?""",anger,anger
"Despite closing my mind, I could still hear voices inside my head as we got nearer.",fear,fear
Nathalie and Hiro would probably lose their minds the moment they stepped into this chamber.,fear,fear
The temperature in this place took up a notch and I started sweating profusely.,fear,fear
I already took off my coat and tied my hair but Aristus seemed unaffected. How could he still look comfortable with that mantle covering his body? Damn monster.,anger,anger
"I breathed deeply and willed myself to stay calm. ""Yeah. It's just . . . it's been a while since I last went here.""",anger,neutral
It became hotter as we descended and it felt like my skin and bones would just melt.,fear,fear
I could also hear the screams and cries of the prisoners and it made my head throb in pain.,sadness,sadness
Blood was splattered across his face and his blonde hair was dyed with scarlet hues. His green eyes gleamed in the dimly lit space and my skin crawled when he smiled at us.,fear,fear
"""Ah. I just finished questioning this one,"" he said as he lifted the guy by grabbing his hair.",anger,anger
"""That's good,"" Aristus commented. ""I need more information.""",joy,joy
"""I already know where that Custos is,"" Lionel said, smirking. ""Ah. I wonder what kind of punishment I should give him.""",anger,anger
"I shuddered upon hearing his words. Dale was an elusive target, even for us, yet he was already thinking of how he could make his life miserable.",fear,fear
This guy . . . he might be more frightening than Kyo. And those two are the current main force of the Jikko clan. I wonder if that kid could hold a candle to them.,fear,fear
"""Really?"" I muttered as Farallon readied the boat",anger,anger
"""That's the rule, kid,"" he said. ""You can't communicate with others within the island.""",anger,neutral
I was left alone in the middle of the sea and I realized there was a brewing storm nearby.,fear,neutral
"""Damn it,"" I muttered while getting the device the Commander gave me.",anger,anger
"""Naia,"" he greeted. ""Good to hear from you. What happened?""",joy,joy
"""The criminals have been transferred successfully, Commander,"" I reported.",sadness,neutral
Farallon still couldn't believe that those beasts could still remember me and I was the only one that could cuddle them.,joy,sadness
"""I heard you went to the blood chamber with Aristus,"" he said and my body almost trembled when I remembered what happened there.",fear,fear
"""Yeah. It was like coming back from hell.""",fear,neutral
"He snickered. ""Right. Remember when you first went there? Vince had to get you away from that place because it triggered your eyes.""",joy,joy
"Ise said I wasn't allowed to be in the blood chamber because I was still too young and weak, but I wanted to see it. Besides, I admire both Vince and Lionel, even vowing to be their apprentice, but they both dismissed me.",sadness,sadness
"Fortunately, Ise had already taught me how to conceal my presence and both of their attention were on the criminals so it was quite easy for me to follow..",joy,joy
"I thought I was doing a good job, until something happened",fear,fear
"I heard voices, several of them, crying and howling in agony and pain.",fear,fear
My head felt like it would burst any minute.,fear,fear
"When I was in the island, I never heard those voices that loud but upon stepping onto the blood chamber, I realized why they never allowed those who hadn't trained yet.",fear,fear
"It slowed me down but I thought I could control my mind. However, something made it much more complicated.",fear,fear
"The next thing I knew, he was already grinning menacingly at my direction. Everything happened so fast that I only realized my situation when I was already held by my neck.",fear,fear
"As a kid, I was beyond terrified. The prisoner took me as a hostage.",fear,fear
My neck was pressed between his chest and arms as my body dangled. The tip of the knife was digging through my cheeks and blood began to trickle down my face.,fear,fear
I was terrified and I felt something was changing in my mind and body.,fear,fear
Colors flickered in my irises and I saw a lot of people getting slaughtered and skinned by the knife that was poking me.,fear,fear
"Fear coursed through my body, not because of my situation, but because of Vince and Lionel.",fear,fear
Their eyes gleamed malevolently as they swung their scythes in the air.,anger,anger
"""Get her out of here,"" Lionel seethed as he looked at the rest of the prisoners who were as terrified as I was.",anger,fear
Vince immediately carried me and I remembered crying because he got angry at me.,sadness,sadness
"Wow. I couldn't believe that was already a long time ago,"" I said as I smiled, remembering Vince's life before he went away and died.",sadness,sadness
"""Yeah. And now all we have is his skinny brat.""",anger,anger
"""Can this be used in, say, a fight against a Shinigami?"" he asked but before Aristus could reply, Farallon was already charging at their direction.",fear,fear
"""Yes it can, brat,"" he said. ""this blade has been bathed by Shinigamis' blood since it was made.""",anger,anger
"""Yes, that's his real attitude. He only acts quiet to look like Lionel but the truth is he's a lot more savage than Vince.""",anger,anger
"""Naia,"" she called. ""Sorry if I wasn't able to talk to you.""",sadness,sadness
"""But I'm glad I got to see you again.""",joy,joy
"She smiled. ""I will, Sir.""",joy,joy
"""You rascal, you're really his son.""",anger,anger
"""Let's go back,"" he ordered and the pressure of his presence was so heavy that I felt like my knees would buckle.",fear,fear
It seems like we'll get a lot of prisoners in the coming days.,joy,joy
"That moment, I realized the Erityian race was slowly shifting . . . but I don't know if it's for the better or worse.",fear,fear
"After visiting the blood chamber, the voices I heard kept echoing inside my head.",sadness,sadness
I was itching to fight someone,anger,anger
"By nightfall, everything in the island was already engulfed in darkness.",fear,fear
Hearing that voice made me shudder.,fear,fear
My hands instinctively reached my sword and swung it at the presence behind me.,anger,anger
"Blood splattered on my face and on the floor, stunned to see Kiyoko's smiling face.",fear,fear
That made me chuckle since that was quite true. Being eccentric and radical is the normal here,joy,joy
"""After what happened to Senshins and Custos, a lot of criminals will be transferred here,"" she explained. ""They are preparing for that.""",fear,fear
"""Yeah."" A hint of sadness flashed across her face.",sadness,sadness
"""And you know furious they are at them.""",anger,fear
Vince's face zoomed inside my head and how the rest of the Jikko clan acted when they received the news of his death.,fear,fear
"""Because of what happened, they even harbor resentment to Hideyoshi and the administration,"" she continued.",anger,anger
"""Ise completely cut the communication between them because trusting them cost him his grandson's life.""",anger,anger
My heart almost sank upon hearing Ise's name. I grew up with Vince and Ise was particularly strict on him.,sadness,sadness
He would always say that he should never lose a fight because that's a disgrace as a Jikko.,anger,sadness
"She smiled. ""Yup. Apparently, he sneaked out of this island when he was a teenager because if he stayed, he'd be named as the chief of the village.""",joy,joy
"Although some of my memories were hazy, I remembered Ise getting furious when a letter suddenly arrived from the outside.",anger,anger
Yeah. The fate he wanted to avoid caught up to him. I guess he was really meant to lead this clan before the true heir steps in.,sadness,fear
My nerves finally calmed down after talking to Kiyoko. I was grateful that she came here.,joy,joy
My breath caught in my throat as I stared at her. It didn't even occur to me that she didn't have any idea about what happened to team Magnus. Her eyes looked at me expectantly and I felt awful after remembering his last moments.,sadness,fear
"""I . . . I'm sorry,"" I mumbled, my voice trembling.",sadness,sadness
"Her expression tightened and before I could explain anything, she had already averted my gaze. I could feel an overwhelming pressure from her presence and I willed myself not to step back even though it was getting suffocating",fear,fear
"Kiyoko started walking away without a word. I heaved a sigh, worried about what she would do. Nel said Kiyoko was nice and sweet but her expression a while ago was far from that.",sadness,sadness
"My body automatically reacted to his presence, jumping back and assuming a defensive stance. Kyo burst out laughing after seeing what I did.",joy,joy
Damn it. Why was he even here?,anger,anger
"He cackled. ""Reds are so hard to persuade.""",joy,joy
"""Besides, I'm a Keeper,"" I added and smiled. ""I am needed to make sure everyone stays alive.""",joy,joy
"A subtle smile appeared on my lips. ""I think so, too. But I prefer this kind of life now.""",joy,joy
"""Well, that's disappointing,"" he commented while scratching his head.",sadness,sadness
"""What an arrogant brat you are.""",anger,anger
"""Thank you, Commander,"" Nel said.",joy,joy
There was a few seconds of silence and it looked like they were planning something.,fear,fear
"After our encounters with the Nox, Nel was becoming more and more like a captain.",joy,joy
"Well, I couldn't sleep the whole time I was there and staying there was mentally draining, I wanted to say but I just smiled instead.",sadness,sadness
"Before I could explain how far I was from Romania, she had already ended the call. That freaking girl. Did she just cut me off? Damn it. I'm going to break her bones once I get there.",anger,fear
But . . . I didn't expect I'd miss their voices that much. I couldn't wait to be with them again.,sadness,sadness
It felt strange to be alone in this still and silent ocean after staying for days in Shima,fear,fear
"An hour later, I received a holographic call from Cliff. His face flickered in front of me, and even though the quality wasn't good, I could see the horror on his expression.",fear,fear
"He drew a shaky breath and I realized he was still gripping the seatbelt tightly. ""We're going to die.""",fear,fear
"""Oh, c'mon, you cowards!""",anger,anger
"Cliff was on the passenger's seat, horrified as the car seemed to accelerate.",fear,fear
Nel looked thrilled after days of being confined.,fear,fear
"And there at the back seat was Jett, whose face was already as white as chalk.",fear,fear
"I heaved a sigh. ""Nel, stop tormenting their poor souls.""",anger,anger
"It turned out I needed at least three days to go there so in the end, I couldn't participate.",sadness,sadness
"Well, she said they could only bring two companions so I guess she really didn't need me to be there.",sadness,sadness
"""Alright, don't worry, I'll keep you three alive.""",joy,joy
"""I think I'll die before we can reach Romania—""",sadness,sadness
"Before I could see his expression, the line went off. I was alone again in this vast ocean.",sadness,sadness
"""Be careful. There are Shinigami and Nox bases in Europe.""",sadness,fear
"I was still in the middle of the Pacific Ocean and it would take me a day to reach Japan. Fortunately, my devices were working well.",joy,joy
"Fortunately, everyone seemed to be humdrums. ""It's safe,"" I concluded.",joy,joy
"My lips curved up, remembering their terrified expression a few hours ago.",joy,joy
"Want me to carry you? Cliff asked, chuckling. ""Kiddi—!"" Before he could even tell he was just joking, Nel was already climbing on his back.",joy,joy
"Jett started walking, maybe afraid that Nel might do that to him, too.",fear,fear
"""See that yellow tree over there?"" I said, raising my voice.",anger,anger
"Something's written here, Jett remarked and I told Nel to look at the boulder.",fear,fear
"They followed the direction but they halted when the path ended with a cave. ""Should we enter this?"" asked Cliff.",fear,fear
"It took them thirty minutes to finally find the exit, but before I could see it, the connection was cut. I couldn't hear nor see anything.",sadness,sadness
"""Hello? Nel? Cliff? Jett?"" Nothing. I tried calling them again but to no avail. They weren't responding",sadness,sadness
"For a second, I was worried, thinking that they got buried before they could leave the cave.",sadness,fear
I threw my device on the raft and heaved a sigh. I wanted to know what was going on but there were no ways to contact them anymore.,sadness,neutral
I just hope they are safe.,fear,fear
"""Yeah. That kid is cool.""",joy,joy
Nel was too excited to tell me what happened during the meeting of the four tribes.,joy,joy
"Honestly, I didn't expect it to be successful because of the Shinigami tribe.",joy,joy
"Neo-classical buildings, museums and monuments were scattered all over the city. It felt like I was pulled back in the medieval period because of the architecture and arts around me.",joy,joy
He went inside the building and vanished from my sight.,sadness,neutral
"Every step I took echoed through the room. When I arrived at the central hall, I almost got decapitated.",fear,fear
"""Who are you?"" a seven-foot tall man demanded as he swung his sword.",fear,anger
"They all lunged at me, their weapons ranging from blades to blunt to guns.",fear,fear
"My mind was suddenly filled with angry and agonizing voices, as if I was back in Shima.",anger,anger
"Rage and thirst filled my head. The next thing I knew, the polished floor was already flooded with blood.",anger,anger
"Within a minute, the only one left was the first guy who discovered me. His hands were trembling as he pointed his sword at my direction.",fear,anger
"Before he could take a step backward, my sword had already pierced his throat.",anger,anger
"""Hi,"" I greeted.",joy,joy
"They didn't greet me back. Instead, they seethed in rage as they saw the scarlet floor where their lifeless comrades were.",anger,anger
I was about to make the first move but I halted when I saw people coming behind them.,fear,fear
"My blood ran cold when I saw two children, a girl and a boy and maybe about seven to ten years old, stood in front of them, their eyes vacant of feelings.",fear,fear
I drew a deep breath trying to calm myself but seeing those two made it difficult.,anger,anger
A wave of fury stirred in my chest as they commanded the children to attack me.,anger,anger
My heart tightened as both of them lurched at me.,anger,anger
"When I looked at the two kids, they crumbled down on their knees and collapsed.",sadness,fear
I let my rage control me.,anger,anger
"With my sword bathed in blood, I slashed everyone at every direction.",anger,anger
Cursing them inside my head after what they did to those children.,anger,fear
It took me a few seconds to calm down.,anger,anger
"When I looked around, a shiver went down my spine.",fear,fear
Nel looked horrified as he stared at the bloodbath but her expression softened when he saw the two kids lying unconscious on the floor.,fear,fear
I heaved a sigh as lifeless bodies in a pool of blood surrounded me.,sadness,sadness
"I smiled at them. ""Sorry, I can't be a good Keeper.""",sadness,sadness
"With my remaining strength, I walked at their direction. Finally, we were together again.",joy,joy
"After what had happened in Romania, they seemed to be more nervous around me.",fear,fear
"I had been suppressing my Executioner instinct since I left the island a few days ago, vowing not to let my emotions control me, but I lost it during the mission.",sadness,sadness
"I had been seeing those flashes since I first held this gun, which was several years ago already, but they still bothered me every time.",sadness,sadness
"""Are you going to retrieve this from me?"" I asked. ""Is it too dangerous in my hands?""",fear,fear
"""You look dangerous even without any weapon. Don't you know how scary you are?""",fear,fear
I failed to suppress a smile after hearing that from him.,sadness,joy
"""So, you're not for this,"" I noted.",sadness,sadness
"""His expression darkened.""",anger,anger
I could feel the tension on his shoulders as he continued playing with his pistol.,fear,fear
"""Aren't you terrified after seeing that?"" I returned.",fear,sadness
"""I think you're stronger than Nel,"" Cliff remarked which earned him a punch from Nel.",anger,anger
"""Why did you even become a Keeper?"" Jett added. ""You belong in the frontline"".",anger,anger
I heaved a sigh and smiled,joy,joy
"I was a wild kid back then. You know, when I arrived in our headquarters, the first thing I did was pick a fight with the Commander.",anger,anger
"""Well, I was raised . . . differently, so I didn't know how to act in front of people.""",sadness,fear
I couldn't continue what I was going to say because of the sudden turbulence. A holograph flickered on the windows of the plane and Commander's face appeared in front of us.,fear,fear
"""Team Optimus, well done,"" he said, ""but I have another mission for you and this takes priority.""",joy,joy
"The four of us exchanged looks and nodded. ""Roger!""",joy,joy
His face flickered and disappeared after sending the message. The air was suddenly filled with tension,fear,fear
"Jett shuffled his guns, getting ready in case a commotion breaks out.",anger,anger
Jett and I exchanged nervous looks,fear,fear
"My mouth hung open when I saw two figures scrunched down the floor. Zeno and Dale were bloodied, just like the rest of the Executives.",fear,fear
Von had visible gunshots on his shoulders and leg but he didn't seem to mind them. Fenn had it worse. He had deep cuts on his hands and a long gash from his right to left cheek.,fear,fear
"That was a lot dangerous than the headgear invented by the Senshins. But to contain the Nox leaders, I guess they had to take risks, especially against their dangerous animus.",fear,fear
Dale could turn invisible for a few seconds and Zeno could paralyze the nerves of a person using his blood.,sadness,sadness
"""This marks the end of Nox,"" Von said as he looked at Dale with a pained expression.",sadness,sadness
"I'm sure they were still affected since they grew up with him. They were his team, his comrades, but he betrayed them because of his vision and beliefs. Fighting him must have been hard for them. ""Let's go home,"" Yue said",sadness,sadness
"We started leading them to our aircraft, our feet heavy with burden and responsibilities",sadness,neutral
Nox has created hatred toward humdrums and vilified their existence.,anger,neutral
He knew his silence would just bring more harm to the tribe.,fear,fear
"""And maybe that's one of the reasons why our fellow agents fell into the wrong side,"" he continued.",sadness,anger
"After his speech, he informed them the Executives were currently resting due to the injuries they got.",sadness,sadness
He also gave new missions to the teams present and said he would be counting on them.,joy,joy
"For the first time in a long time, I relaxed my mind after putting up walls to protect my thoughts.",joy,joy
"""Why can't he be a normal leader?"" she grumbled.",anger,anger
Silence filled the room. She must be also exhausted after our mission.,sadness,fear
"""Sleep well,"" I muttered, and I also slumbered.""",joy,joy
I sat up groggily and pulled my device from my pocket and there was a message from the Commander.,sadness,neutral
"""I assume you already know why you're here,"" he said",anger,anger
"With what had transpired before the capture of Dale and Zeno, I already had an idea about what he wanted me to do. My expression hardened",anger,anger
"""Yes, Sir,"" I answered.",sadness,sadness
He looked at me with his intense red eyes and it felt like seeing the Blood Chamber from them.,fear,fear
"Commander's face darkened. ""The cells will disintegrate once it gets teleported. The headgears will weaken them, but I doubt it would stop them once they resist its effect.""",anger,anger
"She raised her eyebrow. ""I thought we have a mission?""",anger,fear
I must have looked really confused because they all started snickering at me.,fear,fear
"""What the heck are you talking about?""",anger,anger
"""Slow down,"" Cliff said with gritted teeth.",anger,anger
"""This is already slow,"" Nel retorted.",anger,anger
"If I were on my right mind, I would have laughed, but Nel's speed was just making me more distressed.",anger,anger
"""We're going to die,"" Jett muttered shakily, his face already pale with terror.",fear,fear
Nel sped up and both of them cursed as they cried for their lives.,fear,fear
I could still see the scars on her arms and I remembered how she almost died during the fight against the Navis.,sadness,fear
"She lost her mother for the second time and now she would lose Dale, too",sadness,sadness
"""I'm curious about your previous life,"" she said. ""You know, we've been teammates for so long yet I only know a few things about you.""",sadness,sadness
"""My life's not that interesting,"" I retorted.",sadness,sadness
My childhood in Shima was kept a secret and I was grateful that the Commander didn't break his word.,joy,joy
My parents were still considered traitors and I'm sure people wouldn't see me any different if they learned about them.,sadness,sadness
"In times like this, I missed him to the point that it felt like I was back to being a child again.",sadness,sadness
"When I traveled here few weeks ago, I felt alone and restless, not knowing how long I would drift in the middle of nowhere.",sadness,sadness
"But this time, it was kind of calming knowing I had my comrades with me. They wouldn't be probably allowed to enter the island but knowing that the three of them would be mwaiting for me outside was already reassuring enough.",joy,neutral
I smiled at them and stole a snack from Jett's supplies.,joy,joy
"""Mentally draining, isn't it?"" I said while inspecting my sword.",sadness,sadness
"""I can't even imagine how I'm going to survive if I'm alone. How do you even do it?""",sadness,sadness
"The temperature suddenly dropped and the sky turned gray. A swirl of mist and thick fog enveloped our surroundings, obscuring our vision. Each of them assumed a defensive stance, their weapons ready.",fear,neutral
"I stood at the front of the raft. ""We're here."" As soon as I said those words, a smaller raft appeared and got wafted to our direction. I turned to them and smiled.",joy,joy
"""Sorry. I'm the only one who can go inside.""",sadness,sadness
"""Until I return. Don't do anything. Don't look for me. Just stay here and wait.""",anger,anger
"I stared at Jett and smirked. ""You'd be dead before you can do anything.""",anger,anger
I could feel the chills crawling onto my skin and I had to keep myself from shivering. The menacing aura was way more intense and blood-chilling than the last time,fear,fear
"""Why are you here again?"" asked Farallon who seemed displeased with my presence.",anger,anger
"""I have a delivery,"" I retorted. ""Kind of grand prize material."" That made him relax for a bit",joy,joy
"I chuckled. ""Jealous?""",joy,joy
"""Shut your mouth,"" Naia.",anger,anger
"""Why are you here, kid?"" he asked in a disgruntled tone",anger,anger
I had to choke back the creeping fear on my throat.,fear,fear
"""Well, he wants to end this Nox problem as quick as possible.""",anger,joy
"A burst of light, along with shrapnel shells, exploded, wounding several Executioners but they didn't even budge from where they stood. Two figures appeared; their headgears already destroyed. I drew my sword but before they could even check their surroundings, the curved blades of the scythes were already around their necks.",fear,fear
"Kyo chuckled menacingly. ""Welcome to my island, traitors.""",anger,anger
Lionel asked if I would want to accompany them in the Blood Chamber but I declined. That place wouldn't be good for my state of mind right now.,fear,fear
"I almost swung my sword when I heard a voice behind me. Fortunately, Aristus' voice sounded familiar and I was able to restrain myself.",anger,anger
"""You know, you almost lost your head,"" I said as I got my hands off the sheath",fear,sadness
"""Speaking of that, why is everyone acting weird?""",fear,fear
"Before I could hear his explanation, I felt something eerie. My skin tingled and I felt an unfamiliar presence.",fear,fear
The Shinigami felt my presence and drew a dagger.,anger,fear
"We exchanged blows, trying to outmaneuver each other, but despite using a shorter blade, he was keeping up with my attacks and speed.",fear,fear
"""Who are you?"" I grumbled, ""and why are you here?""",anger,anger
I thrust my sword and it gashed his right shoulder,anger,anger
"I'm the one asking questions, I retorted. ""You have no right—""",anger,anger
"My knees buckled, as if my strength were being sucked out.",fear,fear
Did he use his sixth sense?,fear,fear
"""Stop. Both of you.""",anger,anger
"""H-he's a Shinigami . . ."" I muttered, still disoriented from that strange attack.",fear,fear
"""He's looking for someone,"" answered Kiyoko. ""That's why everyone is agitated.""",fear,fear
"""Sorry for the distress I caused,"" he told Kiyoko.",sadness,sadness
"She smiled. ""It's alright. They just can't believe a Shinigami can be different from what they are used to. Though I know a couple of Shinigamis like you.""",joy,joy
"He, too, smiled upon hearing that.",joy,joy
"They exchanged looks and he flashed a subtle smile. ""Someone who can turn the tide in the fight between the Shinigami factions.""",joy,joy
"Darwin bowed at her. ""Thank you.""",joy,joy
"""I know you're mad,"" said Kiyoko who was looking at the same direction. ""I, too, despise the Shinigamis with all my heart.""",fear,fear
"I, too, wished I could kill every single one of them, especially those who caused Vince's demise. I wanted to avenge him.",anger,anger
"She chuckled softly. ""I will tell him. Good work on bringing the criminals here. Goodbye, Naia.""",joy,joy
She reached for her pocket and she held out the tip of a broken spear. She smiled at me but her eyes showed concern.,fear,fear
My heart almost sank when I realized what it was.,sadness,sadness
My hands started trembling and it felt like I was a child again.,sadness,sadness
"""This was the spear that killed him,"" she confirmed.",anger,anger
I winced upon hearing her story and remembered how it happened.,sadness,fear
"I drew a shaky breath and reached for the spear. The moment my finger touched its blade, a flash of memories flooded my mind.",sadness,anger
A Shinigami annihilating a group of humdrums. Heads rolling on the ground. A dungeon where Shinigamis get tortured. A girl whose green eyes were seething with hatred . . .,anger,anger
"""Are you okay?"" Kiyoko asked with a worried tone.""Y-yes,"" I weakly said. ""I'm . . . I'm okay. Thank you for this.""",sadness,sadness
"""Naia,"" she called. ""Say hello to Nel for me."" I will.",joy,joy
Do you know how difficult it is to keep these two from entering the island?,fear,fear
"""What?"" I asked",anger,anger
What's wrong with them?,anger,anger
They're just worried about you. You spent almost three hours there.,sadness,sadness
"Heh. When did you guys become so clingy? ""I am not clingy,"" Nel retorted. ""It's just that this place is giving me the creeps.""",anger,anger
"""She's right,"" Jett added.",sadness,sadness
"I already told you that this place isn't normal. Oh well, we're leaving.",fear,fear
"""I'm glad you're safe,"" Nel suddenly said, breaking the silence. I . . . I really thought you're not coming back to us.",joy,joy
"I looked at her, but she kept her gaze in front of her",sadness,fear
"A smile escaped my lips. ""I'm a Keeper,"" I said. ""I need to stay alive and safe to keep my team from dying.""",joy,joy
"""Whoa, careful!"" Cliff cried as he tried to balance the raft. ""Nel, you're crushing her,"" Jett commented. ""Yeah. You're a Keeper so please don't do anything dangerous, or else, we'll die,"" she muttered, ignoring the guys' comments.",fear,fear
"I chuckled and patted her back. ""Roger, Captain.""",joy,joy
The smile didn't leave my face as we drifted farther away from the place that I once called home,joy,joy
We're going home.,joy,joy
Cries of terror and anguish.Weapons clashing against each other,sadness,sadness
"Naomi's thoughts flooded my mind as Mitsuo collapsed on his knees, refusing to slump on the ground even on his final breath",sadness,sadness
My heart sank upon seeing two of my friends in the brink of their death.,sadness,sadness
Ah . . . I think it's time . . .' she muttered.,fear,sadness
"Mitsuo coughed blood but he remained looking in the sky, the rain falling down his face.",sadness,sadness
"His eyes were already closed but I could still hear his faint voice in my head. Run away, Nathalie,' he mumbled, a smile of resignation on his face. Please don't look back. Save yourself. Save yourself . . . Don't worry . . . I . . . I will always remember you . . . N-Nathalie . . .",fear,fear
"""Assist Naomi!"" shouted Mayu.",anger,anger
"""Don't look back,"" Akira said, repeating Mitsuo's words. ""Go forward and leave this place, Naomi.""",fear,fear
Please be safe.,fear,fear
"""Protect everyone,"" he ordered in a blood-chilling tone. I don't want to lose another life tonight.",anger,anger
"""We will,"" I replied. ""So please, end this war, Hideo.""",fear,fear
"""They are safe,"" I whispered as I tapped his shoulder. Don't worry. Naomi is strong and Hideo will take care of your son . . . My voice faltered and tears started streaming down my face. You will stay alive in our memories. You can rest now.",sadness,sadness
"""This is the only time we can honor their death,"" he said, his voice filled with grief.",sadness,sadness
The Council will surely question their ties and loyalty.,fear,fear
"""Rielle Miyamoto. Vince Alejandrino,"" Hideo said. ""Remember their names.""",sadness,sadness
I walked aimlessly as I tried to take in everything that happened.,sadness,sadness
My feet steered me to a familiar place and the tears I was holding back streamed silently down my face.,sadness,sadness
My knees buckled as the sword I was gripping tightly dropped on the ground.,sadness,sadness
I wasn't strong enough to save my friends.,sadness,sadness
I wasn't strong enough to accept their death.,fear,fear
I wasn't strong enough to keep my tears from falling.,sadness,sadness
I didn't want to see their lifeless bodies.,sadness,fear
"It was hard to stay focused when, at the back of my mind, I was still thinking about Akemi and Mitsuo.",sadness,neutral
"My instincts and rage took over. I summoned a spear, and along with my sword, I swung both weapons at their direction.",anger,anger
"The spear pierced the Shinigami's chest, just like what they did to Mitsuo, and my sword punctured the other's throat, killing him instantly.",anger,anger
I pulled my weapons out of their bodies and their blood splattered onto my face and clothes.,anger,fear
"I wanted to kill them for the second time, to see the despair in their eyes, and that moment, I realized this must be how Hideo had felt earlier.",anger,fear
I drew a shaky breath and found myself trembling in anger and grief.,anger,anger
Is . . . is she . . . alive . . .,fear,fear
"""T-tell me . . ."" he groaned in pain, ""she's . . . s-she's still alive, isn't she?""",fear,fear
Y-you . . .,sadness,joy
"""Just tell me!"" he cried in anger.",sadness,sadness
"I stifled a sob and slowly shook my head. ""Akemi . . . s-she's . . . she's . . . dead.""",fear,fear
"""No . . ."" he muttered, a pained expression on his face. ""That can't be true . . . s-she . . .""",sadness,sadness
He tried to stand despite the amount of blood he had lost and grabbed me by my shirt's collar. You . . . d-don't lie to me or I'll fucking kill you.,anger,anger
He was bleeding too much. I was physically and emotionally drained but I had to help him.,fear,fear
"""This would conceal her presence even to trackers,"" Mayu said after I suggested to let Akemi live in my cabin, ""though hers is too strong to be masked completely.""",sadness,sadness
"""Lucky you,"" I muttered as I looked at the sky covered with fireworks.",anger,anger
I walked through the Latens forest and saw the pools of blood on the ground.,fear,neutral
Is she okay?,sadness,fear
"""He's in the Council House,"" she replied and I could see the worry in her eyes. He wants them to honor their death but I don't think they will.",sadness,fear
Someone's there!,anger,anger
Don't move!,anger,anger
"You'll be dead in a few hours if you don't stop,' I said.",anger,anger
Stop ma—,anger,anger
"""I didn't mean to . . ."" My voice trailed off when I saw his intense green eyes in this dimly-lit space.",fear,fear
"""Why did you save me?"" he asked",sadness,anger
"""Because you're her friend,"" I answered. Friend . . .",sadness,sadness
Why can't I leave?,sadness,sadness
I don't care. I'll kill them if I have to—,anger,anger
"""You're not killing any of my comrades,"" I warned as I summoned a longsword. ""Did she suffer there?"" I asked, breaking the silence.",anger,fear
"I didn't want anyone to see me crying anymore. ""Was she happy here?"" he suddenly asked.",fear,fear
"""She was,"" I muttered, reminiscing the times we were still with her.",sadness,fear
"""Save me . . . please . . ."" Rielle cried while clutching my arm. One of her eyes was missing and blood was gushing from her eyes socket. ""I want to live . . . Michiko . . .""",fear,fear
"""Yeah. I don't need another patient,"" she said, a hint of melancholy in her voice.",anger,fear
"""She needs rest,"" she replied. After . . . after what happened, she lost control over her sixth sense. Hearing everything and everyone around her must have been too much.",sadness,fear
"She smiled. ""Mayu is quite busy. Take care of him.""",sadness,sadness
Don't worry about us. Don't worry about your family. I'll take care of them until you're back.,sadness,sadness
"""They won't allow it,"" he muttered as he looked up in the sky. ""I don't know what to do anymore.""",sadness,anger
"""You need to sleep,"" I said as I looked at the bags under his eyes.",fear,joy
"""I might dream about her and our daughter,"" he softly said and then came a subtle smile, ""and I might not want to wake up.""",sadness,sadness
Take care of him.,sadness,sadness
"""Please look after him,"" I mumbled and she meowed in return.",sadness,sadness
"""Not even a spirit tablet or a shrine,"" Mayu mumbled while we were quietly sitting in front of her grave.",sadness,sadness
"""The world is too cruel to you,"" I said. I'm sorry if you were alone during your darkest time. ""You're home now."" My voice cracked as I tried to hold back the emotions stirring inside me. You may rest now, Akemi. You're not alone anymore.",sadness,sadness
"I might dream about her and our daughter, and I might not want to wake up.",sadness,fear
"""Sir Ise,"" Sir Hideyoshi called but the old man shot a glare at him.",sadness,anger
Wow. I didn't know someone could look at the leader of our tribe like that.,fear,fear
That man was downright frightening,fear,fear
"""Stop it,"" Sir Hideyoshi said with a cold tone and the elders looked rattled.",anger,anger
Old man!,anger,anger
And did he just call someone an old man? Was he referring to the head of Shima?,anger,anger
"""Sir Ise, please,"" he said and few seconds later, Sir Kyo collapsed on his knees, panting.",sadness,sadness
"""I trusted you,"" the old guy muttered while Sir Kyo remained bowing down.",anger,anger
How dare you dishonor his death. How dare all of you to reject his existence in this place.,anger,fear
I wondered if that was his sixth sense. What exactly did he do for them to act like that?,anger,fear
I'll let you feel the wrath of the Jikko clan. I will make sure you will never see the peace you're yearning for.,anger,anger
"""I will kill the Shinigamis who made him suffer,"" he seethed in anger, ""and I will tear this place down. Call us traitors, I don't care. You are all traitors to our eyes. The Jikko is now your enemies.""",anger,anger
"""Thank you for acknowledging my grandson,"" he said and I saw Hideo's shoulders flinch.",sadness,sadness
"""If it weren't for you and his . . . friends, this place would already be in ruins,"" the old guy said.",sadness,sadness
I'll give you a chance. Listen to this young lad.,sadness,sadness
"This time, I'd make sure they would live the life they deserve.",joy,neutral
I sighed after dressing my wounds.,sadness,sadness
"""Ah. Michiko,"" he greeted.",joy,joy
"I smiled at her. ""Listen to your mother, okay?""",joy,joy
"""Hideo!"" I called as I plopped to the couch near his desk.",anger,anger
"I shrugged. ""Training.""",fear,fear
"You should be resting, not tiring yourself out.",sadness,sadness
"""I can stay awake for days,"" he returned.",sadness,sadness
"""I can read your thoughts,"" he suddenly said. ""You're getting careless.""",sadness,sadness
"""They changed their verdict,"" he replied. ""They're allowing us to bury him here.""",fear,fear
"""With Mayu,"" he replied as he heaved a sigh. ""I can't take care of him right now.""",sadness,sadness
"He nodded. ""I will. I promised them that.""",fear,fear
"""None for you,"" he said.",anger,anger
I won't allow you.,anger,anger
Not until I'm confident enough to let you go.,sadness,fear
"""Hey, don't worry, you won't lose me,"" I softly said.",fear,fear
"That's what they said, too.",sadness,sadness
"""I won't promise, but I'll try to cling to life, even if death would be better,"" I said. Hindi ko kayo kayang iwan. At saka, hoy, don't underestimate me. There are times na mas malakas ako sa'yo.",sadness,sadness
"He chuckled lightly. ""Right.""",joy,joy
"""Leave,"" he said, cutting me off.",joy,joy
"Thank you,' he said and I smiled upon hearing that.",joy,joy
"""W-why . . ."" he asked with difficulty, ""can't I . . . m-move my body . . .""",fear,fear
"""It wasn't,"" I murmured, trying hard not to cry.",sadness,sadness
"We're enemies,' he suddenly said. ""You don't have to act nice. I hate you, too, for what you did to her.""",anger,anger
"Huminga ako nang malalim at sinarado ang isip ko. ""My enemies are those who made her suffer,"" I replied. ""You helped her. You're her friend.""",sadness,sadness
"He scoffed. ""Friend? What bullshit is that?""",anger,anger
"Ah, right. You don't use terms like that.",sadness,sadness
"He glared at me, which was kind of scary. ""I am her Elite. Her subordinate. I just did what I had to do.""",anger,fear
"Piss off, Senshin. You don't fucking know anything.",anger,anger
I said fuck off.,anger,anger
"""Could you shut up?"" he growled. ""What an ugly laugh."" Wow. Gwapo? Ugly ka rin.",anger,anger
"""Protect, huh?"" he muttered while we were searching for books in the shop.",anger,anger
"Yup. First, protect him. I mean, I think that's what a parent does first. Then, take care of them?",sadness,sadness
"""Shit,"" I cursed under my breath as the tigers lingered below the tree where I was.",anger,anger
Kill to protect. That's the only way.,anger,anger
"Michiko, protect them for me.",fear,fear
"Now, I'm scared to sleep, too.",fear,neutral
What are you doing there?,anger,anger
"""Michiko,"" he carefully called. ""Could you—""",fear,fear
I told you to be careful.,fear,fear
"""Come on, it's just the usual training injuries,"" I retorted",sadness,sadness
Are you a doctor?,fear,fear
You'll either get killed or get experimented. Like what the doctors did to Rielle?,sadness,anger
"If you want to blame someone, then it should be the Council, not her. Besides, what your tribe did was worse.",anger,anger
"""You can move now?"" I murmured.",sadness,sadness
"""Just my upper body,"" he said in a hoarse voice.",sadness,sadness
Are you sure you're okay staying in that cabin?,sadness,sadness
Stop making me their babysitters!,anger,anger
"No, Hideo, Mayu replied. You can't.",sadness,sadness
"""But it's dangerous, Michiko,"" Mayu warned.",fear,fear
"I gave her a smile. Oh, you know I love danger.",joy,joy
"""I can't teach!"" I retorted. ""No, I don't want to teach!""",anger,anger
I won't be a teacher!,anger,anger
"""I can throw things now,"" he announced as he slowly rotated his right wrist.",anger,anger
"""Have you been imprisoned?"" he asked.",anger,anger
"""I hope you can walk soon,"" I murmured.",sadness,sadness
"""Oh, wow, I'm scared,"" I flatly commented.",fear,fear
"""I'm going to kill you one of these days,"" he murmured.",anger,anger
"""I hope I won't come back dead,"" I chuckled.",fear,fear
"""You won't,"" she replied. ""I'm here.""",sadness,fear
"""Don't worry, I won't do that yet.""",sadness,fear
"""Weakling?"" he snapped. ""You—""",fear,fear
Who's the weakling now?,fear,fear
"I sighed and smiled. ""Finally.""",joy,joy
What the he—why did you use your hand?!,anger,anger
"Lumapit ako sa kanya. ""What did you find out?",fear,fear
You're going to be a great instructor.,joy,joy
I was about to open the door when I felt something strange.,fear,fear
"Five years after the tragedy, another wave of devastation plowed through us, but this time, I crumbled and wished death was the better option.",sadness,sadness
"""Ma'am Michiko!"" she beamed while waving her hands excitedly.",joy,joy
"""Sorry if I can't take you.""",sadness,sadness
"""She just broke down,"" I remembered her saying.",sadness,sadness
"""Should we wait for you?"" the pilot asked. ""Alright. I hope I'd be done by tomorrow,"" I replied",fear,sadness
"""Sorry, can't understand Russian,"" I replied, shifting my gaze back to the humdrum.",sadness,sadness
"""This won't hurt,"" I whispered. ""I promise.""",sadness,sadness
"Family is such a weakness, isn't it?",sadness,sadness
"""Just give up and let us kill you painlessly,"" one of the Reapers said while reloading her Glock",sadness,anger
"""Don't you dare talk about them,"" I seethed, anger and pain swelling in my chest. They won't die . . . they can't.",anger,anger
"""Don't worry,"" he added, ""you'll see her soon in the afterlife—!""",anger,joy
SHE'S NOT DEAD! SHE CAN'T BE DEAD!,fear,fear
"""You fucking Senshin!"" the other Elite shouted in anger",anger,anger
"""Shit,"" I cursed under my breath.",anger,anger
"""I'm sorry . . ."" I quietly sobbed as I thought about my friends",sadness,sadness
"""For whom was that sorry for?"" he asked, his eyes still focused on the Shinigamis in front of him.",sadness,sadness
The daughter of that damned Aiwa is dead.,sadness,anger
"""How did you find me?"" I asked, trying to distract myself from my devastating thoughts",fear,fear
"""I felt that way before, too,"" he suddenly said. ""I wanted to kill the people who made her that way.""",sadness,sadness
"""M-Michiko . . ."" she sobbed. No . . . don't show yourself . . . please . . . Vivien . . . my daughter is coming . . . please . . . save her . . . d-don't let her . . . see this . . . please . . .",sadness,sadness
"""Don't come here . . . Vivien . . . please . . ."" Akira repeatedly mumbled and that broke my heart into pieces.",fear,sadness
"""I'm . . . sorry . . . I'm sorry . . . Michiko . . . please t-take care of her . . .""",sadness,sadness
"""No, no, no. Come one, Akira, please . . ."" he mumbled. This isn't the time to joke around . . . come on, open your eyes.",sadness,fear
"""Please . . . your daughter is here . . . don't do this . . . please . . .""",fear,fear
"""Please . . . leave us alone first . . .""",fear,fear
"""Hideo,"" I softly called. ""Stop it.""",fear,fear
"""She will!"" he snapped as silent tears fell from his eyes. ""She has to . . .""",anger,fear
Let me go.,anger,neutral
Just stay here . . . please . . . don't go . . .,fear,fear
"""I . . ."" His hug got tighter. ""I can't lose you, too . . ."" he sobbed.",sadness,sadness
Or do you want me to kill myself right here?,anger,anger
"""It's my fault,"" his voice wavered. ""I . . . I shouldn't have allowed everyone to leave . . . I . . . It's all my fault . . .""",sadness,sadness
"""It's not your fault,"" I softly said.",sadness,sadness
"""I'm . . . I'm tired of hearing promises . . ."" he mumbled.",anger,anger
"""He isn't okay,"" he murmured and he looked at me for confirmation",sadness,sadness
Still returning the favor. huh?,sadness,sadness
"""Tough day, huh?"" he suddenly commented.",sadness,anger
"I didn't want to go there. I didn't want to see their lifeless bodies. Or else, I might break down again.",fear,fear
"He took everything away from me. Now, I will do the same.",anger,anger
You sure you don't need Yuuki to treat those horrible wounds?,sadness,sadness
"But your well-being is not,' she returned as I heard her footsteps nearing.",sadness,fear
"""You shouldn't have promised,"" Mayu added.",sadness,sadness
N-no . . . I . . . it's not . . .,sadness,fear
"""I'm sorry,"" I sobbed as I tried to keep the dagger from digging through my skin. ""I . . . I'm really sorry . . .""",sadness,sadness
"Unti-unti nang nanghihina ang katawan ko. I was about to give in and let them overwhelm me when I heard a faint voice. Hey, come on, wake up.",fear,fear
"""Done crying?"" he asked and I scowled in return.",sadness,sadness
"""Here,"" he interjected as he handed me a note where several names were written.",sadness,anger
"I scoffed. ""Are you now following Akemi's path?""",anger,anger
Why are you curious?,fear,fear
"""I'm not,"" I muttered and he smirked in return.",sadness,sadness
"""I can tell you,"" he taunted.",fear,fear
"""Be careful,"" I blurted out. He halted but he didn't look back.",fear,fear
"""Hey,"" I called, and this time, he turned around. ""I saved your life, so please don't die.""",sadness,sadness
"I saved yours, too, so you're not allowed to die, unless I'm the one doing it.",fear,fear
"""Yeah,"" he mumbled. ""What should I do?""",fear,anger
"""There,"" he said and I inhaled sharply when I saw Naomi emerging from the forest with a teenager who looked like Akemi.",sadness,sadness
"""Welcome back,"" Hideo and I both greeted.",joy,joy
"""Yes. Please let me,"" she replied. ""Besides, I have a debt to pay.""",sadness,neutral
Of course. I'll find Haruka.,anger,neutral
"""Worried?"" he asked",sadness,fear
"I scoffed. ""Why would I?""",anger,anger
"""Where the hell are you?"" I mumbled, wondering if he would ever come back . . . if he would stay true to his words that he wouldn't die.",anger,anger
"""Rainie . . ."" The mention of her name made Hideo's presence stronger. ""she was taken by some Reapers.""",fear,fear
"""Michiko,"" he called in a controlled tone. ""Gather everyone.""",sadness,sadness
"His eyes were burning with rage. ""A council of war,"" he replied.",anger,anger
"I can't bear losing her, too.",sadness,sadness
"I sighed, ""Okay. Just tell me if you're ready,"" I added. ""We need you here.""",sadness,joy
"""Yeah."" There was a hint of pain in her voice. ""This time, I won't run away.""",fear,fear
"""Don't worry about them,"" I said as I exchanged blows with Shinigamis along the way",fear,fear
"""No,"" I muttered. ""I'm not dying anyway.""",anger,anger
Who's dying?,sadness,sadness
"""Wow,"" I scoffed. ""Now I'm hallucinating.""",sadness,anger
"""You . . ."" My voice faltered, still in disbelief that he was here and that this wasn't a hallucination. W-why are you . . . you're not dead . . .",fear,fear
"""Why would I?"" he returned. ""You said I shouldn't.""",anger,sadness
"""So you really live here,"" she remarked as she stepped inside.",joy,fear
"""Yeah,"" I said. ""I feel more comfortable here.""",joy,fear
"So the mighty Michiko finally likes someone now, huh?",joy,joy
So that's where he is.,sadness,anger
"I gave her a confused look. ""Huh?""",anger,anger
"""You didn't know?"" she raised an eyebrow",sadness,fear
"""Let me just sleep here tonight,"" he said while removing the hood of his cloak from his head",fear,neutral
"""What?"" he asked while looking at me and a smirk suddenly appeared. Don't tell me you miss me, Senshin?",anger,anger
Then why are you staring at me like that?,fear,sadness
"I ignored his question. ""What happened?""",fear,fear
"And? Why aren't you with them? You're an Elite, too, right?",fear,neutral
"""I can't face them,"" he muttered.",fear,fear
"So, you're going to give up your status?",sadness,fear
Brat?,anger,anger
Tsk. Hope he gives up now.,sadness,sadness
"""Merry Christmas,"" I mumbled. ""Sleep well.""",joy,joy
What the heck are you doing?,anger,anger
"""Why? Want me to stay?"" he taunted.",fear,fear
"""No,"" I muttered as I rolled my eyes",sadness,sadness
Why don't you just tell him directly that you don't want to be part of the rebellion?,fear,fear
Do you think that brat won't be?,anger,anger
"""I see,"" I muttered. ""Then, goodbye, I guess?""",sadness,sadness
There was a hint of fear on her face. M-Ma'am Michiko?,fear,fear
"""I'll be going,"" he said. ""If you miss me, you know where to find me.""",sadness,sadness
Thinking about him again?,sadness,anger
Wait—!,anger,anger
"""Hideo,"" Naomi called in a controlled manner. Calm down.",anger,anger
"""Good luck,"" she teased.",fear,fear
"""Haruka, stop,"" he ordered and I couldn't believe she was here",anger,anger
"""Piss off, Keith,"" he retorted.",anger,anger
"He chuckled at her grumbling. ""Calm down.""",anger,anger
"""Curious, aren't you?"" he smirked. ""You're getting careless with your thoughts now.""",anger,anger
"But don't you, Shinigamis, dislike them?",fear,fear
"""Dead,"" he flatly said.",sadness,sadness
"""Don't worry, I didn't kill him,"" he added as his lips curved upward. ""He died of natural causes.""",fear,fear
What the heck?! How could he say those words with a nonchalant expression?! At seryoso ba siya?! Anong pinagsasabi niya?!,anger,anger
What? We were practically living together when you took care of me—,sadness,joy
"""Okay, stop!"" I yelled, completely flustered.",anger,anger
"""That's a shame,"" he said as he steered me out of his room.",anger,anger
"""Time's up!"" Vivien shouted.",anger,anger
"""Hey,"" she greeted.",joy,joy
"""No, no, that's not how it worked,"" Hiroshi grunted before Hayate noticed us.",sadness,sadness
That's definitely scary.,fear,fear
Damn brat.,anger,anger
"""I broke his arm,"" he muttered, earning a frown from me. ""Accidentally.""",sadness,sadness
"""What are you doing?"" he groggily asked, his eyes still closed.",fear,fear
"""Ah, shit, I forgot that I'm meeting Keith,"" he cursed under his breath.",anger,anger
Such a liar.,anger,anger
"Humans are creature of change and among the living, they have the best abilities to adapt.",joy,joy
"By the end of the 19th century, these unique speciation of humans were known within their own race as Erityians—a name befitting of their origins and capabilities—the children of the special blood.",joy,neutral
"Perfectly blending in with the normal humans, they have saved and destroyed civilizations and lives.",sadness,sadness
"Worn out, Emiko reached for her son in the arms of the elder. ""M-my son . . . give me my son . . .""",anger,anger
"""Monster!"" she yelled as she attempted to leave the house, but he was faster.",anger,anger
You shall never talk about our eyes' peculiarity to anybody. Hear me?,fear,fear
"But those people are also throwing hate to us, aren't they? Why can I not do the same, brother?",anger,anger
"I know it is hard, but father told us not to hate them. Father is a kind man, and he wants us to be like that, too.",joy,joy
"Too much and the greedy and the wicked will take advantage of it. Father is kind, but also naÃ¯ve.",anger,anger
"""Quick,"" he said, cutting off Ryo. ""Leave this place.""",anger,anger
Father! Why are you—,fear,fear
"""F-father,"" he called. ""People . . . there are people heading here.""",fear,anger
"The truth is, I have always hated humans, but I do not want you to share the same sentiment because not all of them are bad.",anger,anger
"No matter how hard it is, live well, Sho, Ryo. Live and prove that it is not a sin to be alive just because we are different.",joy,joy
"""W-what happened—"" Ryo's body stiffened when he recalled what had transpired before passing out. ""Father!""",fear,fear
Father! No!,fear,fear
"""Father!"" cried Ryo as he ran toward Shotaro.",sadness,sadness
"""We cannot allow them to see this,"" Sho remarked",fear,fear
Perhaps we really are monsters. Father's eyes. Your eyes. Even the mystery surrounding mother's death and our clan.,sadness,sadness
"""And what if there are, brother?"" he returned. ""Do you think they are treated differently from us? People who are different from the normal will always be regarded as outcasts. As freaks. As monsters.""",anger,anger
"What . . . what did you do, Ryo?",fear,anger
I continued father's unfinished business.,anger,anger
"""Ryo, tell me . . . how many did you . . .""",fear,fear
I only killed those who attacked us first.,anger,anger
"We need to leave this village, Ryo.",fear,fear
They said our clan was once a proud lineage of samurais.,joy,joy
We should quietly leave the house.,fear,fear
"Do not soak your hands in more blood, brother.",fear,fear
But how? We are already surrounded.,fear,joy
I cannot let you die here.,anger,sadness
"See the world by yourself. I am staying here, and I will take back what they have stolen from us: our clan's honor, our wealth, and father's pride. Farewell, brother.",anger,anger
"I promise, even the gods of death cannot stop me. For father and for you, I will become one of them.",anger,anger
"In our tribe, names of the dead are avoided, but my parents gave his name to me because they want me gone.",sadness,sadness
"""Ishida . . ."" the kid murmured as his eyes twinkled in excitement.",joy,joy
"You cannot protect yourself just by running away, especially when danger is always looming. Sometimes, you have to toughen up.",sadness,sadness
"""N-no . . ."" she pleaded",fear,fear
"""See?"" he beamed. ""You have nothing to be afraid of.""",joy,joy
"""So you need not to hide your eyes anymore,"" he added",joy,joy
"I have never experienced summer, but the warmth of your presence must feel like it. From now on, you are Natsue.",joy,fear
"She reached for his hand and smiled. ""I'm happy . . . thank you . . .""",joy,joy
"Farewell, brother.",sadness,sadness
"I will return, and I will see you again.",sadness,sadness
"""S-spare me!"" the next guy pleaded.",fear,fear
Now you're asking for mercy.,anger,anger
"P-please, I have a fam—",fear,fear
It's already too late for you to implore the very thing you stripped away from us.,anger,fear
"S-stay away, or I'm going to kill her!",anger,fear
Are you going to stand there all night?,anger,neutral
"A-apologies, my lord.",sadness,sadness
"M-my apologies, lord, this—",fear,fear
"Even with this power, someone like me will remain as a burakumin until death.",sadness,sadness
Such is the fate of those who were born in the lowest class.,sadness,sadness
"Apologies, my lord.",sadness,sadness
"One day, the great powers of the natural elements will be passed onto those who are worthy, as what our great ancestor Czeslav has foreknown.",joy,joy
S-stay away.,fear,fear
"""Yllka,"" her mother softly called, cupping her face. "" Look at me. Are you hurt?",fear,fear
Hold it firmly!,anger,anger
They're marching here! Be ready!,fear,fear
"You're going to burn the forest, too!",fear,fear
Douse the fire!,anger,anger
"""Your eyes,"" he murmured. ""They've become lighter in color.""",fear,fear
"Well done, Yllka.",joy,joy
Being an espion . . . is it hard?,fear,fear
They must be strong enough to infiltrate and escape bases; and have the wits to gather information and conduct counterintelligence against enemies.,fear,fear
Why does the country you serve forsake you once the enemies tracked you down?,sadness,sadness
"But I am not normal, aren't I? Why? Am I cursed, mother?",sadness,sadness
"My child, listen to me. Being different may be difficult, but it does not mean you are cursed. Perhaps it is one of our ancestors' will.",sadness,sadness
"A mind unfettered will be favored. Humanity will continue to progress, whether we like it or not, and those who will, may receive the consciousness of the gods and the power of natural forces.",sadness,sadness
"If you see your father, tell him I went ahead.",sadness,sadness
Be the greatest espion that has ever graced the world.,joy,joy
"And perhaps . . . I am at the end of the line, too.",sadness,sadness
"I-I can help you, Father. Let's just get out of here—",fear,fear
"I truly am sorry for making you do this, but it has to be you. This is the only way I can save the both of us.",sadness,sadness
"The guy looked surprised, but a relieved smile grew on his face. ""I knew it. We really are alike. The name is Hagen,"" he introduced.",joy,joy
"Hagen, join me. We shall be the keepers and guardians of the world's secrets.",joy,joy
"It escalated quickly, and before he could realize, some civilians were . . .",fear,fear
What have I done? Where is Ishida? What did . . .,fear,anger
"""I-It's . . ."" she looked at Shinji, still in disbelief",fear,fear
He grimaced at the news.,anger,anger
"A precise single strike, he mentally noted as he aimed for the neck, but his plan was immediately thwarted by the samurais by his side.",anger,anger
"""Who are you?!""",anger,sadness
Kill him!,anger,anger
You could have been a great retainer.,anger,anger
Get me out of here!,fear,fear
M-monster! Kill him! Now!,anger,anger
"Now, pay the price with your life.",anger,anger
"Announce your appellation and purpose, intruder.",anger,anger
The rivers are in our territory.,anger,anger
But Chief—,fear,fear
I must disembark here.,sadness,fear
"How did you do this, Chief?",fear,fear
Why must it be here?!,anger,fear
"Edda's stare was enough to silence the crew. I shall only bring Hagen and Morgan. The rest of you must survive if things do not go well. Now, go!",anger,fear
Is this truly the center of the world?,fear,neutral
"Edda grinned as soon as she saw the people onboard. ""The green-eyed ones are participating.""",joy,joy
I am pleased to finally meet you.,joy,joy
Pardon me if I was late.,fear,fear
"However, your attendant seems to harbor animosity toward us.",anger,anger
"Ishida, remember your verdict.",anger,fear
I am just worried about my lord's safety.,fear,fear
"""Brother,"" he returned with a glower on his face.",sadness,sadness
I want to get back home as soon as possible.,joy,joy
Your agents must be good that they can infiltrate even the farthest lands.,anger,sadness
"Yllka clenched her fist. ""Are there intruders in our villages? What are you planning?""",anger,anger
"The powers we possess can change the world, Edda stated.",joy,joy
"They are incredible but terrifying, hence I chose to stay in the shadows. I suppose you have done the same.",fear,fear
Humans are awful.,anger,anger
Our once vast home was reduced to several villages cramped in a single mountain.,anger,anger
All they did was take resources and invade lands.,anger,anger
I do not trust them.,anger,anger
"""Enough of that nonsense, brother,"" Ryo exclaimed",anger,fear
"Kindness is not something you give to anyone, and I have nothing to spare to those humans you wish to keep from harm.",anger,fear
How about building a new nation?,joy,joy
"Instead of hiding from the world, we can create a safe place for people like us, and from here, we can observe the world from a distance.",joy,neutral
As I have suspected. This meeting is futile.,anger,joy
"I do not wish to join hands with people who do not share the same beliefs. Besides, I already have a land to rule.",anger,anger
"Please, Ryo. May we talk?",sadness,sadness
Farewell. I hope we do not see each other again.,anger,fear
"That did not go well, Chief.",sadness,sadness
"We should go back as well, Chief.",fear,fear
It is not safe here.,fear,fear
Let's go home.,anger,neutral
I hate real winter.,anger,anger
"Hey, careful!",fear,fear
You'll slip!,fear,fear
T-Thank y-you.,joy,joy
How's the Huntres tribe doing? I heard there are groups of agitators on the rise again.,fear,fear
You three are late.,anger,anger
"Still the nosy outsider, aren't you?",anger,anger
"Given that my tribe is an intelligence agency, don't you think it'll be stranger if I don't know?",anger,anger
"Rainie smiled. ""Oh, he is, though I'm starting to take over some of his works.""",joy,joy
"""Good,"" Krystal commented. This summit will not be official if everyone isn't a leader.",joy,joy
Hatred is something that cannot be quelled easily. I am sure we all know that.,anger,sadness
"""But I hope we can pave the path toward that dream,"" at least, Rainie continued.",sadness,sadness
"Everyone fell silent for a few seconds, but Nel's laugh broke the tension. Despite being the youngest and quite a timid one, you have a way with words.",joy,joy
"""I cannot wait for you to be the leader. You're definitely more mature than this one,""",joy,joy
"""Just say you are short-tempered,"" Nel retorted.",joy,anger
A smile escaped her lips upon seeing the three.,joy,joy
"Pero kapag naaalala ko 'yung sinabi nung Huntres during the war, lumalakas ang loob ko. I want to be like her. Kahit nasa gitna kami ng laban nun ay wala siyang pinakitang kahinaan, kahit na andaming namamatay sa paligid niya.",joy,joy
"""Not really. Share sila ni Dad. Maybe she just want to brag,"" sabay ngiti niya. Napangiti rin ako sa thought na 'yun.",joy,joy
"""Here,"" sabay abot ko ng green flower na hawak ko sa kanya. ""Just fill your mind with happy and positive thoughts.""",joy,joy
"""Hmm, 115 bpm. Definitely excited,"" sabay ngiti niya sa akin.",joy,joy
"""Talaga? Thank you."" Ngumiti naman si Riye sa kanya at nilagay niya sa loob ng bag 'yung book.",joy,joy
"""Glad you're awake,"" sabi ni Hiro.",joy,joy
After a few minutes ay nawala na 'yung bigat ng sikmura ko at medyo umayos ang pakiramdam ko.,joy,joy
"""Akemi, don't go that way,"" sabay turo ni Akane sa harapan. ""May naririnig akong wild animals. I think may wild bears at boars sa area na 'yun.""",fear,fear
"""Oh. Nice place. Hindi ko akalaing may nag-eexist na ganito.""",joy,joy
Bigla namang tumingin si Nel kay Krystal at alam kong anytime ay may mangyayari nang masama dahil bigla ulit tumaas ang tension sa paligid.,fear,fear
"""Are you implying something?"" Krystal said cooly...and I mean literally dahil sa namumuong ice sa table kung saan nakalapag ang kamay niya.",anger,anger
"Biglang tumahimik ang lahat at tanging 'yung tunog lang ng hangin na nagcicirculate sa loob ang naririnig. Maging ang balat ko ay nararamdaman ang tension dahil tumaas ang mga balahibo ko at nabalutan ng goose bumps. Pati sina Akane, Hiro at 'yung mga kasama nina Darwin, Krystal at Nel ay naging alert din. A word or even a slight movement can cause a ruckus.",fear,fear
I was slightly shaking because I instinctively aimed my arrowed-bullet gun to Darwin since I felt that pressure in his direction.,fear,fear
"Bigla ko ulit naramdaman 'yung pressure pero this time, mas malala. The pressure from these three is too strong.",fear,fear
"""Well said. You made your point very well."" Narinig ko ang boses ni Hiro sa isip ko pero hindi ako makalingon sa likod dahil nakatingin sa akin 'yung tatlo.",joy,joy
Napangiti naman ako at nabawasan ang burden sa loob ko dahil doon. Ayoko kasing lumabas na rude at sabihing nagmamarunong ako dahil sa mga nasabi ko. I just really want to establish a closer relationship with the other tribes.,joy,joy
"""Sorry for her behavior,"" biglang sabi nung isang lalaki na nasa likuran ni Nel. ""She's having a hard time these past few days. Sa inyo tuloy nabubuhos,"" sabay hawak niya sa balikat ni Nel at nakita kong nagflinch si Nel.",sadness,sadness
"""We should. Baka biglang magbago na naman ang mood ng iba,"" sabi nung isa pang babae sa likod ni Krystal habang nakahawak sa balikat ni Krystal.",fear,fear
Nagamit ko na ang Black Dimension ng ilang beses these past few months kahit hindi ko pa masyadong kontrolado ang pagbukas at sara nun pero masasabi ko na sobrang mapanganib doon ngayon.,fear,fear
Biglang bumalik ang tension sa loob ng room at bumilis ang tibok ng puso ko dahil parang may malalaman akong hindi ko inaasahan.,fear,fear
"""They're fine. Sa katunayan, mas maraming Shinigamis ang sumali sa amin nung nalaman nilang buhay pa sila at sila ang naglelead. I guess my parents' reputation are good back then.""",joy,joy
"""Ayos na,"" I said while smiling.",joy,joy
"""Yes. Ayos na. I was devastated for the first few months after the war. Pero nakapagmove on na rin naman ako at marami na akong natutunan ngayon kaya ayos na ako.""",joy,joy
"""Okay,"" he said. Bigla naman siyang tumingin sa akin. ""Sige, mauna na kami. It's nice seeing you again, Rainie.""",joy,joy
"""Shit, hindi ko alam kung paano maglaland!""",fear,anger
"""Yo-yo ka dyan! What the heck are you guys doing here?!""",anger,anger
"""They're here,"" sabi ni Papa at ngumiti naman ang kasama niya.",joy,joy
"Kahit 'yun lang ang sinabi niya ay alam ko na ang ibig niyang sabihin kaya napatingin ako kay— sa Mama ni Hiro, at nakangiti siya sa amin. ""Yes. You're going with me.""",joy,joy
"""Do you sense that presence, too?"" Napatingin ako kay Hiro na diretso lang na nakatingin pero seryoso ang expression niya.",fear,fear
Napatingin din ako sa paligid at may naramdaman akong kakaiba. I scanned the people around us and I saw several suspicious-looking persons observing us.,fear,fear
Napatingin din ako sa kalapit na building kung nasaan ang isa pang nagmamanman sa amin at nakita kong sinusundan niya pa rin kami ng tingin.,fear,fear
"""He built a miniature plane before and they named it Kaoru. Mukhang nagawa na niya talaga ang project na 'yun.""",joy,joy
"""H-Hiro..."" I tapped his face but he's not responding. ""Don't you dare die on me. Hiro...please, gumising ka.""",fear,fear
"Then suddenly, his eyes fluttered and he groaned. Pagdilat niya ay tuluy-tuloy na ang pagtulo ng luha ko dahil sa takot at pasasalamat na buhay siya.",joy,joy
"""I'm sorry."" Pagkasabi niya nun ay napayakap na rin ako sa kanya.",sadness,sadness
Sobrang natakot ako sa nangyari sa kanya. Nung nakita ko siyang unti-unting nawawalan ng malay kanina ay parang bagyong pumasok ulit sa isip ko lahat ng nangyari noong war. The deaths of the people I knew flashed on my mind...,fear,fear
"Natakot akong may mawawala na namang importante sa akin. I've already lost my mother, my friend, comrades and teachers. I don't want to lose someone anymore.",sadness,sadness
"I cursed myself for crying. Sa nagdaang taon, nagsanay ako para maging malakas, para maprotektahan ko ang mga taong mahalaga at sumosoporta sa akin. But I still can't protect them.",anger,anger
"""You did protect me,"" bulong ni Hiro.",joy,joy
"""But I'm still alive."" Bumitiw siya at hinarap niya ako sa kanya. ""And it's because of you. So don't say you're weak because you're not.""",joy,joy
"""I think we ended up at the place we're looking for,"" sabi niya at maging ako ay natulala sa nakita namin.",fear,fear
"""Let's keep an eye on the surroundings from here first. We need to wait for them before doing something. They're coming, right?"" Tumango naman ako as a confirmation.",fear,fear
"""No. Those are called fatal points for a reason. Pwede kang mamatay kapag lumala pa ang injury mo.""",fear,fear
"""Dahil nalaman nilang nandito sa Japan si Naomi at Rainie. Of course, as one of the Great Seven, they want to take her down,"" sagot ni Darwin.",fear,fear
Gusto kong sumunod sa kanila pero baka maging pabigat lang ako sa kanila dahil sa injury ko. Sinubukan kong igalaw ang braso ko at konting galaw lang ay sobrang sakit ang nararamdaman ko sa balikat ko. I think I won't be able to use my right limb.,sadness,sadness
"""Ako ang kailangan ninyo, hindi ba?!"" sigaw ko at napatingin silang tatlo sa akin. I immediately reached Hiro's and Darwin's mind to warn them.",anger,anger
Napatingin naman ako sa lalaking inatake ko. He's not moving anymore.,joy,joy
"""Take me, if you can,"" malakas kong sabi at kinilabutan ako nung naramdaman ko ang sabay-sabay na pagbukas ng ilang parts ng Black Dimension.",fear,fear
"Nakita ko sina Krystal at Nel sa tabi ko, and Nel's words gave me a little strength.",joy,joy
"Naramdaman ko naman bigla ang tuluy-tuloy na pagbukas at pagsara ng Black Dimension sa paligid namin at isa lang ang ibig sabihin nun--they are sending reinforcements and they really know we're here. They must have known our plans, too.",fear,fear
"""Says the most reckless one,"" dagdag naman ni Nel at tinignan siya nang masama ni Krystal pero tinawanan lang siya. Napangiti naman ako dahil kahit papaano ay natulungan ko sila.",joy,joy
"""Man, our plan is now messed up!"" sabay upo ni Nel sa kaliwa ko at sumunod naman si Krystal sa kanya.",anger,anger
"""Oh. A cute eyeglasses-wearing guy helped us,"" sabi ni Nel at nag-gesture pa siya ng eyeglasses sa kamay niya at saka nilagay sa mga mata niya. ""Heck, that ride was so fast I thought I'd throw up.""",joy,joy
"""Hindi ako sasama sa inyo kahit ano pang gawin n'yo. I'd rather die than being in your hands.""",anger,anger
"""Then die,"" sabi nung lalaki at bigla siyang sumugod sa amin.",anger,anger
"""I should have done this years ago,"" sabi naman ni Papa at kahit hindi ko nakikita ang expression niya ay naramdaman ko ang sakit sa bawat salitang binitiwan niya.",sadness,sadness
"""Hey! Where are you going?!"" sigaw ni Nel nung bigla akong tumakbo.",fear,fear
Napatigil ako sa paglalakad at hinigpitan ko ang hawak sa arrow ko. Lalong lumakas ang ingay at kasabay nun ay ang pagbilis ng tibok ng puso ko dahil hindi ko alam kung ano ang paparating sa akin.,fear,fear
"""Ako nga. I am the daughter of Rielle. Do you have any problems with that?""",anger,anger
"I really find it frustrating when they label her as a traitor. Hindi siya tanggap ng Senshins at hindi rin siya kinikilala ng Shinigamis. Kung ako nga ay nasasaktan para sa kanya ngayon, gaano pa kaya kasakit ang naramdaman niya noon?",anger,anger
Gusto kong masaktan at umiyak para sa kanya pero alam kong ayaw niya 'yung mangyari. It's exasperating but I know her hardships were for me.,sadness,sadness
"""Are you okay?"" tanong ni Darwin nung makalapit na siya sa akin.",fear,fear
"""Y-Yeah. By the way, nasaan si Hiro?"" Magkasama sila nung pumasok sila rito. Bakit wala siya ngayon?",fear,fear
"Sandali ko lang 'yun nakita pero naghalu-halo na ang emosyon ko dahil doon. Seeing myself as a baby, held by my mother while she's smiling made me feel so special.",joy,joy
Nakatingin lang ako sa chip. Natatakot ako sa maaari kong malaman base sa data na nakalap namin ni Darwin pero gusto kong makilala si Mama.,fear,fear
Ganito na naman. Ako na naman ang dahilan. I'm always dragging them into my own mess. I thought I'm strong enough to defend myself and it's my turn to protect them but it all comes back to me being the one to be protected. I hate it. I hate this feeling.,anger,anger
"""To our ancestor, Ryou!"" sigaw nila habang nakataas ang mga sandata. ""Let this victory mark the start of another era! Shinigamis!"" Another round of thunderous roar filled the surroundings.",joy,joy
Bigla tuloy akong naguilty dahil hindi ko man lang ulit sila nakita para makapagpasalamat. They are the reason why I survived the fight. If it weren't for them...,sadness,sadness
Gusto kong maalala ang nangyari noong bagong silang pa lang ako. I want to feel that I was held by my mother during her last moment. I want to remember it all but I can't.,sadness,sadness
Hindi ko pa kayang basahin ang iba pang files na nakalagay doon dahil sobrang bigat na kaagad ng pakiramdam ko. Maybe visiting our former school will help me lessen the pain.,sadness,sadness
"""It's nice to see the both of you again,"" bati niya sa amin at napansin kong wala siyang suot na contacts kaya kitang-kita ang green eyes niya.",joy,joy
"""Thanks for keeping me company,"" sabi niya at saka siya ngumiti.",joy,joy
"Nag-enjoy din naman ako so no worries.""",joy,sadness
Nandito ako ngayon sa harap ng puntod niya. Kanina pa ako nakaupo rito dahil gusto ko lang siyang makasama ngayong araw. Gusto kong nasa tabi niya ako ngayon dahil alam kong ilang buwan siyang naging mag-isa nung nasa tiyan niya pa lang ako. I want to return her love for me.,sadness,sadness
It's really painful and I'm sure ganito rin ang nararamdaman ni Papa lalo na't nakita niya pa mismo ang pagkamatay ni Mama.,sadness,sadness
"""I'll listen,"" sabi ko sa kanya. Napatingin siya sa akin at saglit siyang ngumiti.",joy,joy
"""I was carried by someone. His whole body was bleeding and I can hear myself crying. I saw the President's face. The man holding me was saying something to him..."" Biglang naputol ang pagsasalita niya at nakita kong tumutulo na ang luha niya. I don't know why but I can feel his pain, as if I'm also there. Hindi ko namalayan na umiiyak na rin pala ako.",sadness,sadness
"""Then I saw a dying woman."" I froze when I heard that. Halos lumubog ang puso ko dahil alam ko kung sino ang tinutukoy niya. ""I can't remember all the things she said but she died smiling.",sadness,sadness
"""You don't need to hide your tears."" Napatingin ako sa kanya at nakita kong tahimik lang siyang lumuluha habang nakatingin sa puntod ni Mama.",sadness,sadness
"""You and your freaking sixth sense. Ubos na nga!""",anger,anger
"""Hello again,"" masayang bati ni Gemma sa amin.",joy,joy
"""I just want to celebrate our victory, and of course, the end of our truce.""",joy,joy
"""Wow. That was a good point but you sounded like a humdrum politician."" Nagtawanan naman silang lahat nung sinabi 'yun ni Nel kaya medyo nahiya ako pero napangiti pa rin ako dahil mukhang nag-agree sila sa akin.",joy,joy
"""Thank you,"" rinig ko sa isip ko. ""Rainie.""",joy,joy
"Pagtingin ko, lumapit siya sa grave nina Akira at Mayu. She placed flowers in front of their graves and prayed.",sadness,sadness
The war has just ended three days ago and Tantei High is still grieving for the Senshins who lost their lives. May madadagdag na namang graves dito.,sadness,sadness
"""I can't believe we're having our reunion right here,"" sabi ni Michiko at nakita kong tumulo ang luha niya. May naramdaman akong presence sa likuran at pagtingin ko, nandoon na rin si Hideo. Nakatalikod siya sa amin at nakatingin lang sa langit.",sadness,sadness
"""Hi Mitsuo! Welcome to Atama family!"" masayang sabi ni Akira.",joy,joy
Napatingin naman ako doon kay Mitsuo at halos magkasalubong na ang kilay niya. What a rude guy.,anger,anger
"""The other member. 'Yung babae,"" sabay ngiti niya nang nakakaloko.",joy,joy
"""We're really famous,"" sabay tawa ni Michiko dahil nga maraming nakatingin sa amin.",joy,joy
"""Right, Hiroshi? Paglaki mo, ikaw naman ang titignan. Kaya kailangan pogi ka. At huwag na huwag kang tutulad kay Hideo o dito sa Mitsuo na 'to. They have dead face.""",joy,joy
"Kahit ba bata, hindi niya rin papansinin? Okay, I have enough of his rudeness.",anger,anger
"""Good boy, Vince,"" sabay tawa nung matanda na parang nang-aasar.",joy,joy
"""Wait,"" sabay hawak ko sa balikat niya. ""Don't touch her."" Tumingin ako kay Michiko at nag-summon kaagad siya ng gloves.",fear,fear
Nagising ako habang hinihingal at pawis na pawis. The same nightmare again. Damn. Hindi na effective ang binigay na gamot ni Dr. Miwako.,anger,anger
Bigla ko namang narinig ang boses nina Sir Kyo at Sir Tora habang naglalakad kaya nagpanic ako. They won't tolerate this kind of rulebreaking.,fear,fear
"Tumayo muna ako para kumuha ng scratch paper at pen para sa aming dalawa. Hindi ko rin napigilan ang pagngiti ko. I can't believe I'm getting excited with this. Learning something new is, indeed, thrilling.",joy,joy
Winidthraw ni Sir Kyo ang short blade niya at kita naman sa mukha ni Mitsuo ang inis.,anger,anger
"This time, ako naman ang nagbago ang expression. I would accept it if he said something like strange, odd or brave but describing me as stupid? Wow. This guy got some guts.",anger,anger
Automatic na gumalaw ang paa ko at sinipa ko siya sa ilalim ng mesa. He felt the pain but he gritted his teeth and glared at me.,anger,anger
"""I told you not to call me stupid. Cool your head off and stay with her."" Pagkatapos kong sabihin 'yon ay nagmartsa ako palabas.",anger,anger
"Well, that guy is frustrating. Nakakainis siya.",anger,anger
"""Tapos—hahahaha! Sabi sa kanya ni Mitsuo, ""please stop hitting me"" tapos natulala lang si Naomi kanina at napasagot siya ng ""okay"" My gosh kung nakita mo lang 'yung itsura nila kanina! Nakakatawa talaga!""",joy,joy
"""It's been a long time since I fought seriously,"" mahinang sabi ni Mitsuo. ""Time to devour the enemies.""",joy,joy
My knees gave up on me as I feel the pain coursing through my leg. Nagpanic ako dahil baka makita itong opportunity ni Haruka para umatake pero mas pinili niyang tumakbo sa direksyon ng kasama niya.,fear,fear
"""Sorry! Hindi ko sinasadya. Dahil sa hangin, nagbago 'yung trajectory ng target.""",fear,fear
"""I felt responsible for what had happened."" Napatigil naman ako no'ng narinig ko 'yon kay Mitsuo.",sadness,sadness
"""Pero kung naging mas mabilis ako sa kilos ko, sana hindi kayo nandito. I was there but I can't even protect both of you. I'm a man but I let two girls to get hurt in front of me.""",sadness,sadness
"""I didn't expect him to be a gentleman. Ang tumatak na impression ko sa kanya ay short-tempered and cold pero ngayon ay nasaksihan ko ang pagiging caring niya. Wow.""",joy,joy
Lumayo siya sa akin at kinabahan ako sa pagsigaw niya. I can definitely feel his rage and I know that I have crossed the line.,fear,fear
"""Stay away from me,"" malamig niyang sabi at saka nagmartsa papunta sa pintuan.",anger,anger
"""What the hell are you doing?!"" sigaw niya pero hindi ko siya pinansin at tinulak ko siya paupo sa bench. As usual, he just glared at me and I raised my brow.",anger,anger
"""Don't get the wrong idea,"" malamig niyang sabi.",anger,anger
"Sure, the night is cold, but my body trembled because of his bone-chilling memories. Dahan-dahan kong kinalma ang sarili ko at tinignan ko siya nang masama pero hindi ko inaasahan ang nakita ko.",fear,anger
"""Yes, that's because I have the same symptoms written on the book."" Pagkasabi ko no'n ay saglit na natawa si Mayu kaya naman nagtaka ako.",joy,joy
"""You're really funny,"" dagdag niya pa kaya sinamaan ko siya ng tingin.",anger,anger
"""Because you're making it harder for me to leave."" Pagkasabi niya no'n ay may kung ano akong naramdaman pero hindi ko alam kung ano. Huminto lang ako sa paglalakad pero hindi ko siya nilingon. ""You keep on appearing and I don't know how to deal with you, that's why I want to end this here. Let's stop this.""",sadness,sadness
"""But . . . I like you,"" I breathed and my voice trailed off. I was frustrated and desperate because I can't understand a thing, that I ended up saying those words. Gusto kong bawiin ang mga salitang 'yon pero hindi ko alam kung paano.",sadness,sadness
"Naaalala ko na naman. Ni hindi ko nga alam kung ano ang kailangang itigil. I was pretty sure it was a one-sided affection but that statement confused me more, and confusion was one of the things I hate the most.",anger,anger
"Kumain lang kami at naghintay ng ilang oras pero nagulat na lang kami nang biglang bumukas ang pinto. Akemi was catching her breath as she stared at us, as if she'd seen a ghost.",fear,fear
"""Thank you for everything,"" bigla niyang sabi kaya napatingin ako sa kanya. He was staring at the sky with a relaxed expression.",joy,joy
They didn't answer and that made me frustrated.,anger,anger
"""I shouldn't get too attached to them. This is just a mission and during a mission, you should set aside your feelings or you'll end up failing or worse, dead. Habang tumatagal ako rito, mas lalo lang akong naguguluhan. Sometimes, I feel too comfortable, I keep forgetting that I do not belong here. That I am not a Senshin.""",sadness,sadness
"Kita sa mga mata niya ang pag-aalala at alam kong dahil 'yon sa binabalak ko. After all, he lost his daughter because of a mission as uncertain as this.",sadness,sadness
Magsasalita na sana ako pero pareho kaming napatigil. Both of us felt a bone-chilling presence lurking around us. My senses weren't fully working yet but enough to be conscious of the danger we're about to face.,fear,fear
Magtatanong pa lang sana ako kay Mitsuo pero nagulat ako nang bigla na lang nawala ang lalaki. Instinct took over me and I chose to part from him. I pushed him and let myself fall to the ground. The pain almost knocked me unconscious but I managed to keep myself alerted.,fear,fear
Nanatili akong nakaupo at nanginginig ang buong katawan ko sa takot. The Huntres looked like he's ready to kill anyone and Mitsuo felt different.,fear,fear
"""Being curious about something or someone isn't bad, but sometimes, it can be dangerous. Just like what you did."" Bigla naman siyang lumingon kaya napatigil ako nang magkaharap na ang mga mukha namin. ""You risked your life to find me and when I found you unconscious, for the first time, I felt scared.""",fear,fear
"Bigla naman akong nalungkot. Shou is considered as a great man who established the Senshin tribe. Ishida Jikko did what he thought was justifiable but to Shou, he defied the ethics of a Senshin. It must be the differences between their beliefs.",sadness,neutral
"""Be alert. Someone's here,"" mahinang sabi ni Mitsuo at agad ko namang hinawakan ang pamaypay ko.",fear,fear
"Napangiti naman ako habang nakatingin sa likod niya. I know that he's a disaster, someone that could ruin me, but I can't help being drawn to him.",joy,joy
"""Do you have someone you like?"" I asked, breaking the silence. Hindi ko siya tinignan dahil natatakot akong makita ang expression niya.",fear,fear
"So what I had said before was still on his mind. I like him, yes, but I do not know why. Ngumiti ako sa kanya at siya naman ang nagulat.",joy,joy
"Nagsimula naman siyang maglakad kaya agad akong sumunod sa kanya pero napapahinto ako kapag may naririnig akong sumisigaw. Their howls were a mixture of pain and anger, sounds that could trigger anxiety to others.",fear,fear
Napatingin ulit ako sa gubat at lalo akong natakot dahil kakaiba ang mga nakikita kong puno at halaman. They looked endemic and several of them were peculiar and unnatural.,fear,fear
"One of them looked at me and their green eyes were intense and terrifying, as if emeralds were embedded on their iris. Nagtago ako sa likuran ni Mitsuo dahil kakaiba ang tingin nila sa akin at hindi ko rin alam kung ano ang kaya nilang gawin.",fear,fear
"""Let's go,"" bulong ni Mitsuo pero hindi ako gumalaw dahil kakaiba talaga ang pakiramdam ko sa lugar na 'to.",fear,fear
"Wala akong nagawa kundi ang magpahatak sa kanya at sinundan naman namin ang tatlong lalaki. When we entered the forest, the sunlight was immediately blocked by the tallest and bulkiest trees, making it more frightening.",fear,fear
"Hindi ko alam kung ilang minuto o oras kaming naglakad, at kung ilang beses akong napasigaw at nagpanic dahil sa iba't ibang hayop at halaman na pwedeng maging dahilan ng pagkamatay ko. My right hand was still held by Mitsuo while my left was lingering on my weapon in case something goes wrong.",fear,fear
"""Wait, what are you doing? Mitsuo!"" sigaw ko habang hinahatak nila ako palayo. Mitsuo just gave me an apologetic look and he didn't move from his spot.",fear,fear
"""What's happening? Saan nila ako dadalhin?"" I asked and I could feel the panic rising in my throat.",fear,fear
Kung anu-ano na ang tumatakbo sa isip ko dahil sa mga nangyayari at hindi ko alam kung ano ang gagawin. This wasn't my usual self and I felt frustrated because I can't think properly. Everything happened so fast and I have no idea what to do.,anger,anger
"Napahawak ako sa ulo ko nang marinig ko 'yon. I could hear someone who could use his inner voice and his thoughts were disturbing. I tried to ignore his thoughts but they were too overwhelming. All I could see were blood, a mountain of corpse and green eyes.",fear,fear
Hindi na ako makahinga at nilalamig ang buong katawan ko dahil sa nangyari. Different thoughts from several Erityians who could use their inner voices reached my mind and they were driving me crazy.,fear,fear
Kinilabutan naman ako sa sinabi niya at hindi ko alam kung dapat ko ba siyang seryosohin. I decided to peek at the small opening I had discovered a while ago and saw a lifeless body slumped to the ground. A shriek of horror escaped from my mouth when I realized that the head was missing from the body. Sinara ko kaagad ang bintana at napasandal ako sa pader habang nakatingin kay Naia.,fear,fear
"Itinigil ko ang pagbabasa sa isip niya dahil nakaramdam ako ng awa. She should be playing with other children, enjoying her youth, yet here she is, living in a place of cruelty and violence.",sadness,sadness
Natahimik pagkarinig ko no'n at hindi ko alam kung saan ako mas nagulat—her parents' death or her knowledge about it. Hindi ko napigilan ang sarili ko at niyakap ko siya. Ang bata niya pa para maranasan at malaman ang mga bagay tulad nito at nalulungkot ako dahil sa ganitong lugar siya nakatira.,sadness,sadness
"Hindi ko alam kung ilang oras akong nakaupo lang doon, pinipilit tanggalin ang mga alaalang hindi naman sa akin. I repeatedly said the names of my friends and comrades but I felt the panic rising in my throat when I couldn't visualize their faces.",fear,sadness
"""Did you really . . ."" Hindi ko na naituloy ang sasabihin ko dahil umagos ang luha ko.",sadness,sadness
"""You killed my parents because you were afraid of my mother's ability?"" marahan kong tanong habang tuluy-tuloy na ang pag-agos ng luha sa mukha ko.",sadness,sadness
"Halos hindi ako makahinga nang maalala ko ang mga taong 'yon at hindi ko akalaing magagawa ko silang kalimutan. I realized I lost my own memories for several minutes and it terrified me to the core. However, Mitsuo's memories helped me remember them and I felt guilty after forgetting my own life.",fear,fear
"""I thought I would go mad. I was scared,"" sabi ko sa kanya at naramdaman ko ang paghigpit ng hawak niya sa kamay ko.",fear,fear
"""I'm scared. I want to leave this place,"" sabi ko sa kanya.",fear,fear
"""I can still remember she said when she was about to die."" Tumingin naman siya sa akin at bumilis ang tibok ng puso ko sa pagtitig niya. ""The sin of the parents is not the sin of the child. Please take care of her."" Those were her last words.",sadness,sadness
"""Because I felt guilty, knowing that your parents, my friends, died because of me and my family,"" he replied and I could see the remorse and sincerity in his eyes. Nagulat naman ako nang bigla siyang lumuhod sa harapan ko at yumuko.",sadness,sadness
"""Why are you saying sorry?"" tanong ko. Hindi ko alam pero nasaktan ako sa sinabi niya.",sadness,sadness
"""Stop discrediting yourself, Vince,"" mahina kong sabi.",sadness,sadness
"""Then does that mean what you did was a mistake?"" tanong ko habang pinipigilan ang luha ko.",sadness,sadness
"May narinig naman akong pagkatok sa pinto kaya napatingin ako ro'n. It was followed by two knocks, then three more. Napangiti naman ako at naalala ko ang sinabi niya noon.",joy,joy
"""It suits you,"" he said, cutting me off. Bumilis naman ang tibok ng puso ko sa sinabi niya at tinignan ko rin siya. He was wearing a black yukata and he looked cool with it.",joy,joy
"Nilapitan niya ako at hinawakan ang kamay ko. Even though we have been together, he could still make my heart flutter with his simple gestures.",joy,joy
"Umupo ako sa gilid ng kama at nakita ko ang mga litrato na nakapatong sa ibabaw ng mesa—our childhood photos; Hideo and me; Akira, Akemi and me; the Atama family; and my own family. Sometimes, I wish life could be preserved just like moments into photos but I know that it's impossible.",sadness,sadness
"""How's Hideo?"" tanong ko naman nang maalala ko ang nangyari sa Medical department pero hindi ako sinagot ni Vince. ""Why? What happened to him?""",fear,fear
"""Hideo,"" tawag ko, umaasang naririnig niya ako, ""don't give up. I know it's hard but you can't give up . . . for the sake of Akemi and for us.""",sadness,sadness
"""I've never seen him this frail,"" sabi naman ni Michiko.",sadness,sadness
"I was scared that his memories would replace mine, just like what happened in Shima.",sadness,sadness
"""He's fine. He's turning one in two months,"" sabi ko at naalala ko ang nangyari kanina. He's fine. Maybe I was telling that to myself.",joy,joy
"""Who are you to decide what she deserves?"" tanong ko at pinatigil ko ang oras nila. I attacked them using my fan and two of them fell down.",anger,anger
"""I'll protect him with my life so don't worry,"" dagdag niya at agad na tumulo ang luha ko.",sadness,sadness
"I don't care!' sigaw niya. ""You said you'll protect me, right? Then keep moving! Pupunta ako sa campus sa ayaw at sa gusto mo.""",anger,anger
"""Tell Nathan that he should fulfill my wish,"" sabi niya habang nakangiti at nagtuluy-tuloy ang agos ng luha ko.",sadness,sadness
"""I'm sorry for saying that earlier. The truth is, I am scared that you will forget me.""",fear,sadness
"""Gusto kong makilala si Papa pero wala naman siyang pictures at ayaw ko namang pilitin si Mama,"" she once said in her inner voice.",sadness,sadness
"Ilang taon na ang nakalilipas pero gano'n pa rin ang nararamdaman ko. I tried connecting to people but I failed. No matter who or how many they are, they can never heal these invisible wounds.",sadness,sadness
"""Sorry, it's just that . . . I miss your father so much,"" pag-amin ko habang pinipigilan ang nagbabadyang luha sa mga mata ko.",sadness,sadness
It has been more than a decade but it felt like yesterday. My memories were still vivid and it still hurt after all this time.,sadness,sadness
"Three minutes, seven seconds. Iyon na ang oras na lumipas pagkatapos niyang sabihin 'yon. I couldn't hide the grin on my face anymore. Finally, we're going to do that.",joy,joy
"""Kana, tama ang narinig ko, hindi ba?"" I asked. ""Crap, I'm getting excited.""",joy,joy
"""Calm down, J. The meganerds are judging you again,"" sabi niya at tinignan ko naman nang masama ang dalawa.",anger,anger
"""Ako pa. Anyway, we still have 361 days, four hours—""",anger,anger
"""Hey, do you think we can do this? Do you think we can graduate on time?"" tanong ko sa kanya habang naglalakad kami pabalik sa dorm.",fear,fear
School has always been a monotonous process to me. I did well but it wasn't fun. Hindi naman ako tulad nina Hayate at Hiroshi na mahal talaga ang pag-aaral. I was just going with the flow because we needed it.,sadness,sadness
"""Oops. Gotta go,"" sabi ni Hiroshi at tumaas naman ang kilay ni Kana.",fear,fear
"""Yup. Some last-minute reminders from Sir Eiichi,"" sagot ko naman.",joy,joy
"""Hey, are you telling me to go away?"" napalakas kong sabi kaya napatingin sila sa amin.",anger,anger
"""Kind of,"" sabay tanggal niya ng kamay ko sa balikat niya.",anger,anger
"""Maybe that's why he grew up like that,"" dagdag pa ni Hiroshi.",anger,anger
"""Sir, question,"" sabay taas ng kamay ng isang taga-Mimi. ""What if we failed to record on a daily basis?""",fear,fear
"""He was killed ten hours ago,"" dagdag ko naman nang mahawakan ang paa niya. ""But he was butchered an hour after he died.""",sadness,anger
"""You felt it, too?"" tanong ni Hayate",fear,fear
"I felt a faint yet eerie presence, similar to what we felt earlier. Nilibot ko ang paningin ko pero kaming dalawa lang ni Hayate ang nandito sa lugar na 'to.",fear,fear
"""Looks like we have a visitor,"" sabi ko at natahimik naman sina Hiroshi at Kana sa kabilang linya.",fear,neutral
"""Who are you?"" tanong ko pero tinitigan niya lang ako at hindi ako nakagalaw dahil sa takot.",fear,fear
"""Shinigamis?"" rinig ko sa boses ni Hiroshi galing sa device pero hindi namin siya sinagot. Mas mabuti nang mag-focus sila sa paghahanap ng clues. ""Don't en—hey, where are you going?""",fear,fear
"""Are you okay?"" tanong niya at sakto namang dumating din si Hiroshi na mukhang tumakbo papunta rito.",sadness,sadness
"""What happened?"" tanong ni Hiroshi habang nakatingin kay Hayate.",sadness,sadness
"""Anyway, we need to go,"" pag-iiba ni Hiroshi habang nagta-type sa KT. ""We found a crucial clue.""",fear,fear
"""Yes,"" agad na sagot ni Hiroshi. ""All the current hits and searches about Rick Torres were concentrated in that area and there's a high probability that he is around there.""",fear,fear
"Look at what you did,"" sabay turo niya sa mga wala nang malay na lalaki. ""We didn't even get a single information from them.",anger,anger
"I punched his chest in return. ""Did you say something?"" inosente kong tanong habang nauubo siya.",anger,anger
"""P-pinadala niya ba kayo rito?"" tanong niya habang nakatingin sa tatlo na ngayon ay naglalakad na papunta sa amin. ""You set me up! H-hindi ako a-ang pumatay sa kanya!""",fear,fear
Pagkabasa ko no'n ay napatingin ako sa wala nang malay na Rick Torres at naintindihan ko na kung bakit gano'n ang ikinilos niya kanina. He was living in fear for the past three years because of this guy who wanted to set him up as the murderer.,sadness,sadness
"""High probability,"" sagot ni Hayate.",fear,fear
"""Who's that?"" tanong ni Hayate.",fear,fear
"Pumunta kami sa main gate para magtanong pero may kakaiba akong naramdaman sa lugar na 'yon. I instinctively reached for my dagger but I realized I only brought a taser and a handcuff. But what surprised me was the guard did the same thing—his hands hovered over his holster, as if he felt some kind of danger.",fear,fear
"""Did you feel something a while ago?"" tanong ko ulit sa kanya.",fear,fear
"""Yes,"" mahina niyang sagot. ""Lagi kong nararamdaman pero hindi ko masundan. It's like a mixture of presence of several Shinigamis.""",fear,fear
"""Let's get straight to the point,"" sagot ko naman. ""You are going to get killed if you leave this school alone.""",anger,anger
"""Is this related to the news this morning?"" seryoso niyang tanong at tumango naman si Hayate.",fear,fear
"""Kana! Don't let him get away!"" sigaw ko habang tumatakbo papunta kina Luke at Hayate.",anger,anger
"""Assist Kana,"" mahinang sabi ni Hayate. ""He's a dangerous one. He aimed at my limbs, giving me no chance of resisting.""",fear,fear
"""Wow. This feels like we're in a medieval setting with your weapons,"" he commented. ""Pero sino ba kayo at niligtas n'yo ang halimaw na 'yon?""",joy,joy
"""Halimaw? You are the monster here,"" sabi ko naman. ""You killed several people because they they didn't let you in.""",anger,anger
"""Hinayaan nilang mamatay ang mga anak ko,"" he snarled with hatred in his eyes. ""If they only prioritized them instead of those privileged and entitled brats, this wouldn't have happened at all!""",anger,anger
"""Dahil nakita n'yo ang mukha ko, hindi ko hahayaang makalabas kayo rito ng buhay,"" he said while watching our every move. ""It's been a while since I last dissected a woman.""",anger,anger
"""What's inside this container?"" tanong niya at lalo lang kumunot ang noo ng lalaki.",anger,anger
"""Oh God, Kana, come on, don't die on me!"" sigaw ko at agad kong pinindot ang emergency button sa KT para humingi ng tulong kina Hiroshi.",fear,fear
"""You tried treating them on your own but you didn't have the equipment and medicines. Kung dinala mo sila sa ospital sa simula pa lang, malamang ay naagapan pa ng mga doktor ang kalagayan nila. It was your last resort and that cost them their lives. You used the symptoms of cholera to kill those you think robbed the lives of your children. Dehydration, wrinkled, bluish skin and exposed their stomach and intestines where the cholera bacteria thrive. You used them to remind your victims what they have done and you mutilated their bodies to challenge the police. Do you think your daughters would be proud of what you did?""",anger,anger
"""How is she?"" tanong ko nang makarating kami sa ospital kung nasaan si Kana.",sadness,sadness
"""You two,"" biglang tawag ni Hiroshi kaya napatingin kami sa kanya. ""I told you that weapon transportation has yet to be completed.""",anger,anger
"""H-he's right,"" dagdag ko naman. ""But we promise, it won't happen again.""",fear,fear
"""We're really sorry,"" dagdag ko ulit.",sadness,sadness
"""It's been a long day. We have to rest,"" sabi ni Hayate.",sadness,sadness
"""Is this connected to the first incident?"" mahinang tanong ni Kana.",sadness,fear
"Napabuntong-hininga na lang ako. ""I can't. Hindi ba kayo nacu-curious sa sinasabi ng Shinigamis na nakalaban natin?""",fear,fear
"""Nandito siya,"" he said. ""Call for backup. This piece of shit has been subdued.""",anger,anger
"""Can you feel that?"" tanong ko kay Hayate. ""Are there any Shinigamis nearby?""",fear,neutral
"""This is bad. We need to get her out of there,"" sabi ni Hayate.",fear,fear
"""Pasalamat ka hindi pa ako makagalaw,"" Kana said as she threw dirty looks at him.",anger,anger
"""Are you feeling okay now?"" tanong ko sa kanya pero hindi agad siya nakasagot. She just stared at the ceiling and I realized how dumb my question was. Of course, she wouldn't be.",sadness,sadness
"""How about us?"" tanong ko. ""Do you think you don't belong here with us?""",sadness,fear
"""I'm not wearing that ever again,"" matigas kong sabi matapos kong maalala ang pinagdaanan namin dahil sa device na 'yon.",fear,fear
"""Be careful, you two,"" biglang sabi ni Hayate sa earpiece namin. You're entering a high-pressure area.""",fear,fear
"""We're nearby,"" sabi ni Hayate kaya nakahinga ako nang maluwag.",joy,joy
"Napangiti naman ako sa narinig ko. ""Yeah. I'm sure they have their reasons.""",joy,joy
"Kana replied with a laugh. ""My god, J, ang clingy mo. Don't worry, I'll contact you later.""",joy,joy
"""Pagtitripan mo na naman,"" sabi ni Hayate kaya napangiti ako. ""I won't be surprised if he resents you when he grows up.""",joy,joy
"""Ayos ka na ba?"" he asked in a gentle tone.",joy,joy
Rielle's wishes broke my heart. Paano pa kaya si Hideo?,sadness,sadness
"If the council won't allow her to live inside the campus, she can have my cabin in the forest. Pwede mo siyang dalawin doon.",fear,fear
Hindi ko alam kung ilang oras akong nakaupo lang doon habang patuloy na umiiyak. It was hard to tell the time because of the thick canopies of trees blocking the sky,sadness,sadness
Isang malalim na buntong-hininga ang pinakawalan ko. I relaxed my body and started walking toward the cabin when I felt that sinister air again,sadness,sadness
"Umiling naman siya. ""We had to knock her out,"" she continued, ""or else she'd be overwhelmed""",fear,fear
"""I'll be back!"" sigaw ko pabalik",anger,anger
"""You can't leave yet,"" mahina kong sabi at muli niya akong sinamaan ng tingin. ""May trackers sa labas.""",fear,fear
"""Ngayon lang kita nakita,"" she said. ""Quite surprising that you don't have any critical wounds.""",sadness,sadness
"I snickered. ""I guess naka-graduate na ako sa pagiging pasyente mo.""",sadness,sadness
"Kumunot ang noo ko. ""For what . . .""",anger,anger
"""Let's go,"" sambit ni Mayu.",sadness,sadness
"""Why are you covered in wounds?"" tanong niya habang papunta sa direksyon ko.",sadness,sadness
"""Hah!"" I scoffed. ""Galing talaga sa'yo, ha? Sino kayang hindi natutulog?""",anger,anger
"""A-anyway, ano na ang naging desisyon ng Council?"" I asked, trying to shift the topic, though it was still about Mitsuo.",fear,fear
"""Wala bang Class S missions for Intel department?"" tanong ko.",sadness,sadness
"Napaayos naman ako ng upo. ""Why?! I want to—""",anger,anger
"""Your body was way beyond its limit,"" sabi ko at muling napatingin sa hiwa sa dibdib niya. ""Hindi ka pa talaga makakagalaw lalo na at damaged pa ang 
 internal organs mo.""",sadness,neutral
"""How?"" sabay tingin niya sa akin. ""I can only kill for them. Will that count as protection?""",anger,anger
What the hell are you doing?' pagalit niyang tanong.,anger,anger
"Oh, well. Might as well rest here. Saka na lang ako aalis kapag sumikat na ang araw.",sadness,sadness
"""It's just a scratch,"" I chuckled. ""Wala lang 'yan.""",sadness,sadness
"""Oo nga. May bahay ka naman sa village,"" added Akira. ""Ang layu-layo mo 
 tuloy.""",sadness,sadness
"Excuse me, hindi babysitter ang role ko rito, ha!",anger,anger
"""Seryoso ka ba?! Me? An instructor?"" I asked while pointing at myself.",anger,anger
"""Don't worry, I can't wait to leave this place, too,"" sagot naman niya.",sadness,fear
What the hell are those?' tanong niya.,anger,anger
"""Hey,"" tawag niya habang nakatingin pa rin sa puntod ni Akemi. ""This place does not have a barrier, right?""",fear,fear
"""You're still having nightmares?"" tanong ni Mayu.",sadness,sadness
"""Seryoso na ba 'yan?"" I beamed, my hopes getting up.",fear,fear
"""Shh . . ."" alo ko. ""Your mommy is alright,"" I said as I choked back my tears.",sadness,sadness
"""Why are you here?"" matigas kong tanong.",anger,fear
"""Leave,"" I said as I walked toward his direction but I was surprised when he threw something. Agad ko iyong sinalo. It was a bloody knife and a pistol.",anger,anger
"I slowly approached my bed and plopped beside him. ""Please leave,"" I mumbled. ""Gusto ko nang magpahinga.""",sadness,sadness
"Nanatili akong nakatalikod sa kanya at tumango. 'Oh, these are nothing,' I chuckled. 'My body's fine.'",sadness,sadness
"""You said you would protect me,"" she said. ""Bakit mo ako hinayaang mamatay, Michiko?""",sadness,sadness
"""You've failed again, didn't you?"" dagdag pa ni Akemi.",anger,anger
"""Why don't you just join us?"" sabi naman ni Mitsuo.",sadness,sadness
"Agad siyang sumimangot. ""Yeah. Late na sila ng three minutes and twenty two seconds. Lagi na lang.""",sadness,sadness
"""You're going to give her the letter tomorrow, right?"" tanong ko.",sadness,fear
"""Yup,"" she replied. ""I'm sure magugulat ang batang 'yon.""",fear,fear
"""Nightmares again?"" tanong ko.",sadness,sadness
Are they here? Nasaan sila? Malapit na ba sila?,fear,fear
"""So . . . only Haruka and Daiki were there?"" tanong ko",sadness,sadness
Yeah. Hindi ba may isa pang Elite si Akemi? Did he die that night?,sadness,sadness
"""The heck is this?"" bulong ko sa sarili ko.",anger,anger
"""What lies are you telling her, Nathalie?"" bungad niya.",anger,anger
"""Merry Christmas,"" bati ni Naomi habang nakangiti.",joy,joy
"""Merry Christmas din,"" I returned to both Naomi and Hideo.",joy,joy
"""Bakit ka nandito?"" tanong ko habang palapit sa kanya. ""You do know that it's more dangerous now that they have raised the defense sys—""",fear,fear
Wow. Akala niya ba ay hotel 'to na pwede niyang puntahan kung kalian niya lang gusto?! And why would he even sleep here?!,anger,anger
"""Ang tagal mong gumising,"" he complained.",anger,anger
"""You're leaving?"" tanong ko.",sadness,fear
"""May I visit her?"" tanong niya.",sadness,fear
"""Huh? That kid? Bakit?"" tanong ko. ""And they allowed him to enter the island?""",anger,fear
"""Uhh . . . so what were they doing here?"" tanong ko habang nakatingin sa bandang bintana.",fear,fear
"""So, you'll return there?"" tanong ko.",sadness,sadness
"""Do you want to know the answer?"" dagdag niya",sadness,neutral
"""Whoa, ang ganda rito,"" I blurted out as I stood by the window.",sadness,joy
"""Ma'am Michiko,"" tawag niya habang hinihingal. ""One more time.""",fear,fear
"Ano ka ba, be proud! That's like having my fighting style and Mitsuo's in a single person.",joy,joy
"Hmm, wala na for this week.",sadness,sadness
"""How is he?"" tanong ko.",fear,anger
"""Where is he?"" tanong ko kay Hideo.",neutral,neutral
"""Do you want to see him?"" I nodded. ""Follow me.""",neutral,fear
Sinundan ko siya hanggang sa makarating kami sa isang lugar na ayaw na ayaw kong puntahan pero wala akong magagawa dahil nandito siya. Huminto kami sa harapan niya at iniwan ako ni Hideo mag-isa.,neutral,neutral
"""So you're also here."" Kahit hindi ako lumingon ay alam ko kaagad sa boses niya na si Michiko ang dumating.",neutral,neutral
"It's been four days after the war but everyone's still in the process of recovering. I also know that he's got my ability to read closed minds and having a closed mind but despite that, I can still read his superficial thoughts.",neutral,neutral
Nakaupo siya ngayon sa couch at nakatulala kaya naman lumapit ako at pumwesto sa likuran niya.,neutral,neutral
I gently massaged his temples to calm his thoughts but his eyes flew open.,neutral,neutral
"""Stay still,"" I ordered. ""This will somehow soothe your mind.""",neutral,anger
Tumahimik naman siya at habang nakatingin ako sa kanya ay naaalala ko si Vince. Their serious expressions are the same.,neutral,neutral
Mitsuo's whole body was covered with blood after killing Raizo. He stood quietly after that and his spear slipped out of his hand.,neutral,fear
"""It's not your fault, Nathan,"" bulong ko sa kanya. ""You're just a child that time.""",neutral,sadness
He slowly nodded and we stayed like that for a few minutes.,neutral,neutral
"Beneath his stone-cold expression and a leader-like aura, I know that he wants someone who can understand him and someone to depend on.",neutral,sadness
Nung maging kalmado na kaming pareho ay naghiwalay muna kami dahil marami pang kailangang gawin. Pinatawag ako ni Hideo kaya naman pumunta agad ako sa office niya.,neutral,neutral
Muli kong naalala ang unang beses na nakita ko siya at ang mga nangyari pagkatapos nun.,neutral,neutral
"""Sino kaya ang makakasama natin for this year?"" tanong ni Akira.",neutral,neutral
"""Isa lang daw ang madadagdag sa Atama Family,"" dagdag ni Michiko.",neutral,neutral
"""At least, meron. This is the first time na may madadagdag sa batch natin,"" sabi naman ni Mayu.",neutral,neutral
"""Quiet down,"" biglang sabi ni Hideo kaya napatingin kami sa kanya pero siya ay nakatingin lang doon sa nag-aannounce ng classes sa harapan.",neutral,neutral
"""Sungit,"" sabay-sabay naming sabi sa kanya pero wala man lang pagbabago sa expression niya.",neutral,neutral
"Simula na naman ng panibagong school year at sabi sa amin ni Sir Kyo, may magiging bagong member daw ng Atama Family.",neutral,neutral
"Mula mga bata pa kami ay magkakasama na kaming lima kaya naman hindi ko alam kung magiging maganda ba ang mangyayari. Pero wala naman na kaming magagawa dahil sa ayaw at gusto namin, makakasama pa rin namin siya.",neutral,neutral
"Nung pinapasok na ang transferees ay tinaas ni Akira ang hwak niyang cardboard na ang nakalagay ay Atama. Napatingin naman ako doon sa isang lalaki na halos green na ang mata, and I'm sure na siya ang sinasabi ni Sir Kyo.",neutral,neutral
"""Seems like there's another one,"" sabi bigla ni Hideo at nung nakita ko ang babaeng katabi nung lalaki ay nakita kong greenish na rin ang mga mata niya.",neutral,neutral
"""Akala ko ba isa lang? But you're right. That girl seems special,"" sabi ni Mayu at dahil sa pag aayos niya ng salamin ay alam kong nag-aanalyze na siya.",neutral,neutral
"Tumayo sila sa unahan kasama ng ibang transferees at 'yung preschool students na magsisimula pa lang. As expected, dito nga pumunta 'yung lalaki, his alternative name's Mitsuo, pero 'yung babae ay kausap ni Yamato hanggang sa umalis sila at mukhang may problema sa sorting ng family niya.",neutral,neutral
Pagsasabihan ko na sana siya pero hinawakan ni Hideo ang braso ko saka siya tumingin sa akin.,neutral,neutral
Natahimik naman ako sa sinabi niya. I will never win an argument against this guy.,neutral,anger
"After ng orientation, pumunta na ang families sa kani-kanilang dorms kaya naman nagsibalikan na rin kami. Magkasamang naglakad sina Hideo at Mitsuo at nung tinignan ko sila ay wala man lang umiimik. Sinukuan ko na sila at bumalik na lang kami sa kwarto namin.",neutral,neutral
After a few minutes ay biglang tumayo si Akira kaya nagulat ako.,neutral,neutral
Bigla naman siyang tumakbo papunta sa pinto at agad niya 'yung binuksan kahit na wala pa namang kumakatok.,neutral,neutral
"Her actions radiates defensive instincts that's why I immediately stopped the time at our perimeter. After that, tumingin siya sa akin at alam ko na pinapakiramdaman niya rin ako at alam niya ring ako ang may gawa nun.",neutral,neutral
"Ginulo lang siya ni Akira at dumagdag pa si Michiko nung pumasok sila ni Mayu rito sa kwarto namin. Nag-usap din kaming dalawa using inner voice dahil siya lang, bukod kay Hideo, ang nakakablock ng pagbabasa ko ng isip nila.",neutral,neutral
"After an hour, tinawag kami ni Hideo kaya naman bumaba kaming lima. Pagdating namin sa harapan ng dorm, nakatayo roon si Hideo at Mitsuo.",neutral,neutral
Pagkasabi nun ni Michiko ay lalong kumunot ang noo ni Mitsuo kaya naman hinatak ko na siya palayo sa kanya dahil baka kung ano pang mangyari. Ayokong magkaroon kaagad ng gulo dahil umaga pa lang. At malala ang kinalalabasan kapag dalawang miyembro ng Atama family ang naglaban.,neutral,neutral
"""Sorry. Sinasabi niya talaga lahat ng gusto niyang sabihin,"" sabi ko kay Mitsuo.",neutral,neutral
Nakahinga ako nang maluwag nung lumipat ang tingin niya sa iba. Nag-usap-usap lang kami and after that ay nagdecide si Hideo na i-tour sina Akemi at Mitsuo sa buong campus. Maglalakad na sana kami pero biglang napahinto si Akira.,neutral,neutral
"""Gising na si Hiroshi,"" sabi niya habang nakatingin kay Mayu.",neutral,neutral
"""I'll be back,"" sabi naman ni Mayu.",neutral,neutral
Pagbaba ni Mayu ay buhat na niya si Hiroshi at kinuha naman siya ni Michiko mula kay Mayu. Nauuna sina Hideo at Mitsuo sa amin at habang naglalakad kami ay pinagtitinginan kami ng ibang estudyante.,neutral,neutral
Atama family members are famous inside and even outside the campus. Kaya hindi nakakapagtakang maraming nakakakilala sa amin.,neutral,neutral
Napatigil naman kaming pito nung biglang binaggit ni Hiroshi ang pangalan ni Mitsuo. Then I realized na baka kaya niya sinabi 'yun ay dahil first time niya lang na narinig 'yun sa sentence na sinabi kanina ni Michiko.,neutral,neutral
"""Are you afraid of kids? Or you just can't handle them?""",neutral,neutral
A small house.,neutral,neutral
"An old man with a huge bardiche, a pole weapon that has a sharp, long and cleaver blade at the end that is usually used in decapitation.",neutral,neutral
"""Take care of this snot. I need to do my job.""",neutral,neutral
Looks like you're interested with him.' Napatingin naman ako kay Hideo na lumalayo kina Akira dahil alam niyang malapit nang ipasa sa kanya si Hiroshi.,neutral,neutral
"Aren't we the same?' tanong ko and this time, tumingin ako kay Akemi.",neutral,neutral
Yeah. I think so.',neutral,neutral
And being curious about him isn't that bad either.,neutral,fear
Nandito kami ngayon sa agency dahil kailangan naming i-solve ang case na dumating.,neutral,neutral
"Of course, Mitsuo and Akemi looked lost. I am actually observing their movements since we don't know their backgrounds.",neutral,neutral
"Even though they seemed nice, their alertness and defensive instincts aren't normal. Either they are not familiar with this kind of environment and situation, or they are hiding something from us.",neutral,neutral
"Nang makarating na kami sa bangko kung saan nangyari ang krimen, napatingin kaming lahat sa expressions nilang dalawa.",neutral,neutral
"""Oww. Akala pa naman namin magffreak out kayong dalawa kasi first time niyo sa isang case,"" sabi ni Akira sa kanila.",neutral,neutral
"""Sanay na ako,"" sagot ni Mitsuo.",neutral,neutral
"""Ako rin,"" sabi naman ni Akemi.",neutral,neutral
Nagkatinginan agad kami ni Hideo. They looked relaxed while looking at the dead body. Maybe this is a normal thing for them? But what kind of job or environment would make them like this?,neutral,neutral
"""O ito, gamitin mo,"" sabi ni Michiko habang inaabot sa kanya ang gloves. ""Wag na 'wag kang hahawak ng bangkay with bare hands. Baka makuha nila ang fingerprints natin. You know, kakaiba ang katawan natin kaya siguradong magsususpect ang humdrum community.""",neutral,neutral
"After that, nagpatuloy kami sa pag-iinvestigate at napatigil kami nung may sinabi si Mitsuo.",neutral,neutral
"""Gusto kong makita 'yung bullet wound,"" sabi niya.",neutral,anger
"""I want to see it, too,"" sabi niya sabay tingin sa akin. ""Naomi.""",neutral,neutral
"Well, I can't say no to him. Tumingin muna ako sa paligid kung may nakatingin sa amin. When I confirmed that there are no bystanders near us, I warned them.",neutral,fear
"""You only have three seconds. Kaya gawin niyo na lahat within three seconds,"" I said and breathed deeply.",neutral,neutral
"I calmed my mind and visualized the surroundings. The humdrums, the police officers, the things around us, my comrades, and the body. With a snap of my mind, all people and things, except the seven of us, within my radius lost their ability to move. Instantly, the time of this dimension froze.",neutral,neutral
The people started moving again. Naglakad naman sina Hideo papunta kay Mayu para i-analyze ang nakita nila sa bullet wound. Susunod na sana ako pero biglang umikot ang paningin ko.,neutral,neutral
"""Careful,"" biglang bulong sa akin ni Mitsuo at doon ko lang narealize na nakaalalay na siya sa akin. Tinulungan niya akong tumayo at kinalma ko ang sarili ko.",neutral,fear
"Agad naman akong umayos nang tayo at nakita kong nakatingin sa amin sina Akemi at Hideo kaya tumango na lang ako. After that, dumiretso na kami kay Miyu para pag-usapan ang case. Nung nasa loob na kami ay inabutan kami ni Mayu ng autopsy report at isa-isa na kaming nagbigay ng insights.",neutral,neutral
"""Bakit hindi mo binabasa?"" tanong niya dahil nilapag na ni Mitsuo ang report sa mesa.",neutral,neutral
"""Nabasa ko na."" Pagkasabi niya nun ay napatingin kaming lahat sa kanya maliban kay Hideo na patuloy lang na nagbabasa ng report. Tinanong pa siya ulit nina Michiko at Akira kung talagang nabasa niya at um-oo naman siya.",neutral,neutral
"""Wait,"" sabi ko at tumingin ako sa report. ""Second page. Fourth paragraph. First sentence.""",neutral,neutral
"""The bullet was from a gun called Mamba pistol which automatically loads bullets and can be used by a man or a woman,"" he precisely answered.",neutral,neutral
After a few minutes ay nakita naming lumabas sina Akemi at Hideo sa may eskinita habang duguan naman 'yung murderer. I guess they already did it. Buti na lang at nasolve namin ang case within the time limit.,neutral,neutral
Ilang weeks na ang nakakalipas at every time na matutulog na kami ay laging si Akemi ang nahuhuli. I want her to see her sleep but she can stay all night long.,neutral,neutral
"Bumangon ako para uminom ng tubig at napansin kong wala si Akemi sa kwarto. Pagtingin ko sa oras, 3 AM na. Where did that girl go?",neutral,neutral
"""Someone's coming,"" he whispered. ""Two of them, actually.""",neutral,neutral
Nagsimula naman siyang maglakad at magsasalita na sana ako pero pinigilan niya ako.,neutral,neutral
"""Don't ask or follow me,"" sabi niya habang nakatingin sa akin.",neutral,neutral
"""Because it's none of your business."" Pagkasabi niya nun ay mabilis siyang naglakad hanggang sa naglaho na siya sa dilim. But he's right. It's none of my business. Maybe I should head back.",neutral,neutral
"After that night, bumalik kaagad ako sa dorm at paggising ko ay naabutan ko si Akemi na may hawak na libro. Lumapit ako sa kanya at pagtingin ko, ancient Erityian writings ang nakalagay sa libro.",neutral,neutral
"""Yeah right. Nakita ko na so no need to hide it.""",neutral,neutral
Matagal ko nang nakikita ang Erityian writings sa ilang buildings dito. Ang iba ay nakaukit sa ilang parte ng mga kwarto pero hindi ko na pinapansin dahil hindi naman na iyon ginagamit. Hindi ko alam na may mga libro palang nakasulat gamit iyon.,neutral,sadness
Lumabas kami sa kwarto at mukhang nauna na sina Michiko at Mayu dahil wala na sila sa loob ng room nila.,neutral,neutral
Saktong pagbaba namin ay naabutan namin sin Hideo at Mitsuo.,neutral,neutral
Our eyes met and I remembered what happened last night. He suddenly broke his gaze and stood behind Hideo.,neutral,neutral
Hindi ko na lang din siya pinansin at pagkatapos ng klase namin ay nagpatuloy kami ni Akemi sa pagdedecode.,neutral,neutral
Nalaman ko rin ang sixth sense niya dahil sinadya kong matapilok habang dala ko ang dalawang baso ng juice para sa amin.,neutral,neutral
"Before the glasses hit the floor, she quickly repelled them and they broke upon contact with the wall. So her sixth sense is repulsion, huh.",neutral,neutral
"After a few days, nagkaroon na rin kami ng ideas about the corresponding letters, numbers and punctuations. We decoded several pages of the book.",neutral,neutral
Napansin ko rin na laging nawawala si Akemi kapag madaling-araw. Lagi akong nagsasabi na matutulog na ako pero ang totoo ay binabantayan ko ang bawat kilos niya.,neutral,neutral
Pagkatapos ng Psychology class namin ay naglakad agad kami pabalik sa dorm pero napalingon ako nung nakita kong magkausap sina Akemi at Mitsuo pero hindi ko marinig ang usapan nila.,neutral,neutral
Pagbalik namin sa dorm ay agad na nakatulog sina Akemi at Akira kaya naman ako lang ang nagdecode sa naiwan naming pages. After some time ay nahilo na ako at sumakit na ang ulo ko kaya naman napagdesisyunan kong lumabas muna. Halos 7 PM na rin kaya naman kinuha ko ang jacket ko at naglakad papuntang plaza.,neutral,neutral
"The lights below the fountain changed their colors, as the water danced with the faint music coming from the nearest stall.",neutral,neutral
"""What do you mean by that, Sir?""",neutral,fear
"After those vague statements, he walked away from me. Nanatili naman ako sa bench at pinanood ulit ang fountain pero naglakbay na ang isip ko sa mga sinabi niya.",neutral,neutral
"He's right. Unang tingin pa lang ay alam kong may kakaiba na sa kanilang dalawa. Both of them are tight-lipped when it comes to their personal information and when I tried to read their minds, I can only see and hear the surface of their thoughts. They know how to conceal the confidential and critical data inside their heads.",neutral,neutral
"""Naomi?"" Akira woke up and she looked at me, confused. ""Hindi ka natulog? Aba, nahahawa ka na kay Akemi—wait, nasaan si Akemi?""",neutral,neutral
"""She didn't come back,"" I said while scribbling symbols on the paper. Nagdecode na lang ako buong magdamag dahil hindi ako makatulog.",neutral,neutral
"Dahil may klase pa kami ay nagprepare na kami ni Akira at tinigilan ko muna ang pagdedecode, though malapit na akong matapos sa first chapter. Nung paalis na kami ay saka lang bumalik si Akemi at sinabihan niya kami na mauna na lang kami.",neutral,neutral
"""Well, yeah. Pero for sure ay binabantayan din naman sila ng higher ups. Baka nga maging Council of Elders ay tinitignan ang kilos nila.""",neutral,neutral
"""They are hiding their background,"" dagdag ko. ""And they must have a reason for doing that. I want to know those reasons.""",neutral,neutral
"""You sound like Hideo,"" sabi naman ni Akira. ""Habang tumatagal, nagiging pareho na kayo ng takbo ng utak. Baka sa susunod niyan, hindi na namin kayo naiintindihan ha?""",neutral,neutral
"A Senshin can only be allowed to enter this place if he or she is born here, or through transferral. The administration will send letter to the guardians and school, or someone from Tantei High will recommend the Senshin to be transferred here.",neutral,fear
Bumalik naman sa kasalukuyan ang isip ko nung narinig kong may tumawag sa akin. Doon ko lang narealize na nandito na rin si Akemi at tinuruan kami ni Sir Kyo ng ilang self-defense moves pati na rin sa pag-corner sa criminals kapag nakatakas sila.,neutral,neutral
Nilibot ko ang paningin ko sa buong kwarto pero wala pa rin si Akemi kahit hatinggabi na. That girl. Maybe she's lurking around the campus and forest again.,neutral,neutral
Dahil nakapagpahinga na ako ay kinuha ko ang librong hiniram ko kay Akemi at binasa ko ang nadecode ko last time.,neutral,neutral
The first chapter is just the summary of the beginning of the Erityian race and the succeeding chapters discussed the sixth sense and the power that lies beyond it. I'll decode those parts later.,neutral,neutral
Nakatulala lang si Akira sa amin habang inaayos ko ang papers na pinagsulatan ng decoded chapters ng book. Halos nasa kalahati na kami pero dahil ang sakit na ng mata ko ay tinigil ko muna.,neutral,neutral
Akemi fell asleep on the floor and I didn't wake her up since she seems tired these past few days. Buti na lang at wala kaming pasok ngayon kaya makakapagpahinga na ako.,neutral,neutral
"Naghilamos lang ako at nagbihis, then after that ay umalis na kaming dalawa at iniwan namin si Akemi sa kwarto.",neutral,neutral
"""Kanina ka pa niya tinatawag,"" I said while looking at Reina.",neutral,joy
Nakahawak lang si Mitsuo sa dibdib niya at pinipigilan niya pang maubo. Hindi ko naman madescribe ang expression na ginawa niya no'ng tumingin siya kay Reina. Bago pa siya makagalaw ulit ay hinawakan na ni Reina ang kamay niya.,neutral,neutral
We went to the ice cream parlor and waited for our order.,neutral,neutral
"""Kuya Misho?"" tanong ni Reina nang mapansin niyang gumalaw ang lamesa.",neutral,neutral
"Pabalik na kami ni Akira sa dorm nang bigla kong makita na magkasama sina Hideo at Mitsuo, at naglalakad sila papunta sa direksyon namin.",neutral,neutral
Naudlot naman ang pagdedecode namin dahil sa isang case at no'ng nakasakay na kami kay Miyu ay kinuwento ni Akemi ang ginawa niya at ang pagkuha niya sa libro.,neutral,neutral
"Napatingin ako kay Akemi at nakatingin naman siya sa labas, na nakaproject sa gilid ni Miyu. Nang makarating kami sa crime scene ay agad kaming lumabas at nangalap ng clues.",neutral,neutral
"Mitsuo shot the two Shinigamis that jumped off the building but they easily deflected it using the debris falling with them. Using my steel fan, I cut the falling debris into smaller parts to lessen their impact to us.",neutral,neutral
"""The agent is there?"" rinig kong tanong ni Dana.",neutral,neutral
"Nagising naman ako dahil sa ingay at naramdaman ko ang pag-angat ng katawan ko. Pagmulat ko, nakita ko kaagad si Mitsuo. He's carrying me in his arms.",neutral,neutral
Nanatili siyang nakatayo roon at hindi ko alam kung ano ang iniisip niya ngayon. I can't read his mind anymore. Sinubukan kong umayos ng posisyon at nagawa ko namang umupo.,neutral,neutral
Bigla naman akong napaisip sa mga nangyari noong nakaraan kaya tumingin ako sa kanya.,neutral,neutral
"I really found it weird, I mean those Shinigamis. It was like they knew us and the Custos agent was too strong but they still divided their forces and chose to fight us. Why? Do they have a hidden motive? What is it?",neutral,fear
Hindi na namin natuloy ang usapan namin dahil bigla na lang pumasok sa kwarto sina Hideo at Mitsuo. Mitsuo approached me and he held my wrist.,neutral,neutral
Pagkatapos ng case ay ipinahinga ko kaagad ang paa ko dahil sa pagtakbo at paglalakad na ginawa namin. Bigla ko tuloy naalala ang pagiging show-off ng dalawang lalaking 'yon during the investigation.,neutral,neutral
"Watching them a while ago made me realize his talents, though he's still as cold as ever.",neutral,joy
Naalala ko naman no'ng bigla akong tinanong ni Akemi about sa kanya no'ng nasa crime scene kami. I can't really answer her in a precise manner since I don't understand these feelings yet. Hideo's the only guy I am close with but I see him as my brother.,neutral,neutral
"Napadilat naman ako dahil sa dami ng iniisip ko at pagtingin ko ay wala na naman si Akemi. Tsk. That girl. Saan kaya siya pumupunta at lagi na lang siyang umaalis kapag mga ganitong oras? Though, mukhang mas maaga siyang umalis ngayon.",neutral,sadness
Tumayo ako at dahan-dahan kong inilakad ang paa ko. I can't sleep anymore so I decided to follow her. Dahil ayaw kong mawala siya sa paningin ko at agad akong lumabas at hindi ko naisip na magdala ng jacket.,neutral,neutral
Tiniis ko na lang ang lamig at sumunod sa kanya pero napatigil ako no'ng nakita kong lumabas din ng dorm si Hideo. Nagtago ako sa bandang blindspot ni Hideo at sinundan ko na lang sila ng tingin. I guess I'm not needed anymore.,neutral,neutral
Dahil nasa labas na rin naman ako ay naglakad na lang ako sa kabilang direksyon. Mukhang bukas pa ang ilang shops sa plaza dahil naririnig ko pa ang ingay mula roon. Nagstay na lang ako sa fountain area at umupo sa bench.,neutral,neutral
Pagkaharap ko sa kabilang direksyon ay may tatlong lalaki naman na nakatingin sa akin kaya napayuko na lang ako.,neutral,neutral
Naalala ko tuloy bigla ang usapan namin ni Akemi during the case a week ago.,neutral,neutral
Bumalik naman ang isip ko sa kasalukuyan at ako na lang ang tao rito sa dorm. Lumabas muna kasi si Akira dahil magtetraining daw sila ni Michiko.,neutral,neutral
Tumayo muna ako at balak ko sanang magbasa na lang pero may nahagip ang mata ko sa bintana. Naglakad ako papunta roon at nakita ko siya.,neutral,neutral
"""Anong ginagawa mo dyan?"" Narinig ko naman ang boses ni Akemi mula sa likuran ko. Nakabalik na pala siya.",neutral,neutral
"""Wala lang,"" I replied but she stood beside me and saw Mitsuo.",neutral,neutral
Nacurious naman ako bigla kung bakit siya pupunta ro'n at no'ng tinanong ko si Akemi ay hindi niya rin daw alam.,neutral,neutral
The paragraphs not having any significance might be because of the absence of its continuation.,neutral,neutral
"""You're right. Parang pinutol talaga ang paragraphs pero kahit na na-cut ay comprehensible pa rin naman kaso walang depth.""",neutral,neutral
"Hindi ko namalayang nakatulog pala ako after magdecode. Paggising ko, mag-isa na naman ako sa kwarto. Those two keep on disappearing when I'm asleep. I stood up and pulled my jacket out of the closet. Time to get that book.",neutral,neutral
"Dahan-dahan akong naglakad sa hallway hanggang sa makalabas ako sa dorm. Doon ako dumaan sa likod para walang makakita sa akin, at nagstay ako sa path ng mga puno para natatakpan ako. I checked the time and it's already 2 AM.",neutral,neutral
"After a few minutes ay nakarating ako sa library at dumaan ako sa bintana. Nang makapasok ako ay dumiretso agad ako sa restricted section. For sure, hindi ako kasya sa space sa taas kaya naman hinanap ko kung saan nakalagay ang susi. Naglagay muna ako ng gloves at mask para wala akong maiwang ebidensya.",neutral,neutral
"I searched nearby and I ended up at the librarian's quarter. Looking through her things, I saw a vault below the table and instead of a numerical code, there's a miniboard attached to it.",neutral,neutral
"For a couple of minutes, I've been trying to discover the etched figures or symbols and when I realized what are those, I immediately understood its mechanism.",neutral,neutral
"Hinawakan ko ulit ang gilid at this time, naging mabilis ang pagkilos ko dahil baka magbago na naman. Kinuha ko kaagad ang pen na nakakabit sa gilid ng vault at sinulat ang word na naramdaman ko.",neutral,neutral
"Agad akong tumakbo papunta sa restricted section at binuksan ang pinto. Pagpasok ko ay hinanap ko kaagad ang librong kapareho ng binigay ni Akemi, at matapos ang halos kalahating oras ay nahanap ko rin sa wakas. So this is the book, huh?",neutral,neutral
Doon ko narealize na tama siya. My mind was opened and I didn't even notice it.,neutral,neutral
"""Hay. Bakit ba ganito ang roommates ko?"" sabi niya habang nakatingin sa kisame.",neutral,neutral
Lumabas ako ng kwarto at hinayaan ko muna sina Akemi at Akira. Pumunta ako sa kabila at naabutan kong tulog si Michiko habang si Mayu naman ay inaalagaan si Hiroshi.,neutral,neutral
"""Hey,"" tawag ko at pareho silang tumingin. Bigla namang naglakad si Hiroshi papunta sa direksyon ko kaya umupo ako at sinalubong siya.",neutral,neutral
"""So? Ano bang pag-uusapan natin? Though I think I know it already,"" sabi ni Mayu nang makaupo kami sa bench malapit sa fountain. Madilim na pero dahil sa holographic lights sa plaza ay nagmukhang maliwanag pa rin ang paligid.",neutral,neutral
Nakita ko naman ang isang journal na sinulat ng sikat na Senshin historian.,neutral,neutral
"Nag-ayos na lang ako ng gamit dahil mamayang madaling-araw ay aalis na kami ni Akira, samantalang 'yong tatlo ay magsstay rito. The vacation before the Fielding has started and I can't believe that seven months have already passed. It felt like I used my sixth sense for a long time.",neutral,neutral
I was in the middle of packing my clothes when Akira approached me.,neutral,neutral
"""Hm?"" I put away my clothes and gave my attention to her.",neutral,neutral
"We trod inside the forest and using our weapons, cleared the wild plants and shrubs stems along the way until we reached the abandoned mansion in the outskirts of the city after a couple of hours. Actually, we could've crossed the lake and walked into the forest and we could've arrived at the park but there might be few people strolling and exercising around so this was a good choice.",neutral,neutral
We put our contact lenses and went on our separate ways.,neutral,neutral
Sumakay ako ng taxi nang makarating ako sa shed at tahimik na tumingin sa labas. Makalipas ang isang oras ay nakarating ako sa apartment na tinutuluyan ko tuwing bakasyon. Nagbayad ako at saka pumasok sa loob.,neutral,neutral
Inayos ko lang ang mga gamit ko at matapos no'n ay agad akong humiga hanggang sa tuluyan na akong makatulog.,neutral,neutral
"Pagdilat ko ng mga mata ko ay napabangon ako. I was a bit disoriented and when I looked at the time, it was already 8 PM. I can't believe I slept for about twelve hours.",neutral,neutral
"Bumangon agad ako at naligo. Pagkatapos no'n ay kinuha ko ang wallet ko para bumili ng pwedeng lutuin. Mayu has been the 'cook' in our family and whenever we have some free time, she would teach us, saying that we would need it when we have our own families.",neutral,neutral
Huminto naman siya nang makarating kami sa fountain area at umupo siya sa bakanteng bench. Naglaan siya ng pwesto sa tabi niya kaya tinignan ko siya at nang hindi siya umimik ay umupo ako.,neutral,neutral
May ilan pa siyang pinindot at inaccess hanggang sa may mapa nang nakalagay sa screen. The location was just several kilometers from here.,neutral,neutral
"I have never experienced passing out after reading an Erityian's mind until now. According to Mitsuo, I was asleep for about three to four hours. Talk about getting unconscious repetitively.",neutral,neutral
Nanatili akong nakasandal at siya naman ay nakaupo sa harapan ko. I already have an idea about his background though there are still some details that I don't understand. I need to hear it straight from him.,neutral,neutral
Naalala ko naman ang sinabi sa akin nina Michiko at Akira bago ako umalis.,neutral,neutral
"According to them, those Executioners kill Erityians and even humdrums who defy the laws of their community but almost all Erityians think that they are just a myth. However, sitting in front of me is the living proof.",neutral,neutral
"""Why is there a hidden clan of executioners? And where is this Shima island that you're talking about?"" tanong ko.",neutral,neutral
"""Our story goes back to our ancestors. Ishida Jikko, the head of the clan and Shou's right-hand man, killed hundreds of humdrums when they were in Germania. During that time, there was a religious war happening.""",neutral,neutral
"""The Thirty Years' War?"" I asked and he nodded. I remembered reading that when I researched about post-Holy Roman Empire.",neutral,neutral
"""I have a question,"" sabi ko kaya napatingin siya.",neutral,anger
Agad kaming sumakay sa raft na ginawa niya at mukhang kalmado naman ang dagat. Sana lang ay hindi na magpakita ang Huntres na nakalaban namin kahapon.,neutral,neutral
Tinignan ko naman ang paligid at wala pa rin akong nakikitang kahit anong isla. We were still in the middle of the ocean.,neutral,neutral
Siguro ay lima o anim na oras na ang lumipas nang biglang tumayo si Mitsuo kaya napatingin ako sa kanya. That was when I realized we were surrounded by fog.,neutral,neutral
"The island's ambiance was worthy of its name—it looked cursed. Its shape was similar to a volcano, making it more like a fortress or prison because of its dimensions.",neutral,neutral
"""Long story,"" sagot naman ni Mitsuo. ""What's the current situation?""",neutral,neutral
Napatigil naman ako nang marinig ko ang boses na 'yon sa labas.,neutral,neutral
Nagpahatak ako sa kanya hanggang sa makarating kami sa isang station kung saan may cabin lift na papunta sa plateau.,neutral,neutral
"We boarded one of the lifts and the line connecting the station and the plateau moved, taking the lift along with it.",neutral,neutral
"After talking to Lionel, Mitsuo marched towards my direction. Our boat was already prepared, along with supplies we would need throughout the trip.",neutral,neutral
"""Let's go,"" he said and we boarded the boat.",neutral,neutral
Ilang oras ang lumipas at nakarating kami sa pamilyar na lugar. Bumaba kami sa bangka at inalalayan naman niya ako.,neutral,neutral
"After several hours, we boarded Miyu and went to the organization's base. Along the trip, we received a case that happened in that same place so Akira contacted the police for back-up. When we arrived, the place was already in chaos.",neutral,neutral
We all went inside the building and Hideo narrowed down the suspects. It must be one of the staffs working in the top floor.,neutral,neutral
Kumilos naman ako para maghanda na at makalipas ang halos isang oras ay naayusan ko rin ang sarili ko.,neutral,neutral
He was sitting on the couch and I strode towards his direction. Pinaupo naman niya ako sa tapat niya at agad naman akong sumunod.,neutral,neutral
Tinawag ko kaagad si Dr. Miwako para tignan ang kalagayan niya at pagkatapos ng isang oras ay lumabas siya mula sa kwarto.,neutral,neutral
"I spent almost three months just to find the place where they exiled the traitors. According to the Intel department, it might be in the West, particularly in Alaska. I located them in an abandoned village and they were guarded by a group of Elites.",neutral,neutral
"Sa pagkakatanda ko, tatlo ang Elite ni Rielle pero dalawa lang silang nandoon—Haruka and Daiki, I think. I consulted Hideo about my plan and just like when we were young, we ended up modifying it with respect to the variables, making it the most efficient and possible way.",neutral,neutral
I looked at those two guys who kept on pestering me since we were children. Nandito pa rin ako sa classroom kahit na tapos na ang orientation dahil hindi ako makapaniwala sa narinig ko.,neutral,joy
"""C'mon, Reina,"" tawag ni Kana kaya napatingin ako sa kanya. Tumayo naman ako at kumapit ako sa braso niya.",neutral,neutral
"""Well, if you're asking me the probability of doing this within the time limit, I think it's about 67 —""",neutral,neutral
"Sir Eiichi gathered the graduating class of each family for orientation and discussion of requirements before the start of classes. After that, we headed back to the dorm but we halted in front of Midori building to look at the opening of the main gate.",neutral,neutral
"""Seems like it has started,"" Kana muttered while staring at the intelligence department staffs at the gate.",neutral,neutral
"""In 3 . . . 2 . . . 1 . . ."" I murmured.",neutral,sadness
"The final requirement for anyone in the Atama family is to catch a class S criminal—whether they are a humdrum or an Erityian. One year. That's the limit. Now prepare yourselves because for a year, you're going to live in the humdrum world.",neutral,neutral
My life had always been at standstill . . . until now. Tick tock. Tick tock. I think the clock is finally moving.,neutral,neutral
"I observed her tiny movements and the moment her eyes opened, I stood beside her bed.",neutral,joy
Tumalikod siya sa akin at tinalukbungan niya ang sarili niya ng kumot kaya agad ko naman 'yong hinatak. She groaned while trying to pull back her blanket but I already threw it on the side.,neutral,neutral
"I suddenly heard a buzzing sound behind me, a reminder that those guys were already awake.",neutral,neutral
"""I slept early while Hayate's busy with his current project,"" sagot niya.",neutral,neutral
He has a project?,neutral,anger
"Some sort of a collaboration, I think.",neutral,neutral
Nasa kalagitnaan kami ng pag-uusap nang biglang bumukas ang pinto sa banyo at lumabas si Kana na naka-towel lang ang katawan at buhok.,neutral,neutral
"I remembered her saying that word for the first time when she was just living here for a week. When she saw those two with their glasses as they talked about complicated stuff, she labeled them as meganerds—a play on megane and nerd.",neutral,fear
Nagsimula naman kaming mag-impake at nakita ko na naman ang bagay na 'yon sa mga gamit niya. She saw me staring at it so she threw it at my direction.,neutral,neutral
"Yes, she's an FBI agent of the Cyber Division, someone who has been living in the humdrum's world, upholding and enforcing criminal laws using her sixth sense and abilities. When she was introduced to us last year, we thought she was just a transferee from a Senshin family who lives in the humdrum world.",neutral,neutral
"""May meeting ba ulit ngayon?"" tanong naman niya. Isinauli ko na rin ang ID niya at nagpatuloy kami sa pag-iimpake.",neutral,neutral
"""Yup. Some last-minute reminders from Sir Eiichi,"" sagot ko naman.",neutral,joy
"Pagkatapos naming magligpit ng mga gamit ay lumabas na kami para um-attend sa meeting. We met the two at the lobby, along with the three guys from the lower batch.",neutral,neutral
"Lumapit naman ako sa kanila at inakbayan ko siya. Halos magkasingtangkad na kami at paniguradong tatangkad pa ang isang 'to. Parang dati lang, binubuhat ko pa siya.",neutral,neutral
He really gives off a vibe similar to him. To his father.,neutral,fear
"""Again, you need to log all your activities and through those phones,"" Sir Eiichi said while pointing at the device he gave us a while ago, ""your entries will be sent to the intelligence department.""",neutral,neutral
"""We will assume that something happened to you so don't forget to note down your observations and proceedings. Is that clear?""",neutral,fear
"""Yes, Sir,"" we answered in chorus.",neutral,neutral
"Pagbalik namin sa dorm ay kinuha agad namin ang mga maleta namin at sumakay sa shuttle. We were sorted according to our families and grouped into teams with four members. Luckily, the Atama family have exactly four people.",neutral,neutral
"""Yeah. The shorter the time we spend in arresting the criminal, the higher the grade. We should be preparing by now,"" sagot naman ng isa.",neutral,neutral
"Mukhang nagse-search na sila sa iba't ibang database ng potential targets. For families A to E, they are required to catch five A-class criminals each group while we, the Atama family, need to apprehend three S-class with at least one Erityian.",neutral,neutral
"We were the first group to be dropped off and we found ourselves standing in front of a simple apartment. The four of us entered the house and it has two indentical rooms, kitchen, bathroom, laundry area and a small living room. Nilagay agad namin ang mga gamit namin sa kwarto at balak ko na sanang mag-ayos pero napatigil ako nang mapatingin ako kay Kana.",neutral,neutral
"She was standing beside the windows and when she drew the curtain open, a huge digital billboard came into view.",neutral,neutral
"The serial murderer who disappeared three years ago made his return with a new victim. The body has the same condition of brutality with the victims several years ago. For a more detailed report, here's Nerisse Ocampo.'",neutral,neutral
"""A serial murderer, huh?"" Hiroshi said and I didn't even notice their movements.",neutral,neutral
"Jack Jr., huh? sabi naman ni Hayate kaya napatingin kami sa kanya.",neutral,neutral
Do you know him? tanong ko at in-adjust niya ang salamin na suot niya.,neutral,neutral
"I have read about his case three years ago. He was given that alias because of his victims, he explained.",neutral,neutral
"""Jack the Ripper,"" Kana muttered and right after that, the detailed report was shown on the screen.",neutral,neutral
"""Yes. He earned that name because he mutilates his victims' bodies and cuts them in half. We need to investigate this case since that guy is an elusive S-class criminal, sabi niya at"" pagkatapos no'n ay may lumabas na hologram sa relong suot ni Hiroshi.",neutral,neutral
"I just got some information about his cases, he added.",neutral,neutral
"""Well then, why don't we go to the crime scene?"" I suggested and the three of them agreed. Agad kaming nag-ayos ng gamit na dadalhin namin at pagkatapos no'n ay lumabas kami.",neutral,neutral
"Our first target has been determined and he should be counting down his remaining days as a free man. Or in this case, I'd be the one deciding that.",neutral,neutral
"Nandito kami ngayon sa crime scene habang itinataboy ng mga pulis ang mga tao. Luckily, the chief inspector is a Senshin and he's quite close to Sir Tora. When he saw us, he let us observe and investigate the scene which bothered some of the officers.",neutral,neutral
"Pagkakita pa lang namin sa katawan ng biktima ay napatigil na kami. Just like the description in the news, the victim was brutally murdered. His eyeballs were removed from their sockets, his abdomen was cut, revealing his stomach and intestines and his skin was unbelievably dry.",neutral,neutral
"""Are there any suspects?"" tanong ni Hayate kay Inspector Warren.",neutral,neutral
"""Yes,"" sabay tanggal niya sa sumbrerong suot niya. ""There are actually two suspects three years ago but due to insufficient evidence, we were forced to release them.""",neutral,neutral
"""One of them is Ariel Andrada, right?"" Kana chimed in and all of us were surprised by her input.",neutral,neutral
"""How did you know that?"" the inspector asked, still dumbfounded.",neutral,joy
Hindi naman sumagot si Kana at muli siyang tumingin sa bangkay na nasa harapan namin.,neutral,neutral
"According to the initial report, the victim is Gabriel Corpuz, a newly-licensed physician and one of the top ten takers. His friends were waiting for him in a nearby cafe when he suddenly texted a creepy message to one of them:",neutral,neutral
Mukhang hindi pa tapos ang pagpatay niya ng mga tao.,neutral,neutral
"The four of us stayed and gathered information about the case, especially now that there might be another victim.",neutral,neutral
Agad akong lumingon pero sa dami ng taong nakapaligid ay hindi ko matukoy kung saan ko nakuha ang pakiramdam na 'yon.,neutral,neutral
An Erityian is here.',neutral,neutral
"But I'm sure that that one isn't the criminal,' Kana chimed in while looking at the body.",neutral,neutral
"Yeah. This one is a work of humdrum,' Hiroshi added.",neutral,neutral
Lumapit naman sa amin si Inspector Warren at ipinakita ang ilan pang information na nakalap nila. Pagkatapos no'n ay nagdesisyon kami na magsimula na ring mag-imbestiga. Hayate and I wandered around the street where the body was found while Kana and Hiroshi stayed at the crime scene to examine the body with the forensic team.,neutral,neutral
"Agad namang nag-send si Hiroshi ng summary of report sa kanya-kanya naming KT, a device similar to a mobile phone. Erityians do not use electronic devices made by humdrums since we could be traced or tapped so the tribes usually have their own inventions or methods to communicate. For Senshins, the Technology department have invented several portable devices useful for times like this.",neutral,neutral
"According to the reports he found three years ago, three murders were committed by the same killer. The same brutality and method were observed and this person is quite clever because he or she didn't leave any traces of him or her. In addition, there were no patterns on the dates of the murders, as well as connections among the three victims.",neutral,neutral
"The first victim, RJ Narita, was found near his home with his mutilated body. The autopsy showed that he died due to dehydration and he was later cut up. The next victim was Samantha Dimos, a doctor, and she was killed three days after RJ's death. Her white coat was soaked in her own blood that it was initially mistaken as a scarlet dress. Her intestines were also removed and were later found in her own bag that was thrown in a nearby trash bin. The last victim three years ago was a nurse who was working in the same hospital as Samantha, Krista Conny. However, the weird thing was she was dumped into a drum of blue paint while some of her organs were outside of it.",neutral,neutral
"It seems like this guy has good medical knowledge when you look at the way he disemboweled his or her victims, Hayate commented while looking at the photos from the report.",neutral,neutral
But how did they arrive at the conclusion that these murders were committed by the same person? rinig namin sa boses ni Kana na mula sa KT.,neutral,fear
"""Even if I don't want to admit it, she's right,"" dagdag ni Hiroshi. ""The methods of death are different and the only thing that groups them together is how the organs were removed and scattered after killing them.""",neutral,neutral
"""It's the way the murderer opens their gut,"" sabi naman ni Hayate. ""Look at the pictures. Their wounds and the manner the organs were pulled out from their respective bodies are the same. Maybe that's why they reported it to be a serial murderer.""",neutral,neutral
"I suddenly remembered the first time I encountered their dimension. In our clan, the kids are taught basic tracking techniques and by the time they reach fifteen, they have to experience it firsthand. Well, in my case, since there was a war that time, I saw and felt the Black Dimension earlier than expected.",neutral,neutral
"Maging sa Senshins, hindi agad dini-discuss ang tungkol sa lugar na 'yon. The professors usually introduce them in their last year to prepare them for the final requirement since most of the families deal with cases involving humdrums.",neutral,neutral
Hindi ko na natapos ang sasabihin ko kay Hayate dahil biglang sumugod ang dalawa papunta sa amin.,neutral,neutral
"""A sword, huh?"" he muttered and he cut his thumb while rushing to those two Shinigamis. He propelled towards them without anything but before they could attack him, his favorite weapon —his broadsword—appeared straight on his right hand and came into contact with the enemy's sword.",neutral,neutral
"With the way they attack, I'm pretty sure they are Reapers. Buti na lang at hindi sila Elite dahil paniguradong mahihirapan kami kung lumabas sila rito lalo na't maraming humdrums sa kabilang street.",neutral,neutral
The other one lunged at me but I immediately summoned my twin shortswords and countered his spear.,neutral,neutral
He attacked me again and I could only defend myself. I couldn't attack him because of the length of his spear and his strength alone pushed me outside of my comfort zone.,neutral,neutral
"""A Shinigami tracker, I see,"" he said and I stepped backward as he overwhelmed me with his immense physical strength.",neutral,neutral
"""Good eyes, Reaper,"" I responded and used my agility to spin and target his back but despite his large body, he was fast. To find the tattoo on my nape even when I was moving . . . he has good eyes.",neutral,joy
He attacked me again and I could only defend myself. I couldn't attack him because of the length of his spear and his strength alone pushed me outside of my comfort zone.,neutral,neutral
Bigla naman akong nakaramdam ng matinding presensya at akala ko ay muling bumalik ang taong 'yon pero hindi ko inasahan ang mga sumunod na nangyari. Blood has splattered on my face and I saw the tip of a sickle protruding on the Shinigami's chest.,neutral,neutral
"This time, si Hayate naman ang may seryosong mukha. Nakatitig siya kay Kana at inayos niya ang salamin niya. Alam kong nagulat din siya sa mga pangyayari at ngayon ay naging curious siya kay Kana. Honestly, I thought she was a Shinigami a while ago. She just went straight to him and targeted his vital organ with a fatal blow.",neutral,neutral
"""We found a common point among the victims,"" Hiroshi said and a hologram appeared before our eyes. ""They were all employees from a private hospital.""",neutral,neutral
"""Wait, the doctor and the nurse, yes but the first victim wasn't,"" sabi naman ni Warren. ""He was working as a security guard for a firm.""",neutral,neutral
"We found the connection among the three victims three years ago, as well as to the suspects. According to the reports, Rick Torres also worked in the same hospital for a year and he was seen in the vicinity where the second victim's body was found while Ariel Andrada was caught in the CCTV in the place where the third victim was brutally murdered, one hour earlier.",neutral,neutral
"Speaking of Ariel Andrada, Kana seemed to know that guy. From what I heard, he's an elusive S-class and international criminal because of that incident.",neutral,neutral
"""So . . . is Rick Torres the murderer?"" tanong ni Kana.",neutral,neutral
"We grabbed some sandwiches from a café one block away from the crime scene and it was quite filled due to people who wanted to know what happened. I couldn't read a humdrum's mind, just like any other Erityian, but I could infer what one was thinking based on their expressions, habits and external factors. We were trained for that, after all.",neutral,neutral
Pagkatapos no'n ay umuwi muna kami sa apartment na tinutuluyan namin para mag-prepare. I equipped myself with a taser and a handcuff and Hayate did the same.,neutral,neutral
"He projected the information above the laptop and expanded it, occupying the whole room. The hologram was a city map, with various landmarks highlighted in different colors, but something was amiss. On the right side, the hologram of an area flickered uncontrollably and I realized it was three blocks away from the crime scene.",neutral,neutral
"""Well, according to his their co-workers, he had a big argument with Dr. Samantha Dimas, the second victim, and that was one of the reasons why he was on probation for months. Being a suspect worsened his status but it wasn't reported whether he was working on another hospital or became unemployed,"" sagot naman ni Hayate pero gaya kanina ay may kakaiba sa mukha niya. He seemed perturbed about this case and he had already closed his mind, not allowing any of his thoughts to be heard.",neutral,neutral
"Hindi naman siya pinansin ni Kana at nagpatuloy lang siya sa paglalakad. Hinayaan ko na lang sila dahil normal na ang ganitong sagutan, lalo na't may galit sila sa isa't isa.",neutral,neutral
Napunta kami sa isang apartment complex at dito nanggagaling ang bulk ng hits na naka-display ngayon sa relo ni Hiroshi. We went to our designated positions and carefully approached the place.,neutral,neutral
Dahan-dahan akong lumapit sa isang unit na itinuro nina Hayate at Kana. I was just a few meters away from the door when I heard Hayate's voice behind me.,neutral,neutral
"""Did you get heavier?"" Hayate grunted while I lay above him.",neutral,fear
"All of a sudden, the man found us and was about to fire at our direction again but I dashed at him as my twin swords appeared on my hands.",neutral,neutral
Napakunot naman ang noo ko nang marinig ko 'yon. The murderer's behavior was regarded a psychopathic but this guy seemed to be experiencing anxiety attack.,neutral,neutral
"""Kana,"" sabay tingin ko sa kanya at tumango naman siya. She approached Rick but he backed away and continued throwing rocks at us so she had no choice but to sedate him. Hiroshi and Hayate moved him inside and the four of us started investigating his apartment.",neutral,neutral
"As expected, he has medical kit and supplies that can be used as murder weapons. Hayate immediately tested them with luminol while Kana examined the tools and gadgets lying on his table and bed. I was about to search Rick's body but Hiroshi suddenly called our attention. Pagtingin namin ay nandoon na siya sa harap ng laptop ni Rick at agad niyang ipinakita ang naka-display sa screen.",neutral,neutral
"""His recent searches include the serial murders and a food poisoning incident that both happened three years ago,"" sabi ni Hiroshi.",neutral,neutral
"""Food poisoning?"" tanong ko naman.",neutral,neutral
"""According to an article, several college students were rushed to the hospital due to food poisoning and it seemed like we finally found the connection between the four victims.""",neutral,neutral
"True enough, on that day, the four victims were present. The latest victim, Gabriel Corpuz, was among the students who were rushed to the hospital where the nurse, Krista Conny, and the Dr. Samantha Dimos were working and the regular guard was relieved by RJ Nieta.",neutral,neutral
"""Is that his phone?"" tanong ni Kana. ""How did you unlock it?""",neutral,neutral
"""He's a doctor,"" sagot naman ni Hayate.",neutral,neutral
"""Stethoscope,"" he said and he went back to the lock screen, unlocked it by connecting the four dots, forming an inverted triangle with a line below it, and looked at us as if that should be a general knowledge.",neutral,neutral
"After that, he showed us the conversation of Rick and an unknown number three years ago.",neutral,neutral
"""Wait, let me access the footage that day,"" sabi ni Hiroshi at nagsimula na siyang mag-type ng kung anu-ano. Several holograms of alphanumerics also appeared around him and I didn't attempt to read them since I couldn't understand those things.",neutral,neutral
Matapos ang ilang minuto ay tumayo si Hiroshi at nag-project sa harapan namin ang video na sinasabi niya. Ambulances and cars simultaneously arrived at the hospital with a lot of students.,neutral,neutral
"Some were unconscious and some were clutching their stomachs and heads. As the influx of food poisoning victims increased, a man with two little girls on his arms, tried to enter the hospital but the guard, RJ Nieta, stopped him.",neutral,neutral
"We couldn't see his face but it seemed urgent as he grew impatient and shoved the guard away. When he got inside, he ran towards a nurse and a doctor but they were busy accommodating two food poisoning victims, one of which was Gabriel Corpuz. The guard he shoved searched for him and when he found him, he dragged him outside, not allowing him to pass anymore.",neutral,neutral
Agad namang nag-type si Hiroshi at may isa pang video na nag-appear sa harapan namin. It was the news right after the murder in which a teacher saved a kid from being hit by a car.,neutral,neutral
"""Hiroshi.""",neutral,neutral
"""News?""",neutral,neutral
"""That guy . . ."" sabay turo ko sa news video at napatingin ako sa footage three years ago. ""He was there.""",neutral,neutral
"""Yes. He's one of the food poisoning victims who were accommodated by Kristy and Samantha,"" Hayate confirmed.",neutral,neutral
The four of us immediately left the house after securing Rick since he might still get targeted by the killer. We assumed that he would be on the move because of the news earlier and the probability of him monitoring Rick would be low if that was the case.,neutral,neutral
"""If the murderer doesn't have any information about the students, he can't kill them. Maybe that's the reason why he didn't have any movement for three years. However, both of them appeared on national television. Gabriel for being one of the topnotchers and this guy for his heroic deed,"" Hayate explained as we dashed away from this zone.",neutral,neutral
"""Got his details,"" sabi naman ni Hiroshi habang tumatakbo kami. ""He's Luke Borja, 22 years old, a fresh graduate and currently teaching high school students.""",neutral,neutral
"""Do you know where he is right now?"" tanong ko.",neutral,anger
"""He's currently teaching at St. Joseph Academy, about four streets away from here.""",neutral,neutral
"""Well, then, let's visit that school.""",neutral,neutral
"Good thing was, there were a lot of trees surrounding this school so staking out wasn't a problem. The faculty room was about fifty meters away from us but we couldn't just trespass.",neutral,neutral
Napatingin naman kaming tatlo kay Hiroshi dahil bigla siyang tumalon pababa at buti na lang ay walang nakatingin na mga estudyante sa direksyon namin.,neutral,neutral
"Chakushoku? So this school is inhabited with Erityians. Someone from our tribe must be monitoring them. Hiroshi showed his KT's screen and a guy's face was displayed there. Somehow, he reminded me of someone but I couldn't pinpoint who.",neutral,neutral
"""Branch, Castro family,"" I responded.",neutral,neutral
Sinabi namin ang concern namin sa kanya at tinuro naman niya kung nasaan ang Principal's Office para makausap si Mr. Manuel Salas. Naglakad kami sa corridor sa first floor at ang daming estudyanteng nakakalat. Mukhang break time nila kaya naman may ilan kaming nakakasalubong. I could still feel the faint presence of the Black Dimension but I couldn't determine the direction where it was opened.,neutral,neutral
"Kakatok pa lang sana kami pero sakto namang lumabas ang isang middle-aged na lalaki mula sa office. He went out of the room to meet us and the first thing I noticed was how his hair gleamed red like a Custos' eye. A Rua, I thought. Ate Akira and Akane were also from that Senshin clan which was usually depicted as red-haired combatants.",neutral,neutral
"""Ah. So you want to arrest an S-class criminal before he could kill his next victim,"" sabi niya at tumango kami.",neutral,neutral
In-explain naman niya na pwede niya kaming samahang umakyat para i-introduce as teaching assistants at mabantayan ang kilos ni Luke Borja. Hayate and I volunteered while Hiroshi and Kana stayed around the perimeter of the school to see any movement from the outside.,neutral,neutral
"Doon ko naman na-realize kung sino siya. It was the daughter of the main family of Querino Clan. I couldn't remember her name but I knew her face because I saw her once, during the meeting of the main and several branch families, when she was still a toddler.",neutral,neutral
Reina. A tracker like you. The guy beside me is Hayate. We're from Atama family.',neutral,neutral
Mula rito sa posisyon ko ay halatang gusto niyang lumingon ulit sa amin pero hindi niya magawa. Young trackers like her were usually sent to humdrum school,neutral,neutral
"I stared at her back, impressed. For an eleven- or twelve-year old tracker, she had already mastered the basics and could even detect trace presence of the Black Dimension. As expected from the daughter of the Querino clan.",neutral,neutral
Natapos naman ang klase ni Luke at agad namin siyang sinundan pababa. Hinatak namin siya sa isang bakanteng room at tiningnan naman niya kami dahil sa ginawa namin.,neutral,neutral
We informed Kana and Hiroshi about our plan and they both went to their respective positions. I could see the chief's daughter peeking from the corridor above and I seriously wanted to talk to her about those Shinigami's presence but this case should be my priority.,neutral,neutral
Dahil uwian na ay naglakad palabas ng school si Luke at nakasunod naman si Hayate sa kanya habang ako ay nauuna sa kanilang dalawa. Hiroshi stayed inside the campus after placing several demodulators which would emit signals to our KTs when a humdrum's brain waves exhibit an irrational movement similar to a killing intent.,neutral,neutral
"He has been working on reducing them to gadgets that could be carried by Senshins but he couldn't put his theory into reality yet. Kana, on the other hand, hid herself on the huge branches of trees to observe any movements from above.",neutral,neutral
"The serial murderer must be around the area by now, waiting for the right time to attack. Being an S-class murderer, he must have given the police a hard time, seeing that he hadn't been sighted for the last three years. He might be a humdrum but his heinous acts were worthy of Shima imprisonment.",neutral,neutral
"I was surveying the surroundings when I felt my KT's vibration and when I looked behind, a guy in student's uniform walked straight toward Luke.",neutral,neutral
The guy drove his sharp weapon to Luke's body but Hayate shoved him away and I screamed when I saw that thing penetrating his skin. That serial murderer was caught off-guard but he recovered quickly and ran away as if his life depended on it.,neutral,fear
Tinulungan ko siyang tumayo at gaya ng sinabi niya ay hindi niya maigalaw ang katawan niya.,neutral,neutral
"Hinatak ko rin si Luke papunta sa tabi niya at tinawagan si Hiroshi para tulungan ako. However, something wasn't right. Why didn't he kill him right away? Why did he need to paralyze him?",neutral,anger
"Pagkatapos no'n ay agad akong tumakbo sa direskyon kung saan siya tumakas. Around fifty meters from me was Kana, jumping from roof to roof, trying not to lose our target. I followed her on the ground, traversing empty alleys and narrow streets, until I was only a few meters away from them.",neutral,neutral
Idagdag pa ang hawak niyang scalpel at gunting na para bang may ooperahan siya. He pulled out a tranquilizer gun from his back and pointed it at us. That was when I realized he lured us into this enclosed area where he could maximize his weapons.,neutral,anger
We dodged the pointed needles that came out of the muzzle and simultaneously summoning our weapons. Kana swung his sickle but he easily avoided it as he threw syringes at her direction.,neutral,neutral
"He lunged at us, scalpel and syringes on his hands, and had it not for the range of our weapons, he could've easily administered drugs or poisons into our systems. His physical skills weren't that outstanding but what made him dangerous was his medical wisdom and how he could use it against humanity.",neutral,neutral
"I volunteered as a bait since I was faster and more agile than Kana. With the twin swords on my hand, I launched myself to his direction and attacked. He used his scalpel to stop my sword and he must have a strong wrist and arm to thwart my sword with that. I almost tumbled over when he suddenly thrust a huge syringe but Kana managed to take it away from him and I retreated a second after.",neutral,neutral
Bigla namang sumugod si Kana papunta sa kanya habang hawak 'yon at umatras siya nang umatras hanggang sa tumama na ang likod niya sa pader.,neutral,neutral
Kana immediately removed the syringe poking her arm and I was hoping it was just a paralyzing agent but the symptoms weren't the same. She was shivering and she couldn't talk anymore.,neutral,fear
Inalala ko naman ang mga sinabi ni Luke sa amin kanina pero wala akong maalalang makapagbibigay ng clue tungkol sa murderer. Ni hindi ko nga alam kung paano niya nalaman ang pangalan niya.,neutral,neutral
"We were lucky that the nearest one has an Erityian specialist or else, we would be forced to bring her in our own medical facility inside the campus.",neutral,neutral
Napaupo ako sa tabi nina Hiroshi at Hayate na kasalukuyang nagbabantay sa kanya. We got our first criminal but the cost was high.,neutral,neutral
"Hayate and Hiroshi explained everything to me. Apparently, the syringe contained a cholinergic poison which works like a nerve agent. They discovered that Antonio Salazar must have some kind of antidote in case something happened and I was thankful they were both quick thinkers and could keep calm even in that kind of situation.",neutral,neutral
Hindi naman na siya nagsalita matapos no'n. We were all exhausted after what happened today. Hindi ko alam na ganito pala kahirap ang last requirement para maka-graduate. We got trained for this kind of work when we took our Fielding subject but the difficulty of apprehending criminals with A and S ranks exceeded our expectations.,neutral,neutral
Napahiga na lang ako sa sahig nang makapasok kami sa lodge namin dahil sa mga nangyari ngayong araw. Dumiretso naman sina Hayate at Hiroshi sa Japanese table na nasa gitna ng sala. Hayate set up his laptop and communication devices while Hiroshi pulled some wires along with the weapons we summoned while fighting the Shinigamis.,neutral,neutral
Buti na lang at nagawa kong masalo lahat kahit nakahiga pa ako. Bumangon naman ako at sinamahan sila sa table.,neutral,neutral
"""Now that you have summoned your weapons here, the Technology department staffs are probably aware of my research by now.""",neutral,neutral
"Sir Aiwa did a wise decision, I think. Hayate and I grew up with Hiroshi and we know how dangerous his creations could be.",neutral,neutral
I remembered getting chased by mechanical pencils because I pissed him off. Hayate once had to hide in the east side of the forest for a day because he accidentally poked Hiroshi's eye. He made holograms of beasts to chase Hayate and the teachers had to calm him down.,neutral,neutral
"Naalala ko ang nangyari noong oras na 'yon. When the Shinigamis stepped out of the Black Dimension, even though she was with Hiroshi and they were both far away, she rushed into our direction and gave the Reaper a fatal blow.",neutral,fear
"""But after that incident, they didn't allow anyone to leave their island,"" sabi naman ni Hayate. ""She certainly has the disposition of an Executioner but I doubt they would put another one inside the school after what happened to him.""",neutral,fear
"""Come to think of it, we don't know anything about her besides being an FBI agent of the Cyber Division,"" dagdag naman ni Hiroshi.",neutral,neutral
"Tumabi kami ni Hiroshi sa kanya at sinilip ang naka-display sa screen ng laptop niya. According to the source, Ariel Andrada is an S-class criminal because of his international records involving terrorism, murders and illegal trading.",neutral,neutral
"Forces like FBI, CIA and InterPol are all hunting him and is considered as one of the most elusive criminals because he's been on the wanted list for ten years.",neutral,neutral
Matapos ang pag-uusap namin ay kaagad din namang nagpahinga ang dalawa. I'm sure they were drained after all that fighting and running.,neutral,neutral
Kinuha ko ang twinswords ko sa gilid ni Hiroshi. I wore a cloak to conceal them and went outside. This place reeked of musty smell similar to that of the Black Dimension. I wondered if the Shinigamis we had encountered were targeting us or we were just in their way.,neutral,neutral
"I was already striding toward the hospital's direction when I suddenly felt a faint presence. Napahinto ako at agad na hinawakan ang twinswords na nasa magkabilang gilid ko, nag-aabang sa kung anuman ang parating.",neutral,neutral
The tip of his sword appeared right in front of my face and I stumbled upon warding off his attack.,neutral,neutral
"I didn't have any time to devise a plan. The moment I lost my balance, I did the only thing I could do. Using my other feet as the axis, I spun around while holding both my swords, giving him a huge cut on his arm and face, while his sword made a gash on my waist.",neutral,fear
"It's been a week since that incident. Kana was discharged two days after she was admitted but I didn't tell Hiroshi and Hayate what happened that night. For some reason, I couldn't bring myself to inform them about her.",neutral,fear
He placed his KT on the table and a holographic image of the current head technician of the Technology department appeared.,neutral,neutral
"""Hiroshi of Atama family, please see me after you finish your final requirement. And from now you are forbidden to enter our facilities alone, unless you let one of our staffs accompany you all the time. In addition, we will inspect your laboratory to see if you have been doing unauthorized researches. That's all. Good day.""",neutral,neutral
"""Own laboratory in the technology department? A temporary suspension instead of the normal punishments that students must go through whenever they violate rules? He's been privileged since he was born and I'm sure he's been showered with compliments because of his so-called brilliance. It's about time someone reminds him of his shortcomings.""",neutral,neutral
"It was a a noise filter, one that blocks undesirable frequencies and they set the parameters into which they couldn't hear my voice at all.",neutral,fear
"Naging busy naman kami sa kanya-kanya naming working area. Hayate kept tabs on the current wanted list and updated our journal while Hiroshi continued tinkering with the wires and devices on the floor. Kana, on the other hand, was training by herself and assessing the condition of her body.",neutral,neutral
"I stared at her and her image that night resurfaced in my mind. The way she took down the Shinigami was a lot similar to how Kuya Mitsuo used to fight. She might be an Executioner but according to our intels, the Jikko clan became more cautious and didn't send any people outside of Shima after what happened that time.",neutral,fear
"Bigla ko namang naalala si Ate Naomi. Strong Senshins and those who have the disposition of being leaders usually can hear inner voices even if their minds are closed through continuous training and honing their senses to the limits. However, there are people who are born with that kind of ability.",neutral,neutral
Napatingin kaming tatlo kay Hayate. He was staring at the screen of his laptop with a perturbed expression on his face. The three of us walked toward him and saw what he was looking at.,neutral,neutral
"Ever since we came in the world of humdrums, she started getting suspicious. I guess we have to monitor her closely this time.",neutral,neutral
Pagdating naming do'n ay nagkalat na ang iba't ibang grupo para sa kanya-kanya nilang mga trabaho. Police officers were assisting the medical team in saving and helping those who were injured and in critical condition.,neutral,neutral
There were also rescue officers and firefighters who bravely marched into the building to see if there were still people left inside. Reporters were trying their best to relay the situation to the public while some were interviewing witnesses.,neutral,neutral
Agad naman kaming kumilos matapos niyang sabihin 'yon. The four of us were dressed in police uniforms so we could observe and investigate better.,neutral,neutral
"""Reina, come with me,"" Hayate said while pointing at the facility. ""Kana, inform us immediately once you detect any changes in temperature, pressure, humidity or anything around here. Hiroshi, secure the perimeter. I also want to see the explosion itself, as well as its details, so recreate it using one of your programs.""",neutral,neutral
Tumango kaming lahat sa plano ni Hayate at nagsimula kaming dalawa na maglakad papunta sa facility. It was still burning but the fire was starting to get smaller. We marched inside and went to the opposite side of the building.,neutral,neutral
Makapal pa ang usok sa loob pero napatigil ako nang may makita akong kakaiba sa sahig. Pinulot ko 'yon at mukhang tama nga ang hinala namin kanin.,neutral,neutral
"Clutching the fragments of the phone, I breathed deeply and used my sixth sense. The phone got destroyed 34 minutes ago and that must be also the time the explosion happened.",neutral,neutral
"""This is surely done by a humdrum,"" rinig ko kay Hiroshi mula sa communication device sa tenga ko.",neutral,neutral
Lumabas kami ni Hayate at nakita namin sina Kana at Hiroshi sa bandang gilid. We decided to go home first to plan our action. This kind of crime might be considered as S-level due to the extent of its casualties and the panic it caused in the city and the people.,neutral,neutral
"""I already sent a piece of residue I found inside the facility. We just have to wait for the confirmation of the Technology department but based on its structure, it's probably similar to Semtex—a plastic explosive,"" Hayate explained.",neutral,neutral
"He played the footage around 45 minutes ago. There were ten people, mostly staffs and visitors, who went inside and left the facility before the explosion. At exactly 3:48 P.M., a loud blast was heard, destroying the whole building and causing a fire. Some bystanders were caught in the explosion and they got thrown away by the shock and impact.",neutral,neutral
The explosion two days ago caused widespread apprehension because of its huge media coverage and the nature of the incident. Some voiced out their concerns in social media and thought it might not end here.,neutral,neutral
We already got the information regarding our suspects but most of them had alibis at the time of the explosion. Only four people didn't have any proof regarding their whereabouts during the incident and we were still monitoring them in case something strange happened.,neutral,neutral
"""Okay. We'll contact you once we narrowed down the probable source or supplier of the culprit.""",neutral,neutral
"Hayate ended the call and I stared at the facility that was reduced to ruins. There were police officers and investigators roaming around the area, which was declared off-limits, so I opted to watch and observe from a distance.",neutral,neutral
"Nandito ako ngayon sa rooftop ng building na ilang metro ang layo mula sa facility. We surmised that they might either return at the crime scene or go to the hospital where the victims are. Kana and I went to the crime scene and hospital, respectively, to see whether some of the suspects would show up.",neutral,neutral
Tumayo naman muna ako at tinanaw ang paligid. The streets beyond this area were crowded with humdrums and busy establishments. I didn't know weekends could be this hectic outside our world.,neutral,neutral
"Stepping back to reset my plan of attack, I saw the Shinigami who ambushed me. I drew both of my swords and took a defensive stance. Just when I was about to ask who he was, I realized he was one of the Reapers who attacked us before.",neutral,fear
"I remembered how Kana propelled his sickle right into his comrade's chest. If he was alone, the other one he had rescued must have been in a critical situation or already dead.",neutral,neutral
"With a series of short and long tap signals, I sent a message to Hayate by tapping my earpiece to inform them of what was happening in this area.",neutral,neutral
"Before I could react to his answer, he swung his Claymore, a medieval type of sword, at my direction but I fended it off with my twin swords. However, I didn't expect the weight of his attack. He hit them so hard that the impact made my whole body buckle.",neutral,neutral
Sobrang bilis ng mga sumunod na nangyari. Ang alam ko lang ay nawala na lang bigla ang Shinigami habang nasa harapan ko na si Kana.,neutral,neutral
She was panting as she held her sickle in an offensive position. Lumingon siya sa akin at doon ko lang na-realize na nakahiga na pala ako sa lapag at hindi ko maigalaw ang kanang binti ko.,neutral,neutral
Tinulungan niya akong makatayo at napatingin kami sa pagsabog na nangyari kanina kaya nagmadali kami papunta ro'n. We set aside our Shinigami encounter and prioritized this incident first.,neutral,neutral
Nang makarating kami ro'n ay wala pa ring firefighters kaya lalo lang kumakalat ang apoy. The main explosion also triggered ignition of electrical wires in the vicinity. May mga taong nagkusang-loob na tulungan ang mga nasaktan sa pagsabog habang ang iba naman ay patuloy na tumatawag ng tulong.,neutral,neutral
"After a few minutes, Hiroshi and Hayate arrived. They were both carrying suitcases and I was sure their devices were all there.",neutral,neutral
"""Are there any Senshin officer in the response and rescue team who are coming?"" tanong ni Hiroshi matapos niyang ibaba ang hawak niyang case.",neutral,neutral
He pressed some buttons at the side of his case and a radar appeared on its surface. Fifteen dots came into view and he marked them with some sort of codes so that the Senshin officer could lead the rescue team to their positions.,neutral,neutral
"""Reina, Kana, search for any of the suspects in the vicinity,"" Hayate ordered. ""I'm sure quite a few of them are here.""",neutral,neutral
Tiningnan ko ulit ang list of suspects namin mula sa unang case. I went to the rooftop of the opposite building for a better view and he was right. Two of the suspects were loitering near the crime scene.,neutral,neutral
Kana and I followed the four suspects for a few hours since we couldn't apprehend them yet without solid evidence. Sina Hiroshi at Hayate naman ang naiwan sa crime scene para i-analyze ang pagsabog na nangyari at para tulungan ang police officers at rescue team.,neutral,neutral
"Dahil gabi na ay hindi naging madali ang pagsunod sa suspects, lalo na at tig-dalawa kami ng kailangang i-observe. We went home around midnight to share the information we had gathered to each other.",neutral,neutral
"The four suspects we saw lingering around the bar before and during the explosion were: Desiree Doras, a friend of an employee in the facility for the disabled; Ronald Tadeo, one of the caretakers; Ramon Jose Tuazon, a visitor who happened to be a retired general; and Patricia Ibañez, another visitor.",neutral,neutral
"""Doras was lurking around the bar. It seemed like she was waiting for someone inside,"" dagdag ni Kana. ""On the other hand, Tuazon just left the bar when the explosion happened. He looked perturbed but he stayed around.""",neutral,neutral
We tried gathering more information about those four individuals but I was starting to get distracted because of the chilly night. Halos 2 A.M. na pero gising pa rin kaming lahat at alam kong bukod sa case ay nasa isip din nila ang nangyari kanina.,neutral,neutral
"After I said those words, I knew I just shattered their concentration and got their attention. Panigurado namang gusto rin nilang malaman ang tungkol do'n.",neutral,neutral
Napaisip naman ako sa sinabi niya. Our tribe has influential clans that have the power and authority to oversee the Senshins.,neutral,neutral
"There are four main clans are: Shou clan, the root and leading family of the Senshin tribe; Heren clan, one of the oldest and powerful family that can read closed minds; Jikko clan, a group of warriors who isolated themselves to the world and became Executioners; and the Querino clan, the experts on tracking and luring Shinigamis.",neutral,neutral
"""According to Mom's data, there was a clan in the West which specializes in counterintelligence and reconnaissance—the Hansen clan. Those were the Senshins who were always stationed in intelligence agency like FBI, MI6, IB and NSA.""",neutral,neutral
We followed Hayate even though we had no idea about his plan. He said we were going to the third exhibition. That meant another explosion was bound to happen.,neutral,neutral
Binuksan ko ang files ng suspects at muli kong binasa ang mga nakuha naming information tungkol sa kanila.,neutral,neutral
"Desiree Doras is a chemical engineer who got fired from her job because of her attitude toward her co-employees. She was in the facility, where the first explosion happened, because of her friend who was admitted there. During the second explosion, it seemed like she was waiting for someone according to the guard who saw her.",neutral,neutral
Ronald Tadeo was one of the caretakers in the facility for the disabled but some patients dislike him because of his indifference. He narrowly escaped the explosion during the first attack while he witnessed the entertainment bar getting blown up when he was with his friend.,neutral,neutral
"The third suspect was Ramon Jose Tuazon, a retired general who happened to visit the facility during the explosion. However, he was seen observing the bar from the outside during the second explosion.",neutral,neutral
Maglalakad na sana palayo si Kana pagkasabi niya no'n pero agad siyang napahinto nang muling nagsalita si Hiroshi.,neutral,neutral
"As a member of the Querino clan, we were taught about the Black Dimension since we were kids. In Tantei High, it would be introduced one semester before we go to the humdrum's world for our final requirement. During that sem, students would be trained on how to avoid that place and what to do if we encounter it.",neutral,neutral
My train of thoughts got disrupted when I heard my name. Doon ko lang na-realize na kanina pa nila ako tinatawag at nakatingin na silang tatlo sa akin.,neutral,neutral
"My eyes drifted toward the entrance and I immediately knew what he meant. It was a special school for indigenous people who lives in the city. Instead of school uniforms, most were wearing their traditional clothes while some opted for a more casual look.",neutral,neutral
"Napatingin kami sa tinuro ni Kana. Ramon Jose Tuazon, the retired general, was there. After a few seconds, another suspect came into view.",neutral,neutral
Makalipas pa ang ilang minuto ay dumating din ang dalawa pang suspects: sina Desiree Doras at Ronald Tadeo. We were waiting for something to happen or any changes in their behavior when three of them went inside the school.,neutral,neutral
"""They're making their move. Let's go.""",neutral,neutral
Agad kaming sumunod sa kanila at pumasok sa school gamit ang ibang daan. I went to the rooftop and entered through one of the windows on the topmost floor. The security in this place was too lenient that even unauthorized personnel could enter without getting caught. Someone could easily place a bomb somewhere and that person wouldn't even draw suspicions.,neutral,neutral
"Everything happened so fast and my instinct took over. The next thing I knew, Kana was already beside Hayate while I was pinning the terrorist on the floor.",neutral,neutral
Bago ko pa masabi sa kanya ang lahat ng gusto kong sabihin ay dumating si Tuazon at agad na inilagay ang phone sa tenga niya.,neutral,neutral
"""Ronald Tadeo, you're under arrest for killing dozens of people, blowing up facilities and causing widespread panic.""",neutral,neutral
"Tiningnan ko naman ang case file na nasa harapan namin. Two of the suspects, Tuazon and Ibañez, where cleared off the list. It turned out Ramon Tuazon was also monitoring Tadeo's movements because of what his friend from the facility had reported about him.",neutral,neutral
"On the other hand, Tadeo wanted to use Ibañez as the scapegoat since she already had a record. Apparently, she got convicted because she accidentally killed his husband whom she caught cheating on her. Since the mistress was an influential person, she used her power to lock her up and she kept on threatening her even after she got out.",neutral,fear
"Tadeo used that information to make her go to the places he wanted to blow up, making her one of the suspects.",neutral,neutral
Nagtuluy-tuloy naman siyang maglakad hanggang sa makasalubong niya ang dalawa.,neutral,neutral
"""But you look like you're planning something right now,"" I added. ""That's the same face you make when you're about to design a device.""",neutral,neutral
"According to Hiroshi's sources, it was once part of the main clans in the Senshin tribe before it was annihilated. Senshins couldn't salvage anything from their village and no traces were left so they were left with little to no data about the tragedy.",neutral,neutral
"Kana's background was still a mystery for us but it would be rude to ask her about it. However, her repulsive behavior against Shinigamis was a huge clue about her purpose. She got into Tantei High through a special admission and we knew people like her were either carrying a mission or relaying messages from their family or headquarters to the administration and vice versa.",neutral,neutral
"After several minutes of discussion, Hiroshi retired to his room. Hayate and I began recording and summarizing our second case but we still need Doras' statement since she provided the materials for Tadeo's bombs.",neutral,neutral
"With the sky covered in swirls of ominous vortex of clouds that shifted with the wind and the creeping midnight chill along the darkened street, it felt like we were inside the Black Dimension. All my senses were on high alert, as if my body was sending warning signals for an upcoming danger.",neutral,neutral
There was a rising tension in the air and the dead body of Doras was making it harder to breathe. I was about to tell them to focus on the murder first when Hayate suddenly called our attention.,neutral,fear
"""Her computer, phone and hard drives have been reformatted,"" he said as he continued checking the desktop. ""All files were erased. Nothing but this message.""",neutral,neutral
Hiroshi revealed that he put a tracker on her just in case something like this would happen. She was moving too fast and it seemed like that message had a huge impact on her. She never showed us any kind of emotional attachment to anyone or anything until now.,neutral,neutral
"My mind drifted away as I recalled our first case and how Ariel Andrada was mentioned as one of the suspects. He was caught on camera in the same place where the thirs victim died, but his case was immediately forwarded to FBI and CIA because of his records.",neutral,neutral
"In addition, most of his murders were executed through explosives, thus, reducing the probability of him being the serial killer.",neutral,neutral
We shouldn't have told the Senshin officer in that station to put her under a house confinement.,neutral,neutral
We were given permission to question her while being detained but we realized that Shinigamis might come for her or us if something went wrong and being in a restricted space with a lot of humdrums wouldn't do us any good.,neutral,fear
"Since they didn't have enough evidence to put her in jail as the murderer's associate besides his statement, we requested to put her under a detention in her apartment so we could freely ask everything.",neutral,neutral
Napahinto kami nang huminto rin ang tracker na nakakabit kay Kana. We were about thirty meters away from her and she was checking her surroundings.,neutral,neutral
Hiroshi and Hayate immediately reached for their weapons. We observed Kana's actions and followed her the moment she moved again.,neutral,neutral
"He was about to tell us what he just found out but a disturbance caught our attention. From the rooftop of a building several meters away from us, we could see Kana along with someone else.",neutral,neutral
"""Yutomu,"" he replied. ""I asked him to find anything about that name.""",neutral,fear
"""A Shinigami,"" I alerted and the three of us immediately ran toward that direction.",neutral,neutral
"Upon hearing Hayate's explanation, we went to where they were but we halted when Kana thrust her sickle into the Shinigami's chest. The Shinigami grunted as he fell on his knees but before we could realize what was going on, Kana had already collapsed beside him.",neutral,neutral
The woman pulled out a needle from her back and impaled it on the wounded Shinigami's chest. He cried and bellowed but he calmed down a few seconds later.,neutral,neutral
"""Peculiar, isn't it?"" A voice from the speaker beside the screen said and that caught more attention. ""There are people out there who have these set of eyes. A shade of green so intense that it could petrify you the moment you see it in real life.""",neutral,sadness
Nakita ko naman ang pag-iiba ng expression sa mukha ng mga Elite. It seemed like they knew who was behind this.,neutral,neutral
I spent the whole night in the library's restricted section.,neutral,neutral
"Hayate and I sneaked inside the campus for various reasons, while we left Hiroshi in our lodging to monitor and take care of Kana.",neutral,neutral
"It was quite hard to enter the campus at night, especially this time because the tension between Senshins and Shinigamis were heightening, but we managed to sneak inside undetected. I immediately went to the library while Hayate went to the dorm.",neutral,neutral
"""Right. Those Elites immediately shifted their attention to him after that stunt.""",neutral,neutral
"""I wonder how he knew about the Erityians.""",neutral,joy
Tinapik ko ang kamay ni Hayate niya para makapagsalita at agad niya rin naman 'yong inalis.,neutral,neutral
"""The Shinigami tribe is making their move,"" the other one replied. ""We should be getting ready yet those Elders want to involve the child.""",neutral,neutral
"Her existence was kept as a secret and only the older Senshins, as well as members of the Atama family knew about it.",neutral,neutral
I don't have any idea where she is or how her life is but that would surely turn into a mess once both tribes make their moves.,neutral,neutral
Nang makalayo na ang dalawang lalaki ay mabilis kaming umalis sa campus at bumalik sa lodging.,neutral,neutral
Pagdating namin doon ay saktong nagkamalay na si Kana pero napahinto ako nang makita ko si Hiroshi.,neutral,neutral
Nagkatinginan kami ni Hayate nang sabihin iyon ni Kana. May alam siya tungkol doon?,neutral,neutral
A week had already past after Kana's breakdown. Hayate told her to focus on healing while we gathered intel about the Hansen clan and the Shinigamis who attacked their village.,neutral,neutral
"On the other hand, Hiroshi was back on tinkering with the wires and devices in his little space at the corner of the living room.",neutral,neutral
"Napahiga na lang ako sa tabi sa sobrang pagod. We had been sneaking in and out of the library and campus for the past few days, looking for any information about the Hansen clan, since Kana fell into a deep slumber a week ago.",neutral,neutral
Naalala ko ang unang trial ng device na 'yon a few years ago.,neutral,neutral
Pinagsuot niya kami ni Hayate ng helmet na mas malaki kaysa hawak niya ngayon at sinabi niyang kaya nitong ilabas ang naiisip namin ay visual output. But there was something wrong with his device.,neutral,neutral
The images flashed so quick that nothing made sense and we suffered grave repercurssions from it. Our hippocampus malfunctioned and we would have lost our explicit memories had the Medical departments staffs didn't intervene.,neutral,neutral
Hiroshi was banned from using or working on any device for three months.,neutral,neutral
Napalingon naman ako at naglakad palapit sa amin si Hayate.,neutral,neutral
Siguradong naalala niya rin ang mga nangyari dati.,neutral,neutral
Napatingin si Hiroshi kay Kana na tulog pa rin hanggang ngayon at doon ko lang na-realize kung bakit niya ipinakita sa amin 'yon.,neutral,neutral
May inabot naman siyang papel sa amin at nalaman namin na nakapag-usap na pala sila about that bago pa naging ganito ang kondisyon ni Kana.,neutral,neutral
Bigla tuloy akong napaisip kung paano sila nag-usap nang matino dahil may signed agreement pa sila.,neutral,neutral
"Hiroshi carefully put his invention on her head and we waited for her memories to be projected. According to him, there's a high probability that she's dreaming about what happened to their village, especially after that encounter with the Reaper and Elites.",neutral,fear
She was conversing with her Dad as they walked along the street when a sudden explosion brought everything into chaos. Houses and offices were in ruins.,neutral,neutral
Bodies scattered on the ground. Screams of anguish and bewilderment.,neutral,fear
They weren't prepared and were still trying to analyze what was happening when several parts of the Black Dimension opened. Shinigamis came and started fighting and killing the Hansen clan.,neutral,neutral
"""Then this makes things easier,"" Hiroshi added.",neutral,neutral
"""Right,"" Hayate agreed. ""We still need an S-Class criminal and he's one. If we captured him, Shinigamis might come for him and we could have an Erityian criminal. We could finish our fielding by then.""",neutral,neutral
Napatingin kaming tatlo nang marinig namin ang boses ni Kana. She was finally awake but she kept her gaze on the ceiling.,neutral,neutral
"""Do you have a plan.""",neutral,anger
Hayate came back after a few hours. He sneaked into the campus to connect the Intelligence department database to our servers so we could find our targets easily.,neutral,neutral
I see. Kaya pala gano'n ang reaksyon niya noong nakita sa cctv sa una naming case si Ariel. She had been tracking her the moment she got in the FBI but that guy was always one step ahead of everyone chasing him.,neutral,neutral
We wore the contact lenses that directly projects the readings on Hayate's program and headed out.,neutral,neutral
Malalim na ang gabi at paniguradong mas mahihirapan kaming kumilos pero mas magandang ngayon na kami umatake kaysa hintayin pa namin ang umaga.,neutral,neutral
Habang tumatakbo kami papunta sa mga lugar na maaaring magbukas ang Black Dimension ay hindi mawala sa isip ko si Ariel Andrada.,neutral,neutral
"""I mean, he's just one middle-aged man and he seems like the type who can't win a physical 
confrontation. I wonder how he survived both the FBI and Shinigamis.""",neutral,neutral
"A sharp, prickling sensation crawled onto my skin and my blood felt boiling that I almost passed out. The only time I felt this exhausted while tracking the Black Dimension was when Elites and most probably Royals came out of it.",neutral,neutral
"According to Kana, Takeshi was the commander of the attack in their village.",neutral,neutral
Nakita rin namin siya sa memories ni Kana pero noong huli nilang encounter ay hindi siya nakilala ni Takeshi.,neutral,neutral
"They were focused on finding the heir and Ariel Andrada, the humdrum who suddenly almost revealed the existence of our race. Kana was also already unconscious when they appeared in front of us.",neutral,neutral
"""Yutomu,"" Hiroshi said. ""They probably investigated the death of Doreen Doras and saw the same clues.""",neutral,neutral
Pagkarinig ko no'n ay bigla na lang may sumabog malapit sa amin.,neutral,neutral
The explosion caught Takeshi's cloak and it could have damaged his limbs if he hadn't moved back to the Black Dimension.,neutral,neutral
Napatingin ako sa paligid dahil wala naman akong naramdamang Shinigami bukod sa kanya.,neutral,anger
I couldn't quite understand what was going on.,neutral,neutral
Takeshi wanted Kana to tell her about the heir because he learned that she was a Hansen member.,neutral,fear
"Hindi ko rin alam kung may alam ba talaga si Kana at hindi niya lang sinasabi sa amin pero nasa kanya na 'yon kung ano ang magiging desisyon niya. After all, that was her clan's legacy.",neutral,neutral
Elites were really hard to deal with.,neutral,neutral
We were just fighting him for a few minutes but I already felt exhausted. He could utilize his skill as well as the Black Dimension efficiently even while facing three opponents.,neutral,neutral
"He was just wearing black shirt, jeans and cap, and I wasn't sure if that was the suit he was talking about.",neutral,neutral
"Meanwhile, Ariel was having a hard time keeping up with us. He was breathing heavily after continuously attacking Takeshi with his explosives. However, he successfully evaded critical injuries by using the Black Dimension as his escape and ambush routes.",neutral,neutral
"For the past few years, Ariel Andrada's image has always been a middle-aged muscular man.",neutral,neutral
He was seen on cameras and recordings a couple of times and those became leads for the intelligence agencies to his current location.,neutral,neutral
They didn't know it was a carefully planned trick.,neutral,neutral
"And tonight, we saw his real appearance.",neutral,neutral
I didn't exactly know the whole plan but Kana and I had only one job: attack and tire Takeshi until we seal his movements.,neutral,neutral
There were times when he tried to drag us inside it and I almost passed out when my arm went through it but Kana helped me survive. And I did the same thing to her.,neutral,neutral
Hayate succeeded on putting the headgear on Takeshi's head but Kana and him weren't able to escape his last swing.,neutral,neutral
"I remembered that headgear. It was the device that almost drove me insane when I was a child. And just as expected, an Elite was as susceptible as us from its effects.",neutral,neutral
It took me a while to understand what he meant. Hiroshi's holographic strings came into view and bound the two.,neutral,neutral
"Hayate slowly stood up and once again summoned something—a huge cubic container, large enough to contain both of them . . . and the impact of the explosion.",neutral,neutral
His time had finally stopped.,neutral,neutral
And the ticking of her clock had finally come to an end.,neutral,neutral
Naghintay ako kung maririnig ko rin si Kana pero walang nangyari.,neutral,neutral
I guess she was being handled by the President and the Council since her identity as a Hansen clan member was revealed that night.,neutral,neutral
"Even though we were close to him when we were still toddlers, his position as the President of the school and the leader of the tribe put him on a higher ground and made him distant and unreachable.",neutral,neutral
Tumabi naman agada ko kay Kana at umupo sa harapan namin sina Hayate at Hiroshi.,neutral,neutral
"On the other hand, Sir Hideo sat on the chair between the couches, facing the four of us.",neutral,neutral
Sir Hideo told us the gist of the meeting between the professors and the Council.,neutral,fear
"Pagkatapos no'n ay umalis na rin kami sa office niya pero bago pa kami makalabas ay may inabot siyang notebook. Upon closer inspection, I realized it was a journal.",neutral,neutral
"Agad naman siyang kinuha ni Ma'am Michiko dahil iyon ang ""punishment"" niya.",neutral,neutral
"He has to perfect the summoning of the weapons and since the concept was extracted from Ma'am Michiko's sixth sense, she said she would help him just like how she helped her mother with the prototype of that project before.",neutral,fear
"""Your real name. You haven't told us that yet.""",neutral,sadness
"""Oo nga no?"" I commented.",neutral,neutral
"""I do not have one,"" she said and that made me more confused.",neutral,fear
"""Ah, those kids are looking at us,"" sabi naman ni Hiroshi kaya napalingon ako.",neutral,neutral
Mutation. Genetic drift. Natural selection.,neutral,sadness
A single change. A course of evolution. A lifetime effect.,neutral,neutral
"For centuries, these new species of humans, albeit shrouded in mystery and secrecy, had been the overlords of the world and the humdrums. Perfectly blending in with the normal humans, they have saved and destroyed civilizations and lives.",neutral,neutral
"By the end of the 19th century, these unique speciation of humans were known within their own race as Erityians—a name befitting of their origins and capabilities—the children of the special blood.",neutral,neutral
"In the early1500s, the Miyamoto family, one of those who settled early in the South of Ezo, was shunned by the people and feudal lord because the head of the family, Miyamoto Saitō, refused to commit seppuku after his master died.",neutral,neutral
"He reasoned that he saw his master's killer from a distance, and he must avenge him before taking his own life. However, his fellow samurais and retainers did not believe him as they were surrounded by forests.",neutral,anger
"His samurai status was degraded to a rōnin and they lost their lands and fief. For several decades, the main family lived quietly in the suburbs and endured and lived in shame brought by Saitō's status and were often the subjects of taunting and ridicule by neighboring villages.",neutral,neutral
"""Is it because we are living in the outskirts?"" asked Ryō.",neutral,neutral
"That night, two lives were claimed by the power of the gods.",neutral,sadness
"""Ah!"" Ryō exclaimed when they arrived home. ""Perhaps it is because of father's peculiar eyes?""",neutral,neutral
"""Do you think father has a foreign blood?"" Ryō asked his older brother while they were lying on their bed.",neutral,neutral
"Shō met his brother's gaze. ""Because of his eyes?""",neutral,neutral
"Ryō nodded. ""People are saying we have tainted the code of honor. I wonder if it is because father and our predecessors have foreign blood.""",neutral,neutral
"With a swift swing of his left hand, their shadows expanded. The next thing they knew, they were already falling into it.",neutral,neutral
"That night, a monster was born, but not from Shōtarō's feat, and would be known in the next few years as the Shinigami—the grim reaper.",neutral,neutral
Shō was in a stupor when he opened his eyes. He remembered hitting his head on a rock while trying to secure his brother's safety. His surveyed the surroundings and realized they were in the forest. His brother was lying a few meters away from him and he scrambled his way to him.,neutral,neutral
"""We should rest for now,"" he told his brother.",neutral,sadness
"""Brother, your eyes have changed,"" he commented with a deadpan expression. ""It's lighter than usual.""",neutral,neutral
"Never did he think about what was outside of their land. After all, they were in the early stages of closing borders under Sakoku policy, and anyone who dared attempt to get outside was punished.",neutral,neutral
"""Do you want to see the world?"" Shō asked.",neutral,neutral
"Ryō remained impassive. ""What for?""",neutral,neutral
Shō had always had an insatiable curiosity since he was a child.,neutral,neutral
"They lived in the forest for several days, sometimes, going back furtively to their old house to salvage anything that could help them survive. Of course, the villagers painted them as monsters, after discovering several dead bodies in their own homes.",neutral,neutral
"Weeks had passed and just like what Ryō had said, the villagers did not come for revenge. They depended a lot in the forest for food and other necessities as they did not want to set foot on the village beyond them.",neutral,neutral
"Their abilities were starting to develop, too.",neutral,neutral
"Shō knew that their father went decrepit because he suppressed his power to evolve, and without letting it manifest, it started corrupting and eating up his body.",neutral,neutral
Shō would always feel disoriented whenever he opens his eyes. Everything seemed to be magnified and extended.,neutral,neutral
"He felt like he had eyes all over his body. And because he could see such great distance, he could also tell what could happen before it takes place.",neutral,fear
"""It's okay,"" he said. ""Just imagine the forest. The place where we built a shelter to escape from them before.""",neutral,fear
His power was similar to their father's. He could create gateways through something's or someone's shadow by touching it.,neutral,fear
"However, he should also know the place where they wanted to end up. The first time he did it, they broke several bones after freefalling from the top of the trees.",neutral,fear
"It had been an hour since they were on the run. The forest was surrounded, hence, they had no choice but to traverse the village and hoped to hide and start a more reclusive life in a nearby village.",neutral,neutral
"Shō moved forward and shielded both of them, but Ryō knew he would not fight and would rather sacrifice himself to let him escape.",neutral,neutral
"""Brother, you asked me if I wanted to see the world.""",neutral,neutral
"And that night, the two brothers went their separate ways—one to see the people and the world, the other to annihilate them by his sword.",neutral,neutral
"On top of the strong waves rocking the boat violently, the cold wind also felt like a thousand needles prickling through the skin. Winter was harshly felt on the dark, raging sea, but Shō was not bothered by it.",neutral,neutral
"The merchants' vessel was not as large as the ships he had seen at the port, but it was enough to house thirty to forty people. The lamps near the mast were the only source of light, but the sea fog obscured every view possible.",neutral,neutral
"He scrunched down near the rails, away from the merchants' quarters, veiling himself with a dirty mantle used to cover some of the wooden boxes on the deck.",neutral,neutral
"For days, he had traversed the mountain range. He had no problem with food as he knew how to hunt and the forest was abundant of fruits and edible leaves. On his fifth day, he encountered a life-threatening situation—he got surrounded by indigenous hunters.",neutral,neutral
It was hard to cut hack off the thick log of the cage but he had no choice. He couldn't stay here as a captive. He promised his brother that he would explore the world and come back.,neutral,neutral
"With a stronger resolve, he finally cut two of the wooden rails, allowing him to slip out of the cage.",neutral,neutral
He silently steered clear of the villagers' huts and ran away to the deeper part of the forest.,neutral,neutral
"The kid explained that in their culture, wolves are revered as gods and killing them is forbidden. He said wolves would not attack humans unprovoked, and most of the times, would be wary of them.",neutral,neutral
"Their village had never been attacked by wolves before, but there were instances where they would hang around the borders because they could smell food.",neutral,neutral
"The villagers would offer portions of their hunt to them, and sometimes, wolves would do the same by not devouring their preys whole.",neutral,neutral
"""I have been meaning to ask,"" Shō said after the kid explained the relationship between his tribe and the wolves, ""why are you following me?""",neutral,neutral
"Shō was still disoriented. He felt like someone just drilled a hole on his head. It was hard to go against what his mind was telling him to do, but that saved him from whatever the kid was planning.",neutral,fear
"""Ishida,"" Shō blurted out as they started walking again.",neutral,neutral
"This time, he wanted to be a leader.",neutral,neutral
"""Shinji,"" he announced. ""I am called Shinji.""",neutral,neutral
"Being with Ishida made the journey through the forests and mountains easier. He knew where to go and the places to avoid. In just a week, they reached the border of the island.",neutral,neutral
"Ishida nodded. ""You cannot protect yourself just by running away, especially when danger is always looming. Sometimes, you have to toughen up.""",neutral,sadness
"""I am not sure how or why, but this peculiarity may be an index of our . . . abilities.""",neutral,neutral
"""You may be right. Ah, I don't know your abilities yet.""",neutral,neutral
"Few hours later, they reached the harbor. He was thinking of ways to get to Ruthenia, the largest landmass in their continent. He had heard about the country from merchants his family had talked to when they were still working at the port.",neutral,neutral
"The ground was already covered in a foot-deep snow and despite the two growing up in winter islands, the icy wind was something their bodies could not ignore. He spotted a bear and got envious of its fur but he was taken aback when Ishida attacked it by himself.",neutral,neutral
They were walking for several hours already and the snowstorm was just getting stronger. They did not want to stay in the mountains during the storm so they decided to take the empty roads nearby since there was no way someone would be travelling in this state.,neutral,neutral
"Ishida, on the other hand, was skeptical of the girl. He knew she was like them the moment he tried to peer into her mind. Just like Shinji, she was able to block his intrusion and even projected her own destructive thoughts, overwhelming him.",neutral,fear
"""How are you?"" Shō asked Ishida while pointing at his own temple.",neutral,neutral
"""I am fine now,"" he answered. ""What is your plan, Shinji?""",neutral,neutral
"""We need to move.""",neutral,fear
They did not know how many hours had passed. It was already dark when they realized they still hadn't eaten anything. Ishida was about to hunt for food when the girl tugged Sho's cloak.,neutral,neutral
She showed them a small pouch and it turned out it was full of pennies. The two was not sure if that was hers or she just got it from those people but the money would help them a lot.,neutral,neutral
They left her town and managed to earn some money through physical work.,neutral,neutral
Her intuition was also right. They were cut from the same cloth.,neutral,neutral
"Ishida came closer. ""Do you like your name?"" he asked.",neutral,fear
"Little did he know, the journey he was about to take would give birth to one of the tribes of their own race.",neutral,neutral
"With their striking green eyes, sharp senses, and shrewd insights, Shinji's group became known as the Senshins.",neutral,neutral
The smell and stains of blood were not unfamiliar to Ryō.,neutral,neutral
"Born in a war-torn land and ostracized by their own village, he learned that people are just animals with a more evolved brain.",neutral,neutral
Ingrained in their minds were the primeval instinct to hunt and kill for survival.,neutral,neutral
The village had turned into a gruesome nightmare.,neutral,neutral
A lone man walking and knocking on doors with his bloody katana had taken lives as a retribution.,neutral,neutral
"That night, it was as if the god of death was there.",neutral,sadness
Ryō walked toward the dead man's body and pulled his katana out of his head.,neutral,neutral
"It was an unexpected discovery, but she learned that she could control the force exerted to an object or person. She could attract and repel matter, and sometimes could even expand and contract them.",neutral,neutral
"But for a second, he wondered if keeping her conscious a while ago was the right choice.",neutral,neutral
"Ah. It must be her ability, he thought, and he was taken aback by how it felt normal to associate strange abilities to peculiar people now. Perhaps because he had seen how her eyes flickered from dark brown to amber that night. No normal person could do that.",neutral,fear
"""Are you going to stand there all night?"" Ryō asked.",neutral,neutral
"The guy motioned at the leftover meat beside her. ""Eat it.""",neutral,neutral
"""If it isn't impudent, my lord, may I ask you your name?""",neutral,sadness
"""Ryō,"" he replied. ""And you?""",neutral,neutral
"Before she could even react, Ryō lay on his makeshift bed, facing away from her.",neutral,neutral
"She was persistent on staying as a servant, refusing to call his name, or acknowledge that she was a free person now. It took her two months to finally let go of his appellation, and gradually became more comfortable of talking to him.",neutral,neutral
"He was waiting for Yoru, who went just near the border to gather food, but it was already getting late. Ryō was about to fetch her wherever she was when she emerged from the woods with blood trailing behind her.",neutral,neutral
"He immediately opened the portal but he did not know where to go. They must have already been surrounded and soldiers would be rounding the forest, too. Desperate, he thought of the port. Perhaps they could steal a boat and escape through the sea.",neutral,neutral
"He did not understand what she meant initially, until she shifted her gaze from him to the darkness around them.",neutral,fear
"When he went out of the dark realm Yoru had created out of his portals, a gruesome scene came into his view. The people who lived with them were slaughtered like animals.",neutral,neutral
"As soon as he stepped out of his village, everything was in havoc. Blood was spilled. Countless bodies littered the ground. Villages reduced to dust. To the people who witnessed his atrocity, he was death personified.",neutral,fear
"If humanity would name its greatest enemy other than itself, it would be nature.",neutral,neutral
"The adversarial relationship between man and nature had been the cause of several destructions, even almost extinctions, on both sides, but what drove both to stay around was their abilities to quickly adapt. Life would always evolve to ensure survival.",neutral,neutral
"Yllka respected the tales, but she found them hard to believe, especially after what the rivers and waterfalls turned into.",neutral,neutral
"Her father would take her here when she was younger, telling the same stories she had heard a hundred times from her mother. The higher peaks had become her place of solace, especially after her father passed away.",neutral,fear
The elders had no choice but to confine her at home. She could not go outside anyway because people would always look at her curiously.,neutral,neutral
"It turned out every village was hiding their own breed of ""monsters,"" with some manifesting it years ago. They just kept it within their respective communities because having the ability to channel nature's powers had its own risks.",neutral,neutral
"For some reasons, they started treating her like a god.",neutral,neutral
"She was hoping nothing would go wrong until she was ready in every aspect, but a series of incidents forced her to fight.",neutral,neutral
"""Fjahr just came back from the borough below,"" one of them responded. ""He said he heard the soldiers preparing for a conquest.""",neutral,neutral
They had already lost half of their domain after the emergence of Renaissance.,neutral,neutral
The extravagant structures built during its early era forced their previous generations to live in the less habitable regions in the mountains.,neutral,neutral
"Due to the rapid increase of the urban settlers' population and the scale of their architectures, those people must have wanted to expand their dominion.",neutral,neutral
"""Breathe,"" Ivankov said.",neutral,neutral
"Their ambush was successful as the soldiers broke their formation as soon as they entered their homeland. Krudj used the wind to send her comrades to strategic places and battle the enemies. Those who could control trees, water, and ground entered the fight, too.",neutral,neutral
"She just used her power for a few seconds, but she couldn't move anymore. Every part of her body was sore and her head felt like it would explode in any minute.",neutral,fear
"Her throat was so hoarse she couldn't even finish her sentence. Before her consciousness seeped away, Casmir's figure appeared in front of her, his hand extended.",neutral,fear
"Years later, villages formed a single community. Harjas were then renamed as Huntres, the strongest hunters and fighters with innate power of nature in them.",neutral,neutral
Intelligence had always been the reason for humanity's evolution.,neutral,neutral
"Ethedred, her mother, was trained to be an espion, as their family was from a long line of reconnaissance experts, but she had to retire early due to the complications from her condition. The advisors suggested she was not fit to be an espion because of her striking physical appearance, and her worsening vision.",neutral,neutral
"She would quietly watch Ethedred do her routine and somehow, she realized the moves were quite easy to mimic.",neutral,neutral
"Edda also got more curious about the nature of her job as an espion. She wondered if she could be like that in the future, too.",neutral,fear
"Edda's interest with espionage and strategic operations greatly increased after several months of listening to her mother's stories. She also learned that her parents did not teach her anything when she was a child because they wanted her to live longer and normally. But for her, following their footsteps was already inevitable.",neutral,neutral
A curious look crossed her mother's face. Her comment must have intrigued the latter because Ethedred turned to her direction despite only seeing a faint silhouette with her worsening vision.,neutral,fear
"Her mother, albeit her weakened body, tried to execute advanced movements, and asked her to copy it. Just as Edda had expected, she could master them in several tries.",neutral,neutral
"Ethedred seemed convinced that she was, indeed, someone who had broken the limits of a person's mind and body.",neutral,neutral
"She had been traveling up north for months, hoping to find Gosse, her father, after years of being away. It was one of the reasons why he wanted to be an espion, aside from the fact that she had to convey her mother's message to him.",neutral,fear
"From the limited knowledge she got for the past few months, she was aware that his father had been serving this land for quite some time and this looming mayhem might finally force him to emerge from his cloak of obscurity.",neutral,neutral
"Despite being relatively new to the group, she had become the center of attention because of her strange eye color—light brown and orange hues surrounding her irises. The members even had a sobriquet for her—dyr, which translated to beast or monster.",neutral,fear
"""An edict of extreme importance has been imparted,"" Kiraj, the guild leader, announced.",neutral,neutral
"They were immediately dispatched to their targets' expected locations. Edda knew that his father, being the ever crafty espion that he was, would likely escape this trap, unless something unexpected happened.",neutral,neutral
"She knew what her father was talking about. It was one of the fundamental rules in espionage, and the right option to pick, yet his words wouldn't get through her mind.",neutral,neutral
"The poison running through his veins had severely weakened his attacks, giving her the chance to deal the fatal blow . . . but she could not do it.",neutral,neutral
"She was not sure if it was just her imagination, but she heard her father's voice inside her head.",neutral,fear
"""You are awake.""",neutral,neutral
"""Are you one of Casimir's people?"" she inferred, judging by how he knew her father, yet he did not eliminate him.",neutral,fear
"""Rather than them using and controlling us, we shall keep a tight rein on the passage of knowledge and information and let them seek us. Perhaps that could also reduce the chances of betrayal and death."" She paused and stared back at him.",neutral,neutral
"""From what I have gathered, there are three prominent religious factions in the land: Catholics, Lutherans, and Calvinists,"" Frida Heren, whom Shinji had given a new name, Kiku, reported.",neutral,neutral
"""The Empire lacks central authority; hence these factions sought to destabilize it and expand their own territories.""",neutral,neutral
"""Lord Shinji,"" Ishida called once the counselors left. He had told Ishida to address him as Shinji, but the kid was stubborn.",neutral,neutral
"""What is it, Ishida?""",neutral,anger
"After nights of discussion and planning with the counselors, they had finally secured an escape route to Amerigen, the nearby continent. Natsue helped him explain the operation.",neutral,neutral
Something hit his nape and his vision blurred. The last thing he saw was Ishida carrying him and Natsue leading the way.,neutral,neutral
The other counselors agreed in unison.,neutral,neutral
"Before the meeting got adjourned, a messenger knocked on the door with a letter on his hand.",neutral,neutral
"He felt a familiar presence nearby. Upon recognizing Isamu, one of his top vassals, he willed the darkness to bend and create a door.",neutral,fear
"""Our scout reported about the preparation of Yamato-sama's samurais.""",neutral,neutral
"""How many soldiers are they planning to send?"" he asked.",neutral,fear
Ryō knew that samurais were loyal to their master and would do anything to fulfill the latter's wishes.,neutral,neutral
"As soon as the moon rose, the feudal lord's samurais and retainers marched toward the direction of the village.",neutral,neutral
"Two samurais, whom he assumed to be the strongest based on their armors and katana, guarded Yamato.",neutral,neutral
"""By morrow, I want good news,"" Yamato told one of the samurais.",neutral,neutral
"He did not want to use his power yet, but he had to. In the shadows, he would have an upper hand. With a deep breath, he attacked again, knowing that the three were still stunned at how he just disappeared.",neutral,fear
"His gaze shifted to the daimyo and the remaining samurai. With blood dripping from his sword, he slowly walked toward their direction.",neutral,neutral
"""If you have already decided, wait for me outside.""",neutral,anger
"With a swift slash, the daimyo's head rolled on the floor, and his home was bathed in his blood.",neutral,neutral
"Isamu, Yuma, and Genkei, the former retainer of the deceased daimyo, all drew their katanas, but Ryō gestured them to halt. For some reason, the veiled intruder was masking his true presence.",neutral,neutral
The gray wolf's coat draped around Yllka's shoulders felt heavier as soon as she stood in front of the other clans' harjas.,neutral,fear
"After their emergence—individuals with abilities channeling the powers of nature—they were elected as protectors, and later elevated their status as their respective clans' chiefs, while the previous chieftains became advisers.",neutral,neutral
"They had agreed on sharing the uninhabited areas in the mountain range, but there had been differences of opinions over staple-abundant places bordering the villages. Some wanted priority given to the villages near them while others wanted equal rights.",neutral,neutral
Most still wanted territories and resources only for themselves.,neutral,neutral
"She studied him closely. ""May I know why?""",neutral,fear
"She dreamt of a united nation, a shared land, for everyone. They needed one another and figuring out the differences would be the only way for everyone to partake in the solidarity.",neutral,neutral
"""How about we make the rainforest a common hunting ground?""",neutral,joy
"The people started to build a temple in their common ground, hvítr, as a symbol of unity, representing each tribe's traditions and their respective chief's powers.",neutral,neutral
"""My name is of little importance, but my master wants to talk to you,"" he said.",neutral,neutral
"""Master?""",neutral,neutral
"""Chief.""",neutral,fear
"Morgan, a skilled mercenary whom she encountered during a classified mission, walked toward her direction. ""I have delivered your message to the blue-eyed people.""",neutral,neutral
"It was not hard to identify one as they had an aberrant feature—crimson eyes that seemed to reflect blood. But what she did not expect was the existence of other people who shared the same peculiarities, but differed features in their irises.",neutral,fear
"Their very existence attracts chaos. Sooner or later, it would affect the world in a much larger scale.",neutral,neutral
The time had come. The true rulers shall finally meet at the center of the world.,neutral,joy
Their conversation was put to a stop when another series of waves hit the islet. They were slammed with hundreds of gallons of water and almost thrown into the ocean.,neutral,neutral
"""Is this truly the center of the world?""",neutral,neutral
"""The lord of the harjas,"" Morgan remarked. ""You have arrived.""",neutral,joy
"She saw the red-eyed man who intruded into their village, and another who seemed to be gauging them, but what caught her attention was the woman standing between them.",neutral,neutral
"Their attention suddenly shifted to the new presence they had sensed. From a distance, a boat was sailing toward their direction.",neutral,neutral
A portal appeared on thin air and Yuma and Isamu went inside. Ryō was about to enter when he heard Shinji's voice inside his head.,neutral,neutral
"Minsan na lang namin makita 'yung trio—sina Ms. Reina, Sir Hayate at Sir Hiroshi dahil kapag umuuwi sila sa campus ay agad-agad din silang umaalis.",neutral,neutral
Napasilip ako saglit at may apat na lalaki na doon sa loob ng building at umakyat sila.,neutral,neutral
Sinundan ko siya at nagsimula kaming umakyat sa hagdan. Then pagdating namin sa fifth floor ay lumabas kami at ginamit namin 'yung tagong elevator. Nakita na kasi ni Hiro kanina sa lobby 'yung plan ng buong building at nakabisado na niya.,neutral,neutral
"""Mamaya na lang. Kailangan ko pang pag-aralan 'to,"" sabay taas ni Akane doon sa makapal na librong hawak niya.",neutral,neutral
Nakakalat sa kama ngayon 'yung mga librong may ancient text at tinatranslate ko sila isa-isa. After months of deciphering and decoding them ay nalaman na namin ang codes para sa bawat symbol na nagcocorrespond sa letters.,neutral,neutral
"Si Akane kasi ay nagfofocus ngayon sa pag-aaral ng interpretation ng sounds na ginagawa ng tao. Although hindi pa ganoon kadeveloped ang sixth sense niya to the point na pati 'yung breathing, pulse at heartbeat ay naririnig niya, ay nagsisimula na siyang mag-aral tungkol doon.",neutral,neutral
"Si Riye naman, may mga inuwing books galing sa clan niya para maging Shinigami tracker.",neutral,neutral
Doon ako dumaan sa kung saan ako hindi makikita habang nagtatago ako sa likod ng buildings at puno. Hanggang sa makarating na ako sa gubat.,neutral,neutral
"""So you’re also here.""",neutral,fear
Umakyat din siya sa hill at umupo siya sa tabi ko.,neutral,neutral
"""So that means, nagfefade ang ibang thoughts ng Dad mo? Pero sa’yo, nagsstay."" Combination nga ng sixth senses ng parents niya. Siguro 'yung permanent memories ay galing sa Mama niya.",neutral,neutral
"""Ito ba 'yung pinag-usapan niyo ni Hiro kanino about sa right time?""",neutral,neutral
"""Yeah. At kailangan kong magsama ng dalawa.""",neutral,neutral
"""So si Hiro at ako. Well ang sixth sense namin ang pinakaeffective na gamitin pagdating sa meetings and assembly. So hindi 'to alam ng Papa mo?""",neutral,neutral
"""Sabi ni Hiro, si Yllka daw ang isa sa founders ng Huntres tribe along with Ivankov. At ang shrine niya ay located sa Romania.""",neutral,neutral
Nung 5 AM na ay niligpit na namin ni Akane lahat ng books at ginising na rin namin si Riye. After that ay nagprepare na kami para sa class namin at nakasimangot si Akane nung lumabas kami ng kwarto.,neutral,neutral
"Napatingin ulit ako doon sa dalawa. Akala ko kung anong libro, medical pala. Kung siguro nasa labas sila ng Tantei High, aakalaing fiction book ang pinag-uusapan nila.",neutral,neutral
"""Nasabi mo na kay Akane?"" tanong niya naman at tumango ako.",neutral,neutral
"""Mmm. Nadiscover niya pa ngang nasa gitna ang Yllka Shrine ng major bases ng bawat tribes.Though, mukhang ikaw ay alam mo na kaagad.""",neutral,neutral
Minsan napapaisip ako kung kasing-edad ba talaga nina Papa at Mama si Ma’am Michiko.,neutral,neutral
"Pinagwarm-up muna kami bago namin sinummon ang weapons namin. Ang training ko ngayon ay matarget ang moving objects. Nagsummon si Ma'am ng tatlong shuriken, according sa kanya. It has four pointed blades at may butas sa gitna. Weapons daw 'yun from Japan. Ang kailangan kong gawin ay matamaan ko 'yung butas sa gitna at ma-pin 'yung shurikens sa pader.",neutral,neutral
May iba’t ibang trainings din sina Akane na bagay sa weapons nila. Sinabi kasi namin kay Ma’am Michiko na gusto naming taasan ang level ng PE class namin kaya siya mismo ang nag isip ng training routines namin.,neutral,fear
Nagsuot kami ng cape at lumabas kami ng dorm. Dumaan kami doon sa way kung saan walang makakatrack sa amin papuntang gubat. Dumiretso kami doon sa hillside at nakita namin si Hiro sa tuktok.,neutral,neutral
"Nakatayo sa likuran ni Hiro sina Ma’am Reina, Sir Hayate at Sir Hiroshi.",neutral,neutral
"""Here,"" sabay abot ni Hiro ng coat. Pagtingin ko ay nakasuot na sila ni Akane ng coat.",neutral,neutral
Nagpaalam sa amin sina Ms. Reina at lumipad ulit 'yung plane kaya humawak ako sa trunk ng puno dahil sa sobrang hangin. After that ay nagsimula na kaming maglakad. Ginamit ko ang sixth sense ko para tignan ang paligid.,neutral,neutral
Naintindihan kaagad namin iyon kaya pumunta kami kung saan nakaturo ang arrow. Naalala ko bigla 'yung sinabi ni Hiro dahil sa nabasa namin sa bato. Si Yllka ang isa sa founders ng Huntres tribe.,neutral,neutral
"Actually, gusto kong pag-aralan ang History ng Erityian race pero hindi ko magawa dahil sa dami ng mga nangyayari.",neutral,neutral
Sa loob ng bahay ay may lumabas na dalawang babae at pumwesto sila sa magkabilang gilid nung kausap kong Huntres.,neutral,neutral
They are the representatives of the Custos tribe. Hindi ko sila masyadong nakita noong war pero parang pamilyar sila. Siguro ay nakita ko silang makipaglaban that time kaya tumatak sa isip ko ang image nila though ngayon ko na lang ulit naalala.,neutral,neutral
"""You're all here.""",neutral,fear
"""Now that we're all here, let's start the meeting. We have so much to talk about.""",neutral,joy
This will be the start of the new generation.,neutral,neutral
"""One of our founders, Yllka, used to live here before being labeled as an Erityian. After her death, they built a shrine in honor of establishing the Huntres tribe."" sagot ni Krystal.",neutral,neutral
Napag-usapan namin 'to ni Akane at narealize namin habang nakatingin kami sa mapa na nasa center nga ang Romania ng bases namin. Nagkataon namang may shrine dito si Yllka kaya dito kami nagkita-kita.,neutral,neutral
Sinarado ko kaagad nang mabuti ang isip ko. Napag-isip-isip ko rin kasi na may point si Nel. Both Shinigamis and Huntres depend mainly on their sixth sense and attributes. They can easily use their overwhelming abilities to fight and survive.,neutral,neutral
"Naaalala ko pa ang panahon na 'yun. A man ang woman with red and blue eyes, respectively.",neutral,neutral
Now I know kung bakit nagpasama siya ng dalawang colleagues. Siguro nahulaan niyang ganito ang mangyayari kapag kaming apat lang ang nagkita-kita pero dahil sa mga kasama namin ay nagbago ang mood.,neutral,neutral
Nilatag ni Darwin ang isang Asian Map at tinuro niya kung nasaan ang Hokkaido sa Japan.,neutral,neutral
"""Who's your mother?"" tanong ni Darwin.",neutral,fear
"""I think I've heard that name before.""",neutral,sadness
"""I agree,"" the guy behind Nel added.",neutral,neutral
Naglakad siya palayo kaya tumalikod na rin ako at hinanap ko sina Hiro at Akane. Nakita ko naman kaagad sila kahit 500 meters ang layo nila sa akin.,neutral,neutral
"Makikipagtalo pa sana ako pero nung narinig ko ang salitang sleep ay lalo akong inantok. Pumikit ako at ilang segundo lang ang lumipas, nakatulog na ako kaagad.",neutral,neutral
Iniscan ko lahat ng handouts at nakakahilo ang dami ng mga pangalan ng parts bawat systems.,neutral,neutral
"Ang tagal na panahon na rin ang nakakalipas simula nung narinig ko ang boses niya na tinatawag ako sa pangalan ko. Bukod kina Darwin at Papa, siya lang ang tumatawag sa akin nun.",neutral,neutral
Hindi ko alam kung anong irereact ko dahil biglaan lang ang pagkakasabi nila. Ni hindi ko nga alam kung bakit kami ang sasama sa kanya at kung ano ba talaga ang mission niya.,neutral,neutral
"""We just drank . . .""",neutral,anger
Sabay na kaming naglakad papunta sa dorm. Pag-akyat ko sa room namin ay nandoon na sina Akane at Riye na mukhang kanina pa ako hinihintay.,neutral,neutral
"""Hindi ko rin alam.""",neutral,neutral
"""Wear your contact lenses,"" biglang sabi ni Mama kaya naman agad naming nilabas ang eyedrops.",neutral,neutral
"Sa pagkakaalam ko ay nasa Narita Airport kami ngayon at kailangan naming magbook ng flight sa kalapit na airport dito sa Tokyo, which is the Haneda Airport, dahil doon lang may flight papunta sa Nakashibetsu Airport na pinakamalapit sa Nemuro, Hokkaido kung saan ang base ng Shinigamis.",neutral,neutral
"Agad kaming sumakay ng cab at si Hiro na ang kumausap doon sa driver, habang ako ay tumingin ulit sa direksyon ng Mama niya.",neutral,neutral
Sumunod siya sa amin at nauna na kami ni Hiro papunta sa loob ng eroplano. Inabot ni Hiro sa flight attendant 'yung tickets namin at nag-usap sila in Japanese kaya hindi ko naintindihan.,neutral,neutral
"""Let's go, then."" Tumayo kami pareho at nagsimulang maglakad kahit hindi namin alam kung saan pupunta.",neutral,neutral
"""You really look like her,"" sabi naman nung lalaking katabi niya and for a second ay akala ko si Darwin ang nakatingin sa akin. He must be his father.",neutral,neutral
May mga sinabi pa sila pero hindi ko na 'yun pinakinggan.,neutral,neutral
"""Saan na tayo pupunta ngayon?"" tanong ko naman habang naglalakad kami.",neutral,neutral
Napahinto ako sa paglalakad dahil sa dami ng tumatakbo sa isip ko. Nakita ko namang huminto rin si Darwin at lumapit siya sa akin.,neutral,neutral
Tahimik lang kaming naglalakad at hindi ko alam kung ilang minuto na ang lumipas.,neutral,neutral
Nilibot ko ang paningin ko sa kwarto kung nasaan kami ngayon at narealize kong isa pala 'tong medical laboratory.,neutral,neutral
"""Do you have any idea?"" tanong ko sa kanya about sa password pero umiling siya.",neutral,neutral
Natahimik kaming dalawa at pareho kaming nag-isip kung ano ang possible password para sa folder na 'to.,neutral,neutral
"""Yes.""",neutral,neutral
"""Sinong namamahala ng lab na 'to?"" tanong ko.",neutral,fear
"""What's her name?""",neutral,fear
"""Saeko. And she's one of the Elites of Riko, your grandmother.""",neutral,fear
"""I think the password is a japanese term."" Bumalik naman ang isip ko sa nangyayari ngayon nung narinig ko si Darwin at tumingin ulit ako sa screen.",neutral,neutral
According sa text sa baba ng dialogue box ay 8-letter word ang password at naisip ko ring japanese term 'yun dahil mas inclined ang Shinigami sa japanese culture.,neutral,neutral
May sinaksak si Darwin na kakaibang drive sa computer at tinransfer niya ang data at files na kailangan namin.,neutral,neutral
Tumahimik ulit siya habang ako ay tinabi ang chip sa bulsa ng damit ko at tumingin ulit sa nangyayari sa Shinigami base.,neutral,neutral
"They're here,' biglang sabi niya at pagtingin ko ay naglalakad palapit sa amin si Papa at ang Mama niya.",neutral,neutral
"""Nathan,"" tawag ng Mama niya sa kanya. ""Let's go.""",neutral,sadness
Naalala ko naman bigla si Darwin. Hindi na pala ako nakapagpaalam sa kanya. But I think he's going to be busy because his parents will be the ones to lead the new Shinigami tribe.,neutral,neutral
Dalawang araw na ang nakakalipas simula nung araw na 'yun. Dalawang araw ko na ring pinag-aaralan ang laman ng chip na binigay sa akin ni Darwin. The chip that contains information about my mother and eye projects.,neutral,neutral
"Kahapon ay nagdadalawang-isip pa ako kung bubuksan ko ba 'to o hindi, pero nung bandang gabi na at tulog na sina Akane at Riye ay sinaksak ko ang chip sa holophone, a device where you can view any data in 3D or hologram.",neutral,neutral
Nakakapasok na nga rin pala sa Tantei High ang ilang Shinigami para sa truce na nangyari sa apat na tribes. Their representatives can enter the campus using the Black Dimension since we want to prevent them from being seen by the students.,neutral,neutral
Kumuha ako ng jacket sa closet ko at narealize ko na ito rin ang jacket na sinuot ko nung pumunta kami ni Mama dito sa Tantei High.,neutral,neutral
Sinuot ko ang kinuha kong jacket at nilagay ko sa bulsa ang wallet ko.,neutral,neutral
Lumapit siya sa akin at pinatakan ko rin ang mga mata niya. Halatang hindi siya sanay doon dahil gusto niyang kusutin ang mga mata niya kaya pinigilan ko siya.,neutral,neutral
Pagdating namin sa harap ng school ay bigla akong may naalala.,neutral,neutral
"""Dapat pala sinama natin si Riye.""",neutral,neutral
"""Oo pero one batch lower sa atin.""",neutral,neutral
Sayang. Pero mukhang hindi rin naman mangyayari 'yun dahil nasa klase siya at hindi ko naman ineexpect na pupunta si Darwin sa kwarto namin para mag-ayang pumunta rito.,neutral,neutral
"Medyo hindi na ako sanay gamitin ang Lazaro, na maiden name ng mama ni Hiro.",neutral,neutral
"""Oo nga po eh,"" sabi ko at tumingin ako kay Darwin para magpatulong. Baka kasi hindi kami papasukin dahil hindi naman na kami taga-rito.",neutral,neutral
"""Syempre naman,"" sagot naman ni Manong at lumapit siya sa amin. ""Pwedeng pumasok ang Erityians dito.""",neutral,neutral
"""Galing ako sa Querino clan at nagsimula ako rito dalawang taon bago pumasok ang anak ng leader namin, si Ms. Rizelle Querino, para masiguro na magiging ayos ang lahat.""",neutral,neutral
"""Ibig sabihin, alam mo po kung sino ang mga Shinigami na nandito dati?""",neutral,neutral
"""Oo pero nandyan naman si Ms. Janelle at mas may kakayanan siya para gawin 'yun. Nandito lang ako para magbantay at alisin lahat ng threat sa school na 'to dahil na rin sa utos ni Sir Salas.""",neutral,neutral
"""Na-track n'yo po ba kami?"" tanong ko at tinuro ko ang sarili ko pati na si Darwin.",neutral,neutral
Ilang minuto pa naming kinausap si Manong Guard at nalaman naming may ilang Shinigami pala talaga na pumupunta rito para bantayan ang ilang Erityians na nandito.,neutral,neutral
Dumiretso kami sa Principal's office at pagdating namin doon ay nakaupo na sa couch si Sir Salas.,neutral,neutral
"""Sobrang isolated pala talaga natin dati,"" sabi ko sa kanya.",neutral,neutral
"""Yeah. We really don't belong in this class,"" dagdag niya. ""Pero ikaw, nakakapag-interact ka sa kanila kapag may napapansin kang kakaiba tulad nung nangyari kay Tessa.""",neutral,neutral
"But I know I can't go back to this world anymore because the world where I am living now is the place where I need to be, the place where I truly belong.",neutral,neutral
"""Tara na,"" sabi ni Darwin nung nasa quadrangle na kami. ""Baka hinahanap ka na ng mga kasama mo.""",neutral,neutral
Maggagabi na pala at hindi ko masyadong namalayan ang oras. Nagpaalam kami kina Sir Salas at Manong Guard bago kami umalis.,neutral,neutral
"""Ikaw lang ang kinakausap ko dati dahil nakikita ko ang sarili ko sa'yo."" Nalito naman ako dahil out of the blue niyang sinabi 'yun at 'di ko pa rin maalis ang isip ko sa kamay namin. ""We're both outcasts and we really don't communicate with our classmates.",neutral,neutral
Ilang araw na ang nakakalipas nung sinimulan kong basahin at pag-aralan ang lahat ng nakalagay sa chip.,neutral,neutral
"""I'll listen,"" sabi ko sa kanya.",neutral,neutral
"""Memories from the war?"" I asked and he nodded.",neutral,anger
"""Memories when I was still a kid.""",neutral,anger
"Naging tahimik kami bigla and for a second, hiniling ko na sana meron din akong sixth sense ni Hiro.",neutral,neutral
"""It's okay,"" sabi naman niya. Reading my mind again, huh.",neutral,neutral
"""He said I should always protect Mom. For him.""",neutral,sadness
Tumayo naman ako at pumwesto sa harapan niya. Umupo ako para maging magka-level kami at napatingin siya sa akin. Hinawakan ko ang magkabilang sentido niya.,neutral,neutral
Tinigilan ko na ang pagmamassage sa kanya at tumayo na ako sabay talikod sa kanya.,neutral,neutral
Bigla namang may nagvibrate sa bulsa ko kaya kinuha ko 'yun. Pagtingin ko ay may message si Darwin.,neutral,neutral
"We're going to have another meeting. This time, bring your most trusted team. Let's see each other at the Yllka Shrine three days from now.",neutral,neutral
"""Magkakaroon ulit ng assembly,"" sabi ko kay Hiro.",neutral,neutral
"""I don't know. Sabi lang ni Darwin, dalhin ko raw ang team ko.""",neutral,neutral
"""Yllka Shire. Three days from now.""",neutral,neutral
"""Okay.""",neutral,joy
"""What?"" he asked.",neutral,anger
"""Nothing.""",neutral,neutral
"""Si Kaoru ba ulit ang gagamitin natin papunta sa Yllka Shrine?"" tanong ni Akane habang naghahanda kami para mamaya.",neutral,neutral
"""Yes. Sabi ni Hiro, kinausap na niya raw si Sir Hiroshi about doon and pumayag siya.""",neutral,neutral
"""Nee-san, bakit pala magkakaroon ulit kayo ng meeting?""",neutral,neutral
"""Hindi ko rin alam. Nagpatawag lang si Darwin.""",neutral,neutral
After ng mga pag-uusap namin ay agad ding nakatulog sina Riye at Akane pero ako ay nanatiling gising. Ewan ko pero tuwing gabi ay lagi ko nang naaalala lahat ng nabasa at nakita ko sa chip.,neutral,neutral
Lumapit ako sa kanya at umupo sa tabi niya.,neutral,neutral
"""It's okay."" Napatigil naman ako nung narinig ko 'yun at humiwalay ako sa kanya.",neutral,neutral
"Nagprepare naman ako ng breakfast habang naliligo sila at binuksan ko ang bintana namin. After several minutes, narinig ko na ang pag-akyat nila.",neutral,neutral
"""Bakit ka nagpalit ng pabango?"" tanong naman ni Ken kay Akane na nagpapatuyo ng buhok sa tapat ng electric fan.",neutral,neutral
Hindi kami nag-usap at nagtulungan lang kami sa paghahanda ng mesa. After that ay agad din naman kaming kumain lahat at hinanda namin ang mga kailangan namin sa pag-alis. Mga 6 AM kami nakalabas ng dorm at dumiretso kami sa gubat kung nasaan si Kaoru. Pagdating namin doon ay sinalubong kami ni Sir Hiroshi at inexplain niya sa amin ang auto-pilot system ni Kaoru.,neutral,neutral
Siguro dahil na rin sa kulang ako sa tulog at pagod kaya pagkaupong-pagkaupo ko ay napapikit agad ako at nakatulog. Ginising lang ako ni Hiro nung malapit na kami.,neutral,neutral
"""We're here,"" sabi niya kaya naman nag-ayos na ako.",neutral,neutral
Gemma at Ashley. I think mas bata or kasing-edad sila ni Riye pero mukhang mas bata sila magact at kumilos. Meron ding isang lalaki na nakaupo sa terrace at sobrang cool niyang tignan habang may nagfoform na ice sa kamay niya.,neutral,joy
"Dahil turn na namin ay nagpakilala naman sina Ken, Riye at Reiji sa kanila. Agad namang hinatak nina Kelsey at Miles si Riye sa isang gilid at nagbulungan na silang tatlo doon.",neutral,neutral
"""How's your tribe?"" Nel asked to Darwin.",neutral,joy
"Right now, we're just bonded by a truce due to the fight with the main forces of Shinigamis but because the battle has ended, so as our truce. Indifferent ang Erityian tribes sa isa't isa at hindi talaga kami nagkakaroon ng contact or treaties, maliban sa War Alliance ng Senshins, Huntres at Custos na nangyayari lang kapag nasa state of war ang isa sa kanila.",neutral,neutral
"""Yes,"" mabilis na sagot ni Darwin. ""Our current leaders don't trust each other and I think that's understandable because of the problems in their generation.But in our case, it is feasible.""",neutral,neutral
All of us stood up and I remember reading this in a book about the first Erityians—their pledge as a member of the Erityian race. I think we're going to do the same kind of vow.,neutral,neutral
Halos tahimik kami ng ilang minuto matapos 'yun pero agad din namang bumalik sa dati. Nagpunta kami sa kanya-kanya naming grupo at pinakilala ang isa't isa.,neutral,neutral
"""No problem.""",neutral,neutral
"""Yeah. You too. Bye, Darwin.""",neutral,neutral
"""I'm fine.""",neutral,neutral
I placed my hand on his.,neutral,neutral
"""Everything is ready.""",neutral,anger
"""Is this one a humdrum?"" the guy on the left asked.",neutral,neutral
"According to them, the White Division had been usurped by Pierre, the leader of the opposing faction of my father's regime. He built a guild that followed every word he says and named it Flame Spectre. He took control of the government, the military and the flow of information.",neutral,neutral
I wanted to see even one of their allies.,neutral,neutral
"""Ayos lang ba kayo?""",neutral,anger
"And that day, I learned the truth about us—the history and power of the Alveria family, the rightful people to rule the Huntres tribe, the strongest fighters among the Erityian race.",neutral,neutral
"""Those with Wind attributes could manipulate the air around, creating some superior mirages,"" he chuckled. ""Nandito na tayo.""",neutral,joy
"""Yes. You are not yet ready,"" he said. ""But you have to. As the successor of your father, and the inheritor of the strongest Ice attribute, you are destined to command our tribe.""",neutral,neutral
"Isaz led me to a room in the manor and gave me a book about our history. It was written in strange symbols and I had to decode everything for hours. To be honest, I already had an idea about the content after what I had witnessed for the past several years but I started reading it.",neutral,neutral
"Apparently, we are part of a race called Erityian and it is divided into four tribes: the Senshin, Shinigami, Huntres and Custos.",neutral,neutral
"Those who possess elemental powers are part of the Huntres tribe, and the Alveria family has been the ruler of the tribe since our ancestors' time.",neutral,neutral
Isaz said the history and the truth about our powers would be passed down to children either when they reached twelve or when they manifested a bit of their attribute.,neutral,neutral
Reading the books in this room explained a lot of unanswered questions.,neutral,neutral
"""Ayos ka na ba?"" he asked in a gentle tone.",neutral,joy
"""Starting tomorrow, Riyo, Hilda and I will personally train you,"" he stated.",neutral,neutral
"""Magpahinga ka ngayong araw para handa ang katawan mo kinabukasan.""",neutral,sadness
"""You've lasted for four hours. That's quite a feat given you're still young. But as an Alveria, you need to do better. Now, sleep and recover.""",neutral,neutral
"""That's Gerald.""",neutral,neutral
His gaze drifted to the guy he just called Gerald.,neutral,neutral
"""You need to be more agile, Winter,"" she commented. ""From now on, you have to evade all of my attacks.""",neutral,neutral
"Beads of water formed around him, fluidly taking any shapes and sizes. Riyo looked like the youngest of the three but he was actually the oldest, which made him more daunting than the other two, in a way.",neutral,neutral
"""What were you saying, Winter?"" he asked.",neutral,anger
"""You two will go with me,"" he said.",neutral,anger
"""To the border of North Black and East Black. We need to save people.""",neutral,neutral
"Before we could ask more questions, he started walking away and we had no choice but to follow.",neutral,neutral
"It took us almost three hours before we arrived at our destination, and fortunately, we didn't have to hide because there was already a huge crowd gathered near the boundary.",neutral,neutral
"""What do you mean?""",neutral,anger
It's been three days since we went to the border.,neutral,neutral
"The Huntres were back to their usual business—training their bodies, improving their abilities with respect to their attributes, and monitoring the Flame Spectre's movements.",neutral,neutral
"Leo, who was a weapon provider for the rebellion force, chose to live quietly but he promised he would still lend a hand if needed.",neutral,fear
"""Winter.""",neutral,neutral
"""What is it?""",neutral,anger
"""Hilda is calling you.""",neutral,fear
"I went out of the window and walked with Hale. Looking at him, it looked like he grew at least a few centimeters taller.",neutral,neutral
"When we got to the training grounds, Hilda and Riyo were already there as several children approached them.",neutral,fear
"""Those who came from a pure bloodline can manifest their clan's attribute in 
its pure form. Like this,"" Riyo explained.",neutral,neutral
"""We call them veinas,"" Hilda added.",neutral,neutral
"""They say veinas will choose their master, not the other way around.""",neutral,fear
"""Why aren't you picking your weapon?"" I asked.",neutral,neutral
"""You came from a pure bloodline?""",neutral,neutral
"""Are they?""",neutral,fear
"My purple eye only lasted for two days and that was after our first day of training. It turned into a mixture of blue and violet, but these days, blue was becoming more dominant. However, it wasn't as light and clear as Isaz and the rest of the most powerful people here.",neutral,neutral
"From the far end of the training grounds, I saw a guy waving a wooden sword. If I remembered correctly, that was Gerald, one of Dad's righthand men.",neutral,neutral
"I walked toward his direction and bowed at him. He doesn't stay in the village, unlike most of the top brass in the force. They said he owns a dojo in the White Division and he was being monitored by the Flame Spectre, so he could only visit when the security is low.",neutral,neutral
One of the reasons why he could still continue living in the White Division was the position of his second wife. She was one of the most influential humdrums in the White Division and harming him would cost Flame Spectre the support of the people.,neutral,neutral
"""Gerald,"" I called.",neutral,neutral
"""Yes?""",neutral,neutral
"""You said you're one of Dad's righthand men."" He nodded. ""Who's the other one? And where is he?""",neutral,joy
"""Winter,"" called Hale, who was about to go to a mission.",neutral,neutral
"I finished donning my furred coat and armor. Isaz went to find Leo to mass produce veinas that could help our faction train their abilities, while Gerald didn't return anymore after our last training.",neutral,neutral
"""I will.""",neutral,anger
"This was used to be the assembly hall but the absence of Isaz, Riyo and the other counselors made it look like an abandoned shack. Isaz left the village a week ago to find Leo and Riyo was busy with gathering Water attribute users in the Black Division.",neutral,neutral
"That got my attention. I craned my neck and saw a map, several places marked with dots, mostly in East and North Black.",neutral,neutral
"""Ah, right."" She reached for the folded paper beside her. ""That kid wants to give you this.""",neutral,neutral
"After that exchange, I left the quarters and headed to my room. I continued reading Hale's letter where he detailed what happened during his mission.",neutral,neutral
That piqued his interest and decided to follow her for now. He said he was sorry for not sending a report for a while since he got busy saving the kid at without her knowledge.,neutral,sadness
"""I'll try to find your sister, too,"" he said in a gentle tone.",neutral,neutral
"""Describe her to me.""",neutral,fear
"""Send me a letter once you found her.""",neutral,neutral
"""Of course.""",neutral,neutral
"""Winter,"" called Isaz. ""It's time.""",neutral,neutral
"""I will take everything back,"" I mumbled as I looked at the clear sky.",neutral,anger
"""Yes, Lady,"" she said. ""Riyo is already waiting for you.""",neutral,neutral
"""I'll be there in a minute.""",neutral,neutral
"Lady Winter is here,"" one of the guards announced and the door swung open.",neutral,neutral
"""What do you mean?""",neutral,anger
"""I know you have a lot on your plate,"" he continued, ""but you have to stay rational."" A gentle wind brushed my skin, sending pleasant thoughts in my head. ""You should protect everyone who shares the same beliefs as yours, even if they are from divisions you hated all your life.""",neutral,neutral
"""Of course,"" he replied while bowing. ""I will.""",neutral,anger
"""I'll go ahead,"" Hale mentioned and he started walking away.",neutral,neutral
"Dale slightly bowed and looked at me. ""They're clean,"" he reported.",neutral,neutral
"After he apprehended the two fire attribute users, Riyo and Hilda interrogated them and asked for some information that we could use against Flame Spectre.",neutral,neutral
"""Let's go, Lady.""",neutral,neutral
"""We can proceed,"" added Faye.",neutral,anger
"Faye and Reya exchanged looks but before they could volunteer to scout, I started walking toward the crowd.",neutral,neutral
"After training more rigorously, the burden on my body wasn't that bad compared to the first incident. This time, I wouldn't be able to move only for a few hours instead of weeks.",neutral,neutral
"He laid me on my bed, lit the fireplace to keep the room warm and closed the curtains.",neutral,neutral
"As the door closed, I fell asleep and dreamed about Krystal.",neutral,neutral
"""Thank you.""",neutral,joy
"Hale said most of the gangs against Flame Spectre went to the War of Best. Isaz, Riyo and Hilda were also deployed as reinforcements.",neutral,neutral
"""How about Gerald?"" I asked.",neutral,neutral
"""Yes. Apparently, his daughter is one of your sister's members.""",neutral,neutral
"""Let's go.""",neutral,anger
"Three people stood between the fighters and the center of the battle. According to Dalan, those were the leaders of gangs with wind, water and earth attributes. Our allies.",neutral,neutral
"""Sleep first, My Lady,"" he whispered. ""Leave the rest to us.""",neutral,neutral
"""How's White Division?"" I asked.",neutral,anger
"""The Senshins agreed to help. They said they could erase their memories from that day using some sort of devices.""",neutral,sadness
"""I'll go now,"" she said. ""See you in a few days.""",neutral,sadness
"Dalan stood by the door, watching the two marched on the hallway.",neutral,neutral
"When I looked at my window, they were already outside and Hale continued following her.",neutral,fear
"Both of them wanted to focus on their family and even though their retirement meant loss of powerful commanders, I respected their wishes. Besides, I already had people in mind as their replacement.",neutral,neutral
"I walked back inside and realized Krystal and Hale weren't there anymore. Maybe she went to her friends and he followed her. Meanwhile, Dalan remained standing near the balcony. I turned and met his gaze.",neutral,neutral
"Mom, Dad, as long as I am here, this place will never be in hell again. The ice and snow will never melt. I promise.",neutral,anger
They were tasked to clean the mess in that place while the Commander gave me a special mission.,neutral,neutral
I just wanted to see her awake and okay before I go.,neutral,neutral
"After the visiting hours, I retired to my room and stared vacantly at the ceiling.",neutral,neutral
Jett quietly followed me as I entered my room and he remained standing while I sat on the side of my bed.,neutral,neutral
"As someone who had lived there for quite some time, he asked me to bring the criminals to that place.",neutral,fear
I was admiring the device as I walked to my room when I saw a figure standing on the doorway,neutral,neutral
It's time to go home.,neutral,joy
Nel would surely be awake by now.,neutral,neutral
"""Because they can use your thoughts and memories against you.""",neutral,fear
"Farallon was never fazed with anything. Even when Vince brought her here, he remained inexpressive.",neutral,fear
"""Why are you here?"" he questioned without answering mine.",neutral,anger
"""I have a special delivery.""",neutral,neutral
I didn't have any friends of my age in this place and all the Executioners were busy with their jobs and missions so I befriended these two.,neutral,neutral
"Among the natives of this island, only me and Aristus could snuggle with these deadly predators.",neutral,neutral
It was always dark in the woods as the canopy of trees blocked the sunlight.,neutral,neutral
My arms accidentally brushed against the leaves of a poisonous plant and rendered me motionless.,neutral,fear
"Farallon wounded himself, his blood trickling from his finger and it dropped onto the boulder at the forest's threshold.",neutral,sadness
"He disappeared from my sight, and the next thing I knew, the tip of his blade was already piercing through my right shoulder.",neutral,anger
"The Executioners, as well as Yuma and Farallon, bowed to him and that got me confused.",neutral,joy
I stayed at the shore of the island as they decide what to do with me and the prisoners I had to transfer using the Senshins and Custos technology.,neutral,neutral
She walked toward my direction and Shira started snarling at her.,neutral,neutral
Most of the Executioners who were fighting against each other halted and dashed here.,neutral,fear
Farallon arrived a minute later and stood beside me.,neutral,neutral
They were transferred to the keimusho while I stayed there with Kyo.,neutral,neutral
"""We can extract information from their brains. Give us at least a day.""",neutral,neutral
"""Okay. I'll be counting on you.""",neutral,joy
He silently walked away and I was left alone.,neutral,neutral
I wanted to contact the CIA but communication outside was forbidden in this island.,neutral,neutral
"Well, the absence of the prisoners would probably be enough as a report.",neutral,neutral
I immediately went out of the cabin and ran toward the bridge. Farallon was on his way to the shore so I went with him.,neutral,neutral
"""They just landed.""",neutral,anger
"We both dashed toward the shore and Kyo, as well as Kiyoko, was already talking to the two people who just got out of the boat.",neutral,neutral
"""Naia?"" she called.",neutral,fear
He looked exactly like Vince.,neutral,neutral
"Nathalie and Kyo went to the huge shack in the middle of the island to talk about 'stuff' that, according to them, we don't need to know.",neutral,neutral
Kiyoko went to the prison with Lionel to transfer the captives they just tortured.,neutral,neutral
I stared at him for a few seconds. I wasn't sure if he was confident or just foolish.,neutral,neutral
"""Kiddo? You seem like just a few years older than me,"" he commented.",neutral,anger
"""No filters and sugarcoating, huh? I like that,"" Kyo commented.",neutral,joy
I started walking away from them.,neutral,neutral
He should have prepared himself before setting foot here.,neutral,fear
I was on my way to my cabin when I saw Aristus standing near it.,neutral,neutral
"""Aristus!"" I called as I ran toward his direction.",neutral,joy
The temperature in this place took up a notch and I started sweating profusely.,neutral,fear
"After an excruciating walk, we finally arrived at keimusho.",neutral,neutral
"The guards opened the gate when they saw Aristus and when we stepped inside, a wave of nausea hit me.",neutral,neutral
"""You sure you can handle this?"" Aristus asked.",neutral,neutral
"""I could see that.""",neutral,sadness
We navigated the narrow hallway until we arrived at a lift.,neutral,neutral
"Since the prisons are underground, we had to use it to reach the zero/rei level, where convicted Erityians were placed.",neutral,neutral
"""That's the rule, kid,"" he said. ""You can't communicate with others within the island.""",neutral,neutral
I was left alone in the middle of the sea and I realized there was a brewing storm nearby.,neutral,neutral
"""The criminals have been transferred successfully, Commander,"" I reported.",neutral,neutral
"""I'd like to know the details.""",neutral,neutral
"""Roger that, Commander.""",neutral,anger
"He ended the call and a second after that, the raft was pulled into the fog. The island and Farallon came into view and he hauled the raft to the forest.",neutral,neutral
We walked back to the inland and Shira and Hyora greeted me.,neutral,neutral
"""Yeah. It was like coming back from hell.""",neutral,neutral
"It slowed me down but I thought I could control my mind. However, something made it much more complicated.",neutral,fear
I couldn't sleep.,neutral,neutral
"""I see. And after Vince died, Ise once again recommended Kyo as the chief.""",neutral,neutral
"""Uhm, I just want to ask . . .""",neutral,neutral
"At daybreak, I went out of my shack and walked toward the shore.",neutral,neutral
I already did my mission and gathered information. It would be the best to leave Shima before it gets hectic.,neutral,neutral
"For a moment, I think I could understand what he wanted to happen.",neutral,fear
". Yes, Executioners are physically strong, but they rarely follow strategies. Only a couple of them could really lead.",neutral,neutral
I guess he wanted more people like that.,neutral,sadness
"""I learned that here.""",neutral,joy
"""Thank you, Commander,"" Nel said.",neutral,joy
"After Nel informed me about the meeting of the next-generation leaders, I 
tried contacting them again but that girl was probably driving and I knew 
Cliff and Jett wouldn't risk their lives to answer my call.",neutral,neutral
"Several minutes later, she sent me the message of that Shinigami that we saw during the fight. I forgot his name.",neutral,neutral
"I was still in the middle of the Pacific Ocean and it would take me a day to reach Japan. Fortunately, my devices were working well.",neutral,joy
"I could track their location and keep enemies away from them, if there were any.",neutral,neutral
"Commander Priam also messaged me, asking my whereabouts, so I told him my current coordinates.",neutral,neutral
Nothing. I tried calling them again but to no avail. They weren't responding.,neutral,neutral
"""Yeah. That kid is cool.""",neutral,joy
"They were descending the mountains and Nel seemed to forget her exhaustion because she couldn't stop talking about what happened during their talk. She said she liked the other tribes' representatives. When he mentioned Hiro, I asked her what she thinks of him.",neutral,fear
"I ended the call and their faces twitch for a few seconds and finally faded. A new holograph appeared, only it was a note about my next mission, along with a voice mail.",neutral,neutral
"It was already 8:30 P.M. and the sun was about to set. Those three were on their way here but they might arrive later than I expected. I crept around the palace, waiting for the right time to sneak in without getting any attention.",neutral,neutral
"When darkness loomed over the city, I moved toward the tower at the right and prowled inside to investigate.",neutral,neutral
"With my remaining strength, I walked at their direction. Finally, we were together again.",neutral,joy
The flight back to Philadelphia was quite awkward.,neutral,neutral
That kind of fighting style was highly offensive and would leave your defenses down to zero. Your only goal was to attack and overpower your opponents by brute force and killing techniques.,neutral,neutral
"Commander Priam's face had aged beyond his years, but he still wore the same stern expression.",neutral,neutral
Our pilot changed course and announced that we were approaching France.,neutral,neutral
"""I don't think so,"" Jett replied. 'They said it was destroyed. Maybe they just borrowed it from a humdrum and marked it so we would know how to find them.""",neutral,fear
We reluctantly walked toward their direction until we stood in front of the boat.,neutral,neutral
We watched from our respective rooms as Commander Priam addressed his people.,neutral,neutral
"After his speech, he informed them the Executives were currently resting due to the injuries they got. He also gave new missions to the teams present and said he would be counting on them.",neutral,neutral
"""Your Dad really has a way with words,"" I said as I stared at the ceiling.",neutral,joy
"I was woken up by the sound of my device. When I looked at Nel's bed, she was still asleep. I sat up groggily and pulled my device from my pocket and there was a message from the Commander.",neutral,neutral
I changed the topic and talked about Dale and Zeno. They examined the remote and pondered the technology behind it.,neutral,neutral
"""You guys should sleep,"" I said. ""I'll take first watch.""",neutral,neutral
She lay down beside me and heaved a deep sigh.,neutral,neutral
That made him relax for a bit.,neutral,fear
The Shinigami removed his hood and a guy who looked like a teenager came into view.,neutral,neutral
She ignored me and continued munching her snack while Jett started inspecting all his guns.,neutral,fear
"He stood there as a father, not a Senshin or an Executioner.",neutral,neutral
We're going home.,neutral,joy
And he did.,neutral,anger
She continued running while hugging the child tightly. She didn't look back and boarded Miyu.,neutral,fear
And those were the last words we heard from her.,neutral,neutral
Nabaling ang tingin ni Rin sa katawan ni Akemi. I wasn't sure if the rain was distorting my vision but her expression softened.,neutral,neutral
I walked aimlessly as I tried to take in everything that happened.,neutral,sadness
Nanatili si Mayu kasama ng medical teams nang makabalik siya. They gathered everyone who needed medical attention while Akira stayed with Akemi and Mitsuo.,neutral,neutral
"I was several steps away from the hut when something suddenly appeared in front of me. The next thing I knew, I was already face to face with a Shinigami.",neutral,fear
"Just this once, I am going to help an enemy.",neutral,neutral
Hindi man ako part ng medical department ay kaya kong mag-diagnose kahit papaano. I had been obsessed with physical and weapons training and I received a lot of injuries in the past because of that.,neutral,neutral
Hinanda ko ang mga gamit at agad na tinanggal ang cloak na suot niya. I had to cut his shirt dahil dumikit na iyon sa sugat niya.,neutral,neutral
Bigla naman siyang naglakad patungo sa pintuan kaya agad kong humarang sa dadaanan niya.,neutral,neutral
"I wasn't expecting any answer from him. At okay lang din kung hindi niya sagutin dahil technically, we were enemies.",neutral,neutral
Sinubukan kong bumangon pero may nahagip ang mga mata ko. I turned to my bed and almost yelped when I saw someone lying there. Ilang segundo akong napatigil at napatitig doon.,neutral,neutral
Pagdating ko sa campus ay nakita ko kaagad ang ilang staffs ng Medical Department sa labas. They were busy transporting the injured. Paniguradong karamihan sa kanila ay hindi pa nakakapagpahinga matapos ang nangyari.,neutral,neutral
Nang makarating kami sa harapan ng bahay niya ay tinapik ko ang balikat niya.,neutral,neutral
Dinala naman namin si Akemi sa grassland at nagsimula kaming maghukay. We placed her casket under the ground and made a simple cross from thick tree stems.,neutral,neutral
Chineck ko ang oras at 6 A.M. pa lang. Tumayo ako at dahan-dahang lumabas mula sa cabin. I activated all barriers and alarm systems to prevent any problems.,neutral,neutral
Muli siyang tumingin sa elders at nagulat ako nang sinugatan niya ang kamay niya. He splattered his blood onto them and on the pavement.,neutral,neutral
"This time, I wouldn't let anyone hurt any of them.",neutral,neutral
"This time, I'd make sure they would live the life they deserve.",neutral,neutral
Naghintay ako ng ilan pang minuto at mukhang nawalan na ng interes ang oso. Nakahinga ako nang maluwag nang tuluyan na itong umalis.,neutral,fear
Buti na lang at may natira pa akong bandages kaya agad kong nilinis at tinakpan ang mga sugat na natamo ko mula sa Green's Bane. I checked the Shinigami but he was still unconscious.,neutral,neutral
Pagkatapos ng nangyari kahapon ay nanatili lang siya rito. Facing the Shima head must have been frightening but he did well.,neutral,neutral
That guy was finally awake.,neutral,neutral
Dahil hindi ko siya madala sa Medical Department ay hindi ko alam kung papaano matitingnan ang internal organs niya.,neutral,neutral
"""Gusto mo ba siyang makita?"" tanong ko at marahan siyang tumango. ""Then get well. Once you can move again, I'll bring you to her. Pwede ka na ring umalis pagkatapos.""",neutral,fear
He gave me a dirty look and his eyebrows almost became one. Asar-talo pala. Feeling ko tuloy kaharap ko sina Hideo at Mitsuo . . .,neutral,neutral
Now I have another person to take care of. What a life.,neutral,joy
That was right. I was still weak. I needed to train more.,neutral,neutral
"Agad akong tumalon papunta sa isang puno nang sumugod iyon sa akin. It was fast and agile and if I was just a second late, my foot would have been torn apart by its teeth and powerful jaws",neutral,neutral
Nasa bahay ako ngayon ni Mayu. Hiroshi was with Reina and Hayate kaya mas sumakit ang ulo ko. Buti na lang at nandito rin si Akira para tumulong pero dagdag din sa babantayan si Vivien. Ugh. Ang daming bata.,neutral,neutral
Pagkatapos kong magluto ay inilapag ko sa tabi niya ang share niya. We quietly ate as thoughts lingered in my head.,neutral,neutral
"""Oo nga. May bahay ka naman sa village,"" added Akira. ""Ang layu-layo mo tuloy.""",neutral,sadness
"Two weeks ago, napag-alaman namin na wala na sa campus sina Sir Kyo at Sir Tora. According to Hideo, there was a council meeting involving all the administrative divisions that day.",neutral,neutral
"For sure, pinag-usapan si Rainie.",neutral,sadness
"Tumayo ako at pumunta sa kusina para magluto. Tamang-tama, may itinuro sa akin si Mayu noong nakaraan. I hope I could do it right.",neutral,neutral
Halos umikot ang mga mata ko nang marinig ko iyon mula kay Sir. Paano ba naman kasi ay siya ang naka-assign para mag-train at monitor sa akin bilang teacher.,neutral,neutral
"In-explain niya sa akin na nawala ako sa radar nila pagkapasok ko pa lang sa hallway. I didn't know that the suit was equipped with a tracker. They tried tugging the rope, too, but I wasn't responding. Hindi ko naman iyon naramdaman noong nandoon ako.",neutral,neutral
"""Ayaw kong magkaroon ng utang na loob sa'yo,"" dagdag niya.",neutral,neutral
"He stared at me for several seconds before answering. ""Kid.""",neutral,neutral
"""How was it?"" tanong ko matapos muling maglakad papasok sa hallway.",neutral,neutral
"Bumangon naman siya at humarap sa akin. ""So, kailan ka pala magsisimula sa pagtuturo, Ma'am?""",neutral,neutral
Lumabas ako mula sa room at naglakad palabas ng building. Mamayang hapon pa naman ang next class ko kaya may time ako para magpahinga.,neutral,neutral
"""Malamang,"" sagot ko naman. ""Mukha siguro akong ewan kanina.""",neutral,neutral
Lumabas ako mula sa office niya at nakita ko namang naglalakad papunta sa class nila sina Reina.,neutral,neutral
Napalingon agad ako nang marinig ko ang boses ni Mayu. I walked toward her direction and I noticed that she was loading some stuff into Miyu. Pumasok kaming dalawa sa loob at namangha ako sa naging improvement nito.,neutral,neutral
"Halos mapailing na lang ako dahil hindi man lang nag-ingat ang mga ito kung sakaling may makakita sa kanila. Humdrums are, indeed, careless and quite soft in the head. Everything became easier after that. I only needed to follow him to their hideout.",neutral,neutral
"""You're okay now. Let's go back to your father.""",neutral,neutral
"Ngayong nasa itaas ako ng puno ay pwede kong makita kung saan banda sila magbubukas, pero may blind spots din sa posisyon ko.",neutral,neutral
Nang makita ko ang mukha niya sa harapan ko ay itinulak ko siya kahit na halos wala nang lakas ang mga kamay ko.,neutral,fear
Napatingin ako sa direksyon niya. He had already removed the hood from his head and the cloth covering his face.,neutral,neutral
Hindi na ako nagtanong pa at dumiretso sa kotse. Kid disappeared from my sight but I had no time to see if he was still around.,neutral,neutral
"Makita ko lang sila, okay lang na hindi ako makagalaw ng ilang araw o buwan.",neutral,neutral
Naglakad ako palayo sa gubat pero napahinto ako nang naramdaman ko ang paghawak ni Hideo sa braso ko.,neutral,neutral
A council of war was immediately held in the Council House. The Elders wanted our injuries treated but Hideo and I declined.,neutral,neutral
"""Magkikita pa naman tayo.""",neutral,neutral
"""In that state?"" tanong niya.",neutral,fear
Muli kaming tumahimik at hinayaan ko siya sa ginagawa niya. I just stared vacantly as my mind drifted back to the time I was still with Mayu and Akira.,neutral,neutral
"Tumayo ako sa harap ng salamin. I always wore my hair in pigtails because I wanted to look young and I was a kid at heart. This time, I tied it in a low ponytail. This time, I had to grow up and be matured enough to support Hideo.",neutral,neutral
Naglakad ako patungo sa Council House at naroon ang ilang Elders. We were supposed to wait for Hideo but I wanted to give him more time to mourn and lessen his burden.,neutral,neutral
"""It seems like the security of our borders has been compromised,"" Sir Arai remarked, breaking the silence.",neutral,neutral
Nang makaalis siya ay agad akong nagpalit ng damit. I stood in front of the mirror and tied my hair in a ponytail.,neutral,neutral
"Sa nagdaang mga taon ay itinuon ko ang atensyon ko sa pagtuturo. I wanted to help the kids learn about basic techniques in fighting to survive in the real world. I never wanted them to experience what we had gone through. If they strive to be strong, they could protect themselves and their loved ones.",neutral,neutral
"Pagkatapos naming mag-training ay bumalik kami sa kanya-kanya naming bahay. Well, I went to my cabin instead. I was more comfortable here than my house in the campus.",neutral,neutral
"""Are you sure you want to take this mission?"" tanong ni Hideo kay Naomi nang makarating kami sa office niya.",neutral,neutral
Umalis si Naomi para pumunta sa Intelligence Department. She wanted to do it right away. Naiwan naman kaming dalawa ni Hideo at napatingin siya sa akin.,neutral,neutral
At iyon na nga ang nangyari.,neutral,neutral
Nang makabalik si Rainie sa hallway ay nakahinga rin nang maluwag si Hideo. He was ready to risk everything to save her but thank goodness Demi was with her. Kinailangan pa naming pigilan si Hideo para lang hindi siya sumugod mag-isa pero naiintindihan ko siya.,neutral,neutral
Hindi na siya nakipagtalo pa at agad na tumakbo nang tinawag siya ni Dr. Miwako. The day was already breaking when we finished our tasks. I was so tired that I was already half-dragging my body back to my cabin.,neutral,neutral
wala na siya roon.,neutral,neutral
"""Hindi naman malala ang mga nakuha ko,"" I replied.",neutral,neutral
"Bigla naman siyang tumitig sa akin. It was the kind of stare that you wouldn't want to see from her. The kind that could make you feel naked, because you knew she could read your mind despite desperately hiding your thoughts from her.",neutral,neutral
Hindi ko na namalayan ang panahon sa sobrang daming ginagawa lalo na sa administrative stuff. I just realized it was already Christmas Eve when Naomi visited me and told me that we would be having a campfire in the campus.,neutral,sadness
He was silent for a minute. I tried reading his expression and mind but I didn't get anything. He rested his head on the headboard and stared vacantly at the ceiling.,neutral,neutral
"Iyon pala ay hindi siya makaalis sa cabin dahil activated na ulit ang detectors sa gubat. It seemed like last night, somehow, most of the markers and detectors around this area were turned off and that was how he got in easily.",neutral,neutral
"Nandito kami ngayon sa sarili kong storage room sa armory. Naomi said she wanted to get back her senses in fighting. Of course, she wouldn't give up her fan but I thought it would be better to have additional weapons.",neutral,fear
"""Oh, I know what you mean.""",neutral,anger
"Pagkatapos naming mag-training ay bumalik na rin kami sa kani-kaniya naming trabaho. Speaking of the devil, I wonder how he's doing.",neutral,neutral
"""They're asking me to return to the base,"" he said.",neutral,fear
"""Do you want to know the answer?"" dagdag niya.",neutral,neutral
"Nagtanong ako tungkol sa second floor at puro kwarto pala ang nandoon. One was his room, the other one empty and the largest was his man cave. It turned out it was his workspace for Shinigami matters.",neutral,neutral
Pinanood ko lang siyang umakyat sa hagdan. It took me several seconds before deciding to tell him what I wanted to say earlier,neutral,neutral
"Nagpaalam sila sa akin matapos ang ilang minuto. Few moments later, Naomi emerged from the southern part of the forest.",neutral,neutral
"Sabay kaming pumunta sa campus pero dumaan muna kami sa Intelligence division. She brought the relics and documents she recovered from a fallen village. From what I remember, that was the hometown of the Hansen clan who got annihilated by Shinigamis.",neutral,neutral
Naabutan namin doon sina Hayate at Hiroshi na mukhang may bago na namang dinedevelop na device. It turned out Hiroshi was asking for advice regarding teleportation devices.,neutral,neutral
"I think they were trying to replicate that Custos technology they had seen before to see the possibility of ""human teleportation.""",neutral,fear
Sumandal na lang ako sa pader habang nag-uusap silang tatlo at nagbibigay ng ilang advice si Naomi.,neutral,neutral
Napailing na lang ako nang marinig ko 'yon. Hindi ko naman sinabing agad agad siyang mag-training pero isa rin itong si Reina na hindi alam ang salitang moderation.,neutral,neutral
"Pagkatapos namin doon ay dumiretso kami sa bahay niya. The house was empty when we arrived and I told him Nathan went to Shima, according to Rainie.",neutral,neutral
Habang hinihintay ko siyang matapos ay chineck ko rin ang schedule ko para sa ilang missions na nakapila para sa akin.,neutral,neutral
Pakiramdam ko talaga ay ginagantihan lang ako nito sa lahat ng pang-aasar ko sa kanya noong mga bata pa kami.,neutral,neutral
And that led me to live in that place.,neutral,sadness
"Magtatanong pa sana ako pero pumikit na siya. Few seconds later, he was already asleep.",neutral,neutral
"We stayed like that for three hours. I fell asleep for a while, too, but woke up when he bolted upright.",neutral,neutral
"Since then, he was actively trying to persuade the council to end the bad blood between the Senshin and Shinigami tribes and start to build the bridges again.",neutral,neutral
"""I heard that,"" she commented.",neutral,fear
"""Totoo naman,"" I returned.",neutral,joy
"""Hmm, wala na for this week.""",neutral,sadness
Sakto namang pagbangon ko ay nakita kong pumasok si Hideo.,neutral,fear
Agad akong bumaba at ang naabutan ko na lang ay ang pagkaing nakahanda sa lamesa.,neutral,neutral
"Without second thoughts, I ate the food he prepared and took a bath afterward. Medyo um-okay na rin ang pakiramdam ko matapos makatulog at makakain.",neutral,neutral
Nasaan kaya siya?,neutral,anger
Ah. He must be with Darwin.,neutral,anger
Kinuha ko ang first aid kit at agad na nilinis ang sugat niya.,neutral,neutral
"""How is he?"" tanong ko.",neutral,anger
"""We just drank . . .""",neutral,anger
"""Really? I didn't notice.""",neutral,neutral
"""Uhh . . . so what were they doing here?"" tanong ko habang nakatingin sa bandang bintana.",neutral,fear
"""They're asking me to return to the base,"" he said.",neutral,fear
Bumalik ang tingin ko sa kanya. His face turned serious and it looked like he was contemplating about that.,neutral,fear
"""So, you'll return there?"" tanong ko.",neutral,sadness
"""Huh?""",neutral,anger
"""Sure,"" he replied.",neutral,neutral
Agad kong binago ang topic at nagtanong muli tungkol sa cabin dahil ayaw kong maging mabigat ang atmosphere.,neutral,neutral
"""Nasaan na siya?""",neutral,anger
And he did.,neutral,anger
Hinatak ko ang upuan sa gilid at umupo sa harapan niya.,neutral,neutral
"Agad akong tumayo at naglakad papunta sa kusina. 'Yeah, yeah. Dahil mabait ako, ipagluluto kita.'",neutral,neutral
"""O, eto,"" sabay lapag ko ng pagkain sa tabi niya.",neutral,anger
"Natawa naman ako sa sinabi niya. ""Siguro? 'Yon lang din ang alam ko.""",neutral,joy
